patient_id,user_id,ear,attempt_id,site,f1_2khz,f1_3khz,f1_4khz,f1_5khz,f2_2khz,f2_3khz,f2_4khz,f2_5khz,oae_2khz,oae_3khz,oae_4khz,oae_5khz,2khz_selected,3khz_selected,4khz_selected,5khz_selected,2khz_f1_sig,3khz_f1_sig,4khz_f1_sig,5khz_f1_sig,2khz_f1_noise,3khz_f1_noise,4khz_f1_noise,5khz_f1_noise,2khz_f1_snr,3khz_f1_snr,4khz_f1_snr,5khz_f1_snr,2khz_f1_snr_result,3khz_f1_snr_result,4khz_f1_snr_result,5khz_f1_snr_result,2khz_f2_sig,3khz_f2_sig,4khz_f2_sig,5khz_f2_sig,2khz_f2_noise,3khz_f2_noise,4khz_f2_noise,5khz_f2_noise,2khz_f2_snr,3khz_f2_snr,4khz_f2_snr,5khz_f2_snr,2khz_f2_snr_result,3khz_f2_snr_result,4khz_f2_snr_result,5khz_f2_snr_result,sig_2khz,sig_3khz,sig_4khz,sig_5khz,noise_2khz,noise_3khz,noise_4khz,noise_5khz,snr_2khz,snr_3khz,snr_4khz,snr_5khz,2khz_result,3khz_result,4khz_result,5khz_result,test_result,test_complete,ambient_noise_2khz,ambient_noise_3khz,ambient_noise_4khz,ambient_noise_5khz,ambient_noise_result_2khz,ambient_noise_result_3khz,ambient_noise_result_4khz,ambient_noise_result_5khz,ambient_noise_result,tone_length,check_fit_val,check_fit_thresh
8,Name,left,1,KNH,1557,2377,3196,4016,1900,2900,3900,4900,1214,1854,2492,3132,true,true,true,true,155.1931257029199,159.69714227388374,160.05854649754608,154.0631071696687,109.97872284854701,101.18521888565218,87.52171651175992,90.70463870315842,45.21440285437289,58.511923388231565,72.53682998578616,63.35846846651029,false,false,true,true,146.49614339276707,163.17251400623104,151.8170724409735,151.2817656388912,100.41439635221292,88.93916267515458,74.78388671524634,87.91233194040613,46.08174704055415,74.23335133107646,77.03318572572717,63.369433698485054,false,true,true,true,97.1838176508833,96.84667092827613,97.64420405736479,84.59990274709855,92.87137570200939,93.81686867292717,94.10657438340331,83.37551558017451,4.312441948873911,3.0298022553489545,3.537629673961476,1.2243871669240463,false,false,false,false,Refer,true,102.1089088044192,89.8956394582965,92.61560173726394,107.63234394837413,ok, ok, ok, ok, noise-pass,6,284,130