patient_id,user_id,ear,attempt_id,site,f1_2khz,f1_3khz,f1_4khz,f1_5khz,f2_2khz,f2_3khz,f2_4khz,f2_5khz,oae_2khz,oae_3khz,oae_4khz,oae_5khz,2khz_selected,3khz_selected,4khz_selected,5khz_selected,2khz_f1_sig,3khz_f1_sig,4khz_f1_sig,5khz_f1_sig,2khz_f1_noise,3khz_f1_noise,4khz_f1_noise,5khz_f1_noise,2khz_f1_snr,3khz_f1_snr,4khz_f1_snr,5khz_f1_snr,2khz_f1_snr_result,3khz_f1_snr_result,4khz_f1_snr_result,5khz_f1_snr_result,2khz_f2_sig,3khz_f2_sig,4khz_f2_sig,5khz_f2_sig,2khz_f2_noise,3khz_f2_noise,4khz_f2_noise,5khz_f2_noise,2khz_f2_snr,3khz_f2_snr,4khz_f2_snr,5khz_f2_snr,2khz_f2_snr_result,3khz_f2_snr_result,4khz_f2_snr_result,5khz_f2_snr_result,sig_2khz,sig_3khz,sig_4khz,sig_5khz,noise_2khz,noise_3khz,noise_4khz,noise_5khz,snr_2khz,snr_3khz,snr_4khz,snr_5khz,2khz_result,3khz_result,4khz_result,5khz_result,test_result,test_complete,ambient_noise_2khz,ambient_noise_3khz,ambient_noise_4khz,ambient_noise_5khz,ambient_noise_result_2khz,ambient_noise_result_3khz,ambient_noise_result_4khz,ambient_noise_result_5khz,ambient_noise_result,tone_length,check_fit_val,check_fit_thresh
5,Name,left,2,KNH,1557,2377,3196,4016,1900,2900,3900,4900,1214,1854,2492,3132,true,true,true,true,153.40093861824573,152.80754971163606,151.14891546721077,151.73517425177656,94.60858137931248,95.27536261437763,89.48000889536304,91.93177656898607,58.79235723893325,57.53218709725843,61.66890657184773,59.80339768279049,false,false,true,false,147.20119862758258,154.8812437811104,144.05546771515066,147.59759295762493,90.22835413156554,97.21784484147724,81.74549951072643,87.81331775203596,56.972844496017046,57.66339893963317,62.30996820442422,59.78427520558897,true,true,true,true,100.75761265755425,91.42000094769591,93.17334052124647,83.88247080138296,94.49365097831888,87.31542052846831,91.83510025938645,77.40671981774565,6.263961679235365,4.104580419227602,1.3382402618600224,6.475750983637312,true,false,false,true,Refer,true,105.22559691131222,113.68737641585984,118.30874651750062,115.4912904290666,ok, ok, ok, ok, noise-pass,6,156,130