patient_id,user_id,ear,attempt_id,site,f1_2khz,f1_3khz,f1_4khz,f1_5khz,f2_2khz,f2_3khz,f2_4khz,f2_5khz,oae_2khz,oae_3khz,oae_4khz,oae_5khz,2khz_selected,3khz_selected,4khz_selected,5khz_selected,2khz_f1_sig,3khz_f1_sig,4khz_f1_sig,5khz_f1_sig,2khz_f1_noise,3khz_f1_noise,4khz_f1_noise,5khz_f1_noise,2khz_f1_snr,3khz_f1_snr,4khz_f1_snr,5khz_f1_snr,2khz_f1_snr_result,3khz_f1_snr_result,4khz_f1_snr_result,5khz_f1_snr_result,2khz_f2_sig,3khz_f2_sig,4khz_f2_sig,5khz_f2_sig,2khz_f2_noise,3khz_f2_noise,4khz_f2_noise,5khz_f2_noise,2khz_f2_snr,3khz_f2_snr,4khz_f2_snr,5khz_f2_snr,2khz_f2_snr_result,3khz_f2_snr_result,4khz_f2_snr_result,5khz_f2_snr_result,sig_2khz,sig_3khz,sig_4khz,sig_5khz,noise_2khz,noise_3khz,noise_4khz,noise_5khz,snr_2khz,snr_3khz,snr_4khz,snr_5khz,2khz_result,3khz_result,4khz_result,5khz_result,test_result,test_complete,ambient_noise_2khz,ambient_noise_3khz,ambient_noise_4khz,ambient_noise_5khz,ambient_noise_result_2khz,ambient_noise_result_3khz,ambient_noise_result_4khz,ambient_noise_result_5khz,ambient_noise_result,tone_length,check_fit_val,check_fit_thresh
5,Name,left,3,KNH,1557,2377,3196,4016,1900,2900,3900,4900,1214,1854,2492,3132,true,true,true,true,158.23354107897916,159.64776829135238,154.11320562302154,154.60581666922883,97.38047415017108,88.34815982447559,101.50860641431825,77.9833896088751,60.853066928808076,71.29960846687679,52.60459920870329,76.62242706035373,true,true,false,true,151.78650898614956,161.6229344757386,147.04462875332754,150.47282252931512,92.20843461830187,88.52385501349187,94.27272712298993,75.08413219627172,59.57807436784769,73.09907946224672,52.77190163033761,75.3886903330434,true,true,true,true,99.6852110804887,97.1984035174114,97.60150087219492,59.56477924723472,91.00018996344798,87.9460276433713,95.74488972328125,57.93315701299272,8.68502111704072,9.252375874040112,1.8566111489136716,1.6316222342419948,true,true,false,false,Refer,true,92.96790290239794,101.08675345127745,117.28827294639042,92.76465109197558,ok, ok, ok, ok, noise-pass,6,170,130