patient_id,user_id,ear,attempt_id,site,f1_2khz,f1_3khz,f1_4khz,f1_5khz,f2_2khz,f2_3khz,f2_4khz,f2_5khz,oae_2khz,oae_3khz,oae_4khz,oae_5khz,2khz_selected,3khz_selected,4khz_selected,5khz_selected,2khz_f1_sig,3khz_f1_sig,4khz_f1_sig,5khz_f1_sig,2khz_f1_noise,3khz_f1_noise,4khz_f1_noise,5khz_f1_noise,2khz_f1_snr,3khz_f1_snr,4khz_f1_snr,5khz_f1_snr,2khz_f1_snr_result,3khz_f1_snr_result,4khz_f1_snr_result,5khz_f1_snr_result,2khz_f2_sig,3khz_f2_sig,4khz_f2_sig,5khz_f2_sig,2khz_f2_noise,3khz_f2_noise,4khz_f2_noise,5khz_f2_noise,2khz_f2_snr,3khz_f2_snr,4khz_f2_snr,5khz_f2_snr,2khz_f2_snr_result,3khz_f2_snr_result,4khz_f2_snr_result,5khz_f2_snr_result,sig_2khz,sig_3khz,sig_4khz,sig_5khz,noise_2khz,noise_3khz,noise_4khz,noise_5khz,snr_2khz,snr_3khz,snr_4khz,snr_5khz,2khz_result,3khz_result,4khz_result,5khz_result,test_result,test_complete,ambient_noise_2khz,ambient_noise_3khz,ambient_noise_4khz,ambient_noise_5khz,ambient_noise_result_2khz,ambient_noise_result_3khz,ambient_noise_result_4khz,ambient_noise_result_5khz,ambient_noise_result,tone_length,check_fit_val,check_fit_thresh
10,Name,left,2,KNH,1557,2377,3196,4016,1900,2900,3900,4900,1214,1854,2492,3132,true,true,true,true,160.05336425949872,163.26617812788842,160.80007142173224,159.9039586439226,88.30093940516059,91.72026816087157,98.13775266400968,84.31276957207514,71.75242485433813,71.54590996701685,62.66231875772256,75.59118907184747,true,true,true,true,153.57953861793033,160.49890562001826,153.35204679866487,156.63206048749342,82.56214012658653,89.28229797197956,90.66335264411953,81.23363863726011,71.0173984913438,71.2166076480387,62.688694154545345,75.3984218502333,true,true,true,true,85.2003732546192,86.0631437366442,71.49708573344644,63.31217281874395,84.19825611929963,83.92244903631884,71.10634252471465,58.93962219574953,1.0021171353195655,2.140694700325355,0.39074320873179147,4.372550622994424,false,false,false,false,Refer,true,94.36319821504762,102.18501898964871,92.04590959390912,90.7406904170847,ok, ok, ok, ok, noise-pass,6,273,130