patient_id,user_id,ear,attempt_id,site,f1_2khz,f1_3khz,f1_4khz,f1_5khz,f2_2khz,f2_3khz,f2_4khz,f2_5khz,oae_2khz,oae_3khz,oae_4khz,oae_5khz,2khz_selected,3khz_selected,4khz_selected,5khz_selected,2khz_f1_sig,3khz_f1_sig,4khz_f1_sig,5khz_f1_sig,2khz_f1_noise,3khz_f1_noise,4khz_f1_noise,5khz_f1_noise,2khz_f1_snr,3khz_f1_snr,4khz_f1_snr,5khz_f1_snr,2khz_f1_snr_result,3khz_f1_snr_result,4khz_f1_snr_result,5khz_f1_snr_result,2khz_f2_sig,3khz_f2_sig,4khz_f2_sig,5khz_f2_sig,2khz_f2_noise,3khz_f2_noise,4khz_f2_noise,5khz_f2_noise,2khz_f2_snr,3khz_f2_snr,4khz_f2_snr,5khz_f2_snr,2khz_f2_snr_result,3khz_f2_snr_result,4khz_f2_snr_result,5khz_f2_snr_result,sig_2khz,sig_3khz,sig_4khz,sig_5khz,noise_2khz,noise_3khz,noise_4khz,noise_5khz,snr_2khz,snr_3khz,snr_4khz,snr_5khz,2khz_result,3khz_result,4khz_result,5khz_result,test_result,test_complete,ambient_noise_2khz,ambient_noise_3khz,ambient_noise_4khz,ambient_noise_5khz,ambient_noise_result_2khz,ambient_noise_result_3khz,ambient_noise_result_4khz,ambient_noise_result_5khz,ambient_noise_result,tone_length,check_fit_val,check_fit_thresh
9,Name,right,1,KNH,1557,2377,3196,4016,1900,2900,3900,4900,1214,1854,2492,3132,true,true,true,true,156.23191655422045,163.51171697261572,159.26012636822716,153.58049489905977,95.09328666489213,91.32254345193246,90.59958921365252,84.62358835824057,61.138629889328314,72.18917352068325,68.66053715457464,68.9569065408192,true,true,true,true,148.9293155064057,157.50346759645342,150.04271012287438,154.65655820510312,89.9438369282551,84.99133613869589,81.39223716070804,85.63184624679367,58.98547857815059,72.51213145775753,68.65047296216635,69.02471195830945,true,true,true,true,99.09989458426693,100.41068131979108,69.46859573239458,78.0247479938528,94.1893821327678,96.26989050457992,62.47809491656451,57.75672169431423,4.91051245149913,4.140790815211162,6.990500815830067,20.26802629953857,false,false,true,true,Refer,true,100.19520710404504,101.12141528659576,88.07126769350324,98.9210229093943,ok, ok, ok, ok, noise-pass,6,265,130