patient_id,user_id,ear,attempt_id,site,f1_2khz,f1_3khz,f1_4khz,f1_5khz,f2_2khz,f2_3khz,f2_4khz,f2_5khz,oae_2khz,oae_3khz,oae_4khz,oae_5khz,2khz_selected,3khz_selected,4khz_selected,5khz_selected,2khz_f1_sig,3khz_f1_sig,4khz_f1_sig,5khz_f1_sig,2khz_f1_noise,3khz_f1_noise,4khz_f1_noise,5khz_f1_noise,2khz_f1_snr,3khz_f1_snr,4khz_f1_snr,5khz_f1_snr,2khz_f1_snr_result,3khz_f1_snr_result,4khz_f1_snr_result,5khz_f1_snr_result,2khz_f2_sig,3khz_f2_sig,4khz_f2_sig,5khz_f2_sig,2khz_f2_noise,3khz_f2_noise,4khz_f2_noise,5khz_f2_noise,2khz_f2_snr,3khz_f2_snr,4khz_f2_snr,5khz_f2_snr,2khz_f2_snr_result,3khz_f2_snr_result,4khz_f2_snr_result,5khz_f2_snr_result,sig_2khz,sig_3khz,sig_4khz,sig_5khz,noise_2khz,noise_3khz,noise_4khz,noise_5khz,snr_2khz,snr_3khz,snr_4khz,snr_5khz,2khz_result,3khz_result,4khz_result,5khz_result,test_result,test_complete,ambient_noise_2khz,ambient_noise_3khz,ambient_noise_4khz,ambient_noise_5khz,ambient_noise_result_2khz,ambient_noise_result_3khz,ambient_noise_result_4khz,ambient_noise_result_5khz,ambient_noise_result,tone_length,check_fit_val,check_fit_thresh
5,Name,left,4,KNH,1557,2377,3196,4016,1900,2900,3900,4900,1214,1854,2492,3132,true,true,true,true,146.85091720381826,157.85224229713972,153.1870836932295,149.97533464122205,89.28922791596753,104.53730925519571,101.5870791294153,85.17668363989658,57.561689287850726,53.314933041944016,51.60000456381421,64.79865100132547,false,false,false,true,137.83755771458485,158.64640187619324,146.18741915169252,146.3477537226787,80.31321592036811,103.9201061363422,94.50958333122404,82.36144130851594,57.52434179421674,54.72629573985104,51.67783582046849,63.98631241416277,true,true,true,true,67.46954073776689,109.76365974392478,103.68896773812581,90.64661307843824,67.15901037778974,102.6310729867131,99.47501639034834,88.6801156169959,0.3105303599771503,7.1325867572116834,4.213951347777467,1.96649746144233,false,true,false,false,Refer,true,76.13248969120147,117.83263757070793,123.84106736531963,124.5402798679732,ok, ok, noisy, ok, retry,6,167,130