patient_id,user_id,ear,attempt_id,site,f1_2khz,f1_3khz,f1_4khz,f1_5khz,f2_2khz,f2_3khz,f2_4khz,f2_5khz,oae_2khz,oae_3khz,oae_4khz,oae_5khz,2khz_selected,3khz_selected,4khz_selected,5khz_selected,2khz_f1_sig,3khz_f1_sig,4khz_f1_sig,5khz_f1_sig,2khz_f1_noise,3khz_f1_noise,4khz_f1_noise,5khz_f1_noise,2khz_f1_snr,3khz_f1_snr,4khz_f1_snr,5khz_f1_snr,2khz_f1_snr_result,3khz_f1_snr_result,4khz_f1_snr_result,5khz_f1_snr_result,2khz_f2_sig,3khz_f2_sig,4khz_f2_sig,5khz_f2_sig,2khz_f2_noise,3khz_f2_noise,4khz_f2_noise,5khz_f2_noise,2khz_f2_snr,3khz_f2_snr,4khz_f2_snr,5khz_f2_snr,2khz_f2_snr_result,3khz_f2_snr_result,4khz_f2_snr_result,5khz_f2_snr_result,sig_2khz,sig_3khz,sig_4khz,sig_5khz,noise_2khz,noise_3khz,noise_4khz,noise_5khz,snr_2khz,snr_3khz,snr_4khz,snr_5khz,2khz_result,3khz_result,4khz_result,5khz_result,test_result,test_complete,ambient_noise_2khz,ambient_noise_3khz,ambient_noise_4khz,ambient_noise_5khz,ambient_noise_result_2khz,ambient_noise_result_3khz,ambient_noise_result_4khz,ambient_noise_result_5khz,ambient_noise_result,tone_length,check_fit_val,check_fit_thresh
2,Name,left,1,KNH,1557,2377,3196,4016,1900,2900,3900,4900,1214,1854,2492,3132,true,true,true,true,162.26492731671345,164.13708286386228,159.27039766470358,154.4193650490909,80.28444807216069,74.76289560383944,76.45597896575752,73.54089674740507,81.98047924455277,89.37418726002284,82.81441869894606,80.87846830168584,true,true,true,true,150.9833431515091,157.75474970898787,149.44889080876882,155.2118035696721,77.26349464756854,68.36891656134287,69.43493522976878,75.90522442987874,73.71984850394057,89.385833147645,80.01395557900004,79.30657913979336,true,true,true,true,91.06291064034588,94.41516345277833,72.33203555452972,70.2385679622371,77.93005549547802,68.0619754613915,65.70685862400202,65.46725687350519,13.132855144867861,26.353187991386832,6.625176930527701,4.771311088731906,true,true,true,false,Pass,true,81.94055219693264,80.76782783298171,89.29934856229075,89.86332214091203,ok, ok, ok, ok, noise-pass,6,84,130