patient_id,user_id,ear,attempt_id,site,f1_2khz,f1_3khz,f1_4khz,f1_5khz,f2_2khz,f2_3khz,f2_4khz,f2_5khz,oae_2khz,oae_3khz,oae_4khz,oae_5khz,2khz_selected,3khz_selected,4khz_selected,5khz_selected,2khz_f1_sig,3khz_f1_sig,4khz_f1_sig,5khz_f1_sig,2khz_f1_noise,3khz_f1_noise,4khz_f1_noise,5khz_f1_noise,2khz_f1_snr,3khz_f1_snr,4khz_f1_snr,5khz_f1_snr,2khz_f1_snr_result,3khz_f1_snr_result,4khz_f1_snr_result,5khz_f1_snr_result,2khz_f2_sig,3khz_f2_sig,4khz_f2_sig,5khz_f2_sig,2khz_f2_noise,3khz_f2_noise,4khz_f2_noise,5khz_f2_noise,2khz_f2_snr,3khz_f2_snr,4khz_f2_snr,5khz_f2_snr,2khz_f2_snr_result,3khz_f2_snr_result,4khz_f2_snr_result,5khz_f2_snr_result,sig_2khz,sig_3khz,sig_4khz,sig_5khz,noise_2khz,noise_3khz,noise_4khz,noise_5khz,snr_2khz,snr_3khz,snr_4khz,snr_5khz,2khz_result,3khz_result,4khz_result,5khz_result,test_result,test_complete,ambient_noise_2khz,ambient_noise_3khz,ambient_noise_4khz,ambient_noise_5khz,ambient_noise_result_2khz,ambient_noise_result_3khz,ambient_noise_result_4khz,ambient_noise_result_5khz,ambient_noise_result,tone_length,check_fit_val,check_fit_thresh
8,Name,left,3,KNH,1557,2377,3196,4016,1900,2900,3900,4900,1214,1854,2492,3132,true,true,true,true,153.9804829402718,163.91277903110873,159.26257425969038,157.26258403262636,86.5207080448158,82.44566936508541,88.64954390166173,68.60184145493788,67.459774895456,81.46710966602332,70.61303035802865,88.66074257768848,true,true,true,true,146.82055941882774,162.43081054418792,150.9307581533248,154.44394464961144,82.641866039754,78.70155234531231,80.15590451824222,69.86970998026878,64.17869337907374,83.72925819887561,70.77485363508258,84.57423466934266,true,true,true,true,92.12893597901194,80.22675850136994,79.24147998237794,75.89550561526413,86.29162976276127,72.12323604037265,75.27592588865298,75.28966640809284,5.837306216250667,8.103522460997297,3.965554093724961,0.6058392071712859,false,true,false,false,Refer,true,101.41700713466035,89.62470199157931,97.15816952202671,86.40746534075086,ok, ok, ok, ok, noise-pass,6,303,130