patient_id,user_id,ear,attempt_id,site,f1_2khz,f1_3khz,f1_4khz,f1_5khz,f2_2khz,f2_3khz,f2_4khz,f2_5khz,oae_2khz,oae_3khz,oae_4khz,oae_5khz,2khz_selected,3khz_selected,4khz_selected,5khz_selected,2khz_f1_sig,3khz_f1_sig,4khz_f1_sig,5khz_f1_sig,2khz_f1_noise,3khz_f1_noise,4khz_f1_noise,5khz_f1_noise,2khz_f1_snr,3khz_f1_snr,4khz_f1_snr,5khz_f1_snr,2khz_f1_snr_result,3khz_f1_snr_result,4khz_f1_snr_result,5khz_f1_snr_result,2khz_f2_sig,3khz_f2_sig,4khz_f2_sig,5khz_f2_sig,2khz_f2_noise,3khz_f2_noise,4khz_f2_noise,5khz_f2_noise,2khz_f2_snr,3khz_f2_snr,4khz_f2_snr,5khz_f2_snr,2khz_f2_snr_result,3khz_f2_snr_result,4khz_f2_snr_result,5khz_f2_snr_result,sig_2khz,sig_3khz,sig_4khz,sig_5khz,noise_2khz,noise_3khz,noise_4khz,noise_5khz,snr_2khz,snr_3khz,snr_4khz,snr_5khz,2khz_result,3khz_result,4khz_result,5khz_result,test_result,test_complete,ambient_noise_2khz,ambient_noise_3khz,ambient_noise_4khz,ambient_noise_5khz,ambient_noise_result_2khz,ambient_noise_result_3khz,ambient_noise_result_4khz,ambient_noise_result_5khz,ambient_noise_result,tone_length,check_fit_val,check_fit_thresh
9,Name,left,2,KNH,1557,2377,3196,4016,1900,2900,3900,4900,1214,1854,2492,3132,true,true,true,true,152.83336857051953,164.17674426231375,159.19575528693346,153.26951199703575,81.03534847967985,90.8846877969256,82.37581723693474,95.06370514580517,71.79802009083967,73.29205646538814,76.81993804999873,58.20580685123058,true,true,true,false,146.08084765392942,157.8164122031527,149.87275156083442,153.9324613642441,75.04098338480827,84.53774492824442,73.32448190652424,95.72676276402676,71.03986426912115,73.27866727490829,76.54826965431018,58.20569860021733,true,true,true,true,73.68075933010577,82.00720304612615,61.685748309114565,66.78854701444831,64.94503124721525,79.44080655240047,58.66445067157798,64.22128904489233,8.735728082890517,2.5663964937256765,3.021297637536584,2.567257969555982,true,false,false,false,Refer,true,74.13536786457031,92.61915506916272,79.74829687395452,97.88045399358029,ok, ok, ok, ok, noise-pass,6,282,130