patient_id,user_id,ear,attempt_id,site,f1_2khz,f1_3khz,f1_4khz,f1_5khz,f2_2khz,f2_3khz,f2_4khz,f2_5khz,oae_2khz,oae_3khz,oae_4khz,oae_5khz,2khz_selected,3khz_selected,4khz_selected,5khz_selected,2khz_f1_sig,3khz_f1_sig,4khz_f1_sig,5khz_f1_sig,2khz_f1_noise,3khz_f1_noise,4khz_f1_noise,5khz_f1_noise,2khz_f1_snr,3khz_f1_snr,4khz_f1_snr,5khz_f1_snr,2khz_f1_snr_result,3khz_f1_snr_result,4khz_f1_snr_result,5khz_f1_snr_result,2khz_f2_sig,3khz_f2_sig,4khz_f2_sig,5khz_f2_sig,2khz_f2_noise,3khz_f2_noise,4khz_f2_noise,5khz_f2_noise,2khz_f2_snr,3khz_f2_snr,4khz_f2_snr,5khz_f2_snr,2khz_f2_snr_result,3khz_f2_snr_result,4khz_f2_snr_result,5khz_f2_snr_result,sig_2khz,sig_3khz,sig_4khz,sig_5khz,noise_2khz,noise_3khz,noise_4khz,noise_5khz,snr_2khz,snr_3khz,snr_4khz,snr_5khz,2khz_result,3khz_result,4khz_result,5khz_result,test_result,test_complete,ambient_noise_2khz,ambient_noise_3khz,ambient_noise_4khz,ambient_noise_5khz,ambient_noise_result_2khz,ambient_noise_result_3khz,ambient_noise_result_4khz,ambient_noise_result_5khz,ambient_noise_result,tone_length,check_fit_val,check_fit_thresh
5,Name,right,2,KNH,1557,2377,3196,4016,1900,2900,3900,4900,1214,1854,2492,3132,true,true,true,true,156.17339650460008,160.4943636610048,159.26219137497384,155.30777455413647,93.49313965650549,94.24554433402734,97.10458312503975,92.79456618089056,62.68025684809459,66.24881932697745,62.157608249934086,62.51320837324592,true,true,true,true,150.3253774419645,162.55334346242617,152.0904964554555,151.31373677586427,87.3815031194472,94.99868467801957,89.70599415643466,88.90064132171497,62.94387432251729,67.5546587844066,62.38450229902085,62.4130954541493,true,true,true,true,96.41385396316174,99.68768629130614,95.98741030144559,78.8992851641298,84.45119169435253,89.73268157120826,91.03477242763441,74.19040043659905,11.962662268809211,9.955004720097875,4.9526378738111845,4.708884727530744,true,true,false,false,Refer,true,96.13180568888586,106.61870568139497,115.19879739146309,110.22689804179136,ok, ok, ok, ok, noise-pass,6,230,130