patient_id,user_id,ear,attempt_id,site,f1_2khz,f1_3khz,f1_4khz,f1_5khz,f2_2khz,f2_3khz,f2_4khz,f2_5khz,oae_2khz,oae_3khz,oae_4khz,oae_5khz,2khz_selected,3khz_selected,4khz_selected,5khz_selected,2khz_f1_sig,3khz_f1_sig,4khz_f1_sig,5khz_f1_sig,2khz_f1_noise,3khz_f1_noise,4khz_f1_noise,5khz_f1_noise,2khz_f1_snr,3khz_f1_snr,4khz_f1_snr,5khz_f1_snr,2khz_f1_snr_result,3khz_f1_snr_result,4khz_f1_snr_result,5khz_f1_snr_result,2khz_f2_sig,3khz_f2_sig,4khz_f2_sig,5khz_f2_sig,2khz_f2_noise,3khz_f2_noise,4khz_f2_noise,5khz_f2_noise,2khz_f2_snr,3khz_f2_snr,4khz_f2_snr,5khz_f2_snr,2khz_f2_snr_result,3khz_f2_snr_result,4khz_f2_snr_result,5khz_f2_snr_result,sig_2khz,sig_3khz,sig_4khz,sig_5khz,noise_2khz,noise_3khz,noise_4khz,noise_5khz,snr_2khz,snr_3khz,snr_4khz,snr_5khz,2khz_result,3khz_result,4khz_result,5khz_result,test_result,test_complete,ambient_noise_2khz,ambient_noise_3khz,ambient_noise_4khz,ambient_noise_5khz,ambient_noise_result_2khz,ambient_noise_result_3khz,ambient_noise_result_4khz,ambient_noise_result_5khz,ambient_noise_result,tone_length,check_fit_val,check_fit_thresh
7,Name,right,1,KNH,1557,2377,3196,4016,1900,2900,3900,4900,1214,1854,2492,3132,true,true,true,true,160.9852005704084,162.81997324678576,160.3097544666119,158.59328406048493,75.02507785005407,72.87139118570569,71.10817433053579,69.0854801015444,85.96012272035433,89.94858206108007,89.20158013607612,89.50780395894053,true,true,true,true,155.0268175321512,162.31151410745423,153.17546125448706,153.40512231698202,72.47269865201396,72.54688330310346,64.59664411709905,65.71157732636614,82.55411888013724,89.76463080435077,88.57881713738801,87.69354499061588,true,true,true,true,94.82464078172032,88.84391459544716,65.4399889812961,61.00486544380153,67.53597269427426,60.432474084819404,55.77453191862396,50.89832949542401,27.288668087446055,28.411440510627756,9.66545706267214,10.10653594837752,true,true,true,true,Pass,true,78.97457613744027,74.60065075636632,74.14989415356433,78.04401805982722,ok, ok, ok, ok, noise-pass,6,220,130