patient_id,user_id,ear,attempt_id,site,f1_2khz,f1_3khz,f1_4khz,f1_5khz,f2_2khz,f2_3khz,f2_4khz,f2_5khz,oae_2khz,oae_3khz,oae_4khz,oae_5khz,2khz_selected,3khz_selected,4khz_selected,5khz_selected,2khz_f1_sig,3khz_f1_sig,4khz_f1_sig,5khz_f1_sig,2khz_f1_noise,3khz_f1_noise,4khz_f1_noise,5khz_f1_noise,2khz_f1_snr,3khz_f1_snr,4khz_f1_snr,5khz_f1_snr,2khz_f1_snr_result,3khz_f1_snr_result,4khz_f1_snr_result,5khz_f1_snr_result,2khz_f2_sig,3khz_f2_sig,4khz_f2_sig,5khz_f2_sig,2khz_f2_noise,3khz_f2_noise,4khz_f2_noise,5khz_f2_noise,2khz_f2_snr,3khz_f2_snr,4khz_f2_snr,5khz_f2_snr,2khz_f2_snr_result,3khz_f2_snr_result,4khz_f2_snr_result,5khz_f2_snr_result,sig_2khz,sig_3khz,sig_4khz,sig_5khz,noise_2khz,noise_3khz,noise_4khz,noise_5khz,snr_2khz,snr_3khz,snr_4khz,snr_5khz,2khz_result,3khz_result,4khz_result,5khz_result,test_result,test_complete,ambient_noise_2khz,ambient_noise_3khz,ambient_noise_4khz,ambient_noise_5khz,ambient_noise_result_2khz,ambient_noise_result_3khz,ambient_noise_result_4khz,ambient_noise_result_5khz,ambient_noise_result,tone_length,check_fit_val,check_fit_thresh
5,Name,right,1,KNH,1557,2377,3196,4016,1900,2900,3900,4900,1214,1854,2492,3132,true,true,true,true,152.90611433162974,148.12644807305614,149.64549592494626,153.8736094790323,88.12880118902297,82.0195176799105,89.84681420832452,97.54659882059536,64.77731314260677,66.10693039314563,59.79868171662174,56.32701065843693,true,true,false,false,147.70276040102178,150.23973465756563,142.45136637874407,149.8736822207312,85.14780235602517,82.91369488124062,83.00665361504551,93.52783100874882,62.55495804499661,67.32603977632502,59.44471276369856,56.34585121198239,true,true,true,true,95.53231928543163,86.34012543956567,102.11616139969183,83.11989201860312,87.40679853994861,70.29665719939534,97.63816066034951,80.15574424255848,8.125520745483016,16.043468240170327,4.4780007393423205,2.9641477760446406,true,true,false,false,Refer,true,97.37614615077092,93.64594425673228,125.67782830214404,110.44230924745497,ok, ok, ok, ok, noise-pass,6,261,130