patient_id,user_id,ear,attempt_id,site,f1_2khz,f1_3khz,f1_4khz,f1_5khz,f2_2khz,f2_3khz,f2_4khz,f2_5khz,oae_2khz,oae_3khz,oae_4khz,oae_5khz,2khz_selected,3khz_selected,4khz_selected,5khz_selected,2khz_f1_sig,3khz_f1_sig,4khz_f1_sig,5khz_f1_sig,2khz_f1_noise,3khz_f1_noise,4khz_f1_noise,5khz_f1_noise,2khz_f1_snr,3khz_f1_snr,4khz_f1_snr,5khz_f1_snr,2khz_f1_snr_result,3khz_f1_snr_result,4khz_f1_snr_result,5khz_f1_snr_result,2khz_f2_sig,3khz_f2_sig,4khz_f2_sig,5khz_f2_sig,2khz_f2_noise,3khz_f2_noise,4khz_f2_noise,5khz_f2_noise,2khz_f2_snr,3khz_f2_snr,4khz_f2_snr,5khz_f2_snr,2khz_f2_snr_result,3khz_f2_snr_result,4khz_f2_snr_result,5khz_f2_snr_result,sig_2khz,sig_3khz,sig_4khz,sig_5khz,noise_2khz,noise_3khz,noise_4khz,noise_5khz,snr_2khz,snr_3khz,snr_4khz,snr_5khz,2khz_result,3khz_result,4khz_result,5khz_result,test_result,test_complete,ambient_noise_2khz,ambient_noise_3khz,ambient_noise_4khz,ambient_noise_5khz,ambient_noise_result_2khz,ambient_noise_result_3khz,ambient_noise_result_4khz,ambient_noise_result_5khz,ambient_noise_result,tone_length,check_fit_val,check_fit_thresh
16,Name,right,2,Mathare,1557,2377,3196,4016,1900,2900,3900,4900,1214,1854,2492,3132,true,true,true,true,153.7735271273088,163.95318369612608,161.4740406310476,159.77984107922387,97.712273627924,80.98192256333351,70.1729071688859,73.9673967472572,56.06125349938479,82.97126113279256,91.30113346216169,85.81244433196667,false,true,true,true,152.4019289638388,160.18340451294728,154.2141199960583,157.41473172030896,94.828932434408,72.16576166092986,64.16140732040716,75.89159991283927,57.572996529430796,88.01764285201742,90.05271267565112,81.5231318074697,true,true,true,true,103.99734655490838,87.13604003249002,80.59695364172286,66.54245013039227,98.21963336582628,83.55708427278499,74.79775086376164,65.59989084964077,5.7777131890820925,3.5789557597050248,5.799202777961227,0.942559280751496,false,false,false,false,Refer,true,106.07829368662395,97.72311685067949,97.27674025773221,105.61567835695726,ok, ok, ok, ok, noise-pass,6,137,130