patient_id,user_id,ear,attempt_id,site,f1_2khz,f1_3khz,f1_4khz,f1_5khz,f2_2khz,f2_3khz,f2_4khz,f2_5khz,oae_2khz,oae_3khz,oae_4khz,oae_5khz,2khz_selected,3khz_selected,4khz_selected,5khz_selected,2khz_f1_sig,3khz_f1_sig,4khz_f1_sig,5khz_f1_sig,2khz_f1_noise,3khz_f1_noise,4khz_f1_noise,5khz_f1_noise,2khz_f1_snr,3khz_f1_snr,4khz_f1_snr,5khz_f1_snr,2khz_f1_snr_result,3khz_f1_snr_result,4khz_f1_snr_result,5khz_f1_snr_result,2khz_f2_sig,3khz_f2_sig,4khz_f2_sig,5khz_f2_sig,2khz_f2_noise,3khz_f2_noise,4khz_f2_noise,5khz_f2_noise,2khz_f2_snr,3khz_f2_snr,4khz_f2_snr,5khz_f2_snr,2khz_f2_snr_result,3khz_f2_snr_result,4khz_f2_snr_result,5khz_f2_snr_result,sig_2khz,sig_3khz,sig_4khz,sig_5khz,noise_2khz,noise_3khz,noise_4khz,noise_5khz,snr_2khz,snr_3khz,snr_4khz,snr_5khz,2khz_result,3khz_result,4khz_result,5khz_result,test_result,test_complete,ambient_noise_2khz,ambient_noise_3khz,ambient_noise_4khz,ambient_noise_5khz,ambient_noise_result_2khz,ambient_noise_result_3khz,ambient_noise_result_4khz,ambient_noise_result_5khz,ambient_noise_result,tone_length,check_fit_val,check_fit_thresh
180,Name,left,2,,1557,2377,3196,4016,1900,2900,3900,4900,1214,1854,2492,3132,true,true,true,true,150.8323539566862,163.52074013362693,160.6601210238961,157.21762514385276,88.48399981143899,90.81611060647022,94.44856203871748,88.33898266710722,62.348354145247214,72.70462952715671,66.21155898517861,68.87864247674554,true,true,true,true,146.73484673999116,160.49259808134576,153.3960157277551,154.2128766739005,84.43254899094448,87.99870117948856,87.24132721557773,85.54741435264592,62.30229774904667,72.4938969018572,66.15468851217737,68.66546232125458,true,true,true,true,75.16023097003541,70.53524386415408,76.32305703843976,58.332421347115535,71.15683140926397,63.86920212168141,71.80262364221255,56.19566582204374,4.003399560771442,6.666041742472672,4.5204333962272045,2.1367555250717913,false,true,false,false,Refer,true,90.03005505260101,81.64342081446581,98.16158034465099,91.45765338365288,ok, ok, ok, ok, noise-pass,6,302,130