patient_id,user_id,ear,attempt_id,site,f1_2khz,f1_3khz,f1_4khz,f1_5khz,f2_2khz,f2_3khz,f2_4khz,f2_5khz,oae_2khz,oae_3khz,oae_4khz,oae_5khz,2khz_selected,3khz_selected,4khz_selected,5khz_selected,2khz_f1_sig,3khz_f1_sig,4khz_f1_sig,5khz_f1_sig,2khz_f1_noise,3khz_f1_noise,4khz_f1_noise,5khz_f1_noise,2khz_f1_snr,3khz_f1_snr,4khz_f1_snr,5khz_f1_snr,2khz_f1_snr_result,3khz_f1_snr_result,4khz_f1_snr_result,5khz_f1_snr_result,2khz_f2_sig,3khz_f2_sig,4khz_f2_sig,5khz_f2_sig,2khz_f2_noise,3khz_f2_noise,4khz_f2_noise,5khz_f2_noise,2khz_f2_snr,3khz_f2_snr,4khz_f2_snr,5khz_f2_snr,2khz_f2_snr_result,3khz_f2_snr_result,4khz_f2_snr_result,5khz_f2_snr_result,sig_2khz,sig_3khz,sig_4khz,sig_5khz,noise_2khz,noise_3khz,noise_4khz,noise_5khz,snr_2khz,snr_3khz,snr_4khz,snr_5khz,2khz_result,3khz_result,4khz_result,5khz_result,test_result,test_complete,ambient_noise_2khz,ambient_noise_3khz,ambient_noise_4khz,ambient_noise_5khz,ambient_noise_result_2khz,ambient_noise_result_3khz,ambient_noise_result_4khz,ambient_noise_result_5khz,ambient_noise_result,tone_length,check_fit_val,check_fit_thresh
16,Name,left,2,Mathare,1557,2377,3196,4016,1900,2900,3900,4900,1214,1854,2492,3132,true,true,true,true,156.77470529999476,164.0087072405404,160.92991416910823,159.87863779312445,92.45272698637173,86.98351548936452,92.39336877800585,78.84574587398328,64.32197831362303,77.02519175117587,68.53654539110238,81.03289191914118,true,true,true,true,154.6540289195316,160.37939200617188,153.72053897283513,157.3171718022811,91.49742712618796,78.19043439494413,85.21243458638479,76.62215192734416,63.156601793343654,82.18895761122775,68.50810438645034,80.69501987493695,true,true,true,true,97.52830396664788,89.37181104393443,95.13237665245505,78.13264610929993,95.92156696934147,88.8748189730112,93.38148187515304,76.4761245322711,1.6067369973064132,0.49699207092322695,1.7508947773020083,1.6565215770288262,false,false,false,false,Refer,true,108.5513372188127,102.50835979845002,108.5993077293343,107.46420990560134,ok, ok, ok, ok, noise-pass,6,210,130