patient_id,user_id,ear,attempt_id,site,f1_2khz,f1_3khz,f1_4khz,f1_5khz,f2_2khz,f2_3khz,f2_4khz,f2_5khz,oae_2khz,oae_3khz,oae_4khz,oae_5khz,2khz_selected,3khz_selected,4khz_selected,5khz_selected,2khz_f1_sig,3khz_f1_sig,4khz_f1_sig,5khz_f1_sig,2khz_f1_noise,3khz_f1_noise,4khz_f1_noise,5khz_f1_noise,2khz_f1_snr,3khz_f1_snr,4khz_f1_snr,5khz_f1_snr,2khz_f1_snr_result,3khz_f1_snr_result,4khz_f1_snr_result,5khz_f1_snr_result,2khz_f2_sig,3khz_f2_sig,4khz_f2_sig,5khz_f2_sig,2khz_f2_noise,3khz_f2_noise,4khz_f2_noise,5khz_f2_noise,2khz_f2_snr,3khz_f2_snr,4khz_f2_snr,5khz_f2_snr,2khz_f2_snr_result,3khz_f2_snr_result,4khz_f2_snr_result,5khz_f2_snr_result,sig_2khz,sig_3khz,sig_4khz,sig_5khz,noise_2khz,noise_3khz,noise_4khz,noise_5khz,snr_2khz,snr_3khz,snr_4khz,snr_5khz,2khz_result,3khz_result,4khz_result,5khz_result,test_result,test_complete,ambient_noise_2khz,ambient_noise_3khz,ambient_noise_4khz,ambient_noise_5khz,ambient_noise_result_2khz,ambient_noise_result_3khz,ambient_noise_result_4khz,ambient_noise_result_5khz,ambient_noise_result,tone_length,check_fit_val,check_fit_thresh
182,EWG,right,2,KNH,1557,2377,3196,4016,1900,2900,3900,4900,1214,1854,2492,3132,true,true,true,true,156.3538209887484,162.6138888949684,159.80548665116413,158.76436323536785,94.76407874151384,99.1811980186398,98.07016271786506,92.10769659315824,61.589742247234554,63.43269087632859,61.73532393329907,66.65666664220961,true,true,true,true,150.0209094534051,160.15686528423518,152.9048714922694,156.60239050304534,88.40714159313552,96.67018908967547,91.39669514006648,90.08418938226092,61.613767860269576,63.486676194559706,61.50817635220291,66.51820112078443,true,true,true,true,95.8658499047254,87.34179379403436,72.14608780643334,68.00954808676696,78.2368848020841,72.6764251225108,68.42911519645129,57.55227683299868,17.62896510264129,14.665368671523552,3.716972609982051,10.457271253768276,true,true,false,true,Pass,true,91.19829493836544,89.77523859337437,93.20310587519646,93.98170299784637,ok, ok, ok, ok, noise-pass,6,237,130