patient_id,user_id,ear,attempt_id,site,f1_2khz,f1_3khz,f1_4khz,f1_5khz,f2_2khz,f2_3khz,f2_4khz,f2_5khz,oae_2khz,oae_3khz,oae_4khz,oae_5khz,2khz_selected,3khz_selected,4khz_selected,5khz_selected,2khz_f1_sig,3khz_f1_sig,4khz_f1_sig,5khz_f1_sig,2khz_f1_noise,3khz_f1_noise,4khz_f1_noise,5khz_f1_noise,2khz_f1_snr,3khz_f1_snr,4khz_f1_snr,5khz_f1_snr,2khz_f1_snr_result,3khz_f1_snr_result,4khz_f1_snr_result,5khz_f1_snr_result,2khz_f2_sig,3khz_f2_sig,4khz_f2_sig,5khz_f2_sig,2khz_f2_noise,3khz_f2_noise,4khz_f2_noise,5khz_f2_noise,2khz_f2_snr,3khz_f2_snr,4khz_f2_snr,5khz_f2_snr,2khz_f2_snr_result,3khz_f2_snr_result,4khz_f2_snr_result,5khz_f2_snr_result,sig_2khz,sig_3khz,sig_4khz,sig_5khz,noise_2khz,noise_3khz,noise_4khz,noise_5khz,snr_2khz,snr_3khz,snr_4khz,snr_5khz,2khz_result,3khz_result,4khz_result,5khz_result,test_result,test_complete,ambient_noise_2khz,ambient_noise_3khz,ambient_noise_4khz,ambient_noise_5khz,ambient_noise_result_2khz,ambient_noise_result_3khz,ambient_noise_result_4khz,ambient_noise_result_5khz,ambient_noise_result,tone_length,check_fit_val,check_fit_thresh
201,Name,left,1,,1557,2377,3196,4016,1900,2900,3900,4900,1214,1854,2492,3132,true,true,true,true,162.0052890627124,163.00485500910253,161.30153357298838,159.82778774996632,84.45047240518299,81.41597579047212,86.420879867123,83.5568079311392,77.5548166575294,81.58887921863041,74.88065370586537,76.27097981882712,true,true,true,true,156.33496846674856,160.11479509015982,154.33887585735965,157.4040785739584,78.91270357032128,78.73333397846775,79.71813523197306,81.32044662809716,77.42226489642728,81.38146111169206,74.62074062538659,76.08363194586124,true,true,true,true,71.78826403213196,77.93038171697535,65.60235132586888,61.502166510431174,69.56028967089526,60.623462963909006,53.19703078649778,52.833113134015186,2.2279743612367042,17.30691875306634,12.405320539371104,8.669053376415988,false,true,true,true,Pass,true,84.66558622889461,71.13945836140093,71.71128880342714,76.85239384055085,ok, ok, ok, ok, noise-pass,6,243,130