patient_id,user_id,ear,attempt_id,site,f1_2khz,f1_3khz,f1_4khz,f1_5khz,f2_2khz,f2_3khz,f2_4khz,f2_5khz,oae_2khz,oae_3khz,oae_4khz,oae_5khz,2khz_selected,3khz_selected,4khz_selected,5khz_selected,2khz_f1_sig,3khz_f1_sig,4khz_f1_sig,5khz_f1_sig,2khz_f1_noise,3khz_f1_noise,4khz_f1_noise,5khz_f1_noise,2khz_f1_snr,3khz_f1_snr,4khz_f1_snr,5khz_f1_snr,2khz_f1_snr_result,3khz_f1_snr_result,4khz_f1_snr_result,5khz_f1_snr_result,2khz_f2_sig,3khz_f2_sig,4khz_f2_sig,5khz_f2_sig,2khz_f2_noise,3khz_f2_noise,4khz_f2_noise,5khz_f2_noise,2khz_f2_snr,3khz_f2_snr,4khz_f2_snr,5khz_f2_snr,2khz_f2_snr_result,3khz_f2_snr_result,4khz_f2_snr_result,5khz_f2_snr_result,sig_2khz,sig_3khz,sig_4khz,sig_5khz,noise_2khz,noise_3khz,noise_4khz,noise_5khz,snr_2khz,snr_3khz,snr_4khz,snr_5khz,2khz_result,3khz_result,4khz_result,5khz_result,test_result,test_complete,ambient_noise_2khz,ambient_noise_3khz,ambient_noise_4khz,ambient_noise_5khz,ambient_noise_result_2khz,ambient_noise_result_3khz,ambient_noise_result_4khz,ambient_noise_result_5khz,ambient_noise_result,tone_length,check_fit_val,check_fit_thresh
184,EWG,right,1,KNH,1557,2377,3196,4016,1900,2900,3900,4900,1214,1854,2492,3132,true,true,true,true,157.84450408587838,162.6060343752076,160.47238920739647,158.67487233595148,110.95528288906962,100.2028809433175,98.84087087315437,100.52985371341846,46.88922119680876,62.403153431890104,61.6315183342421,58.145018622533016,false,true,true,false,152.69461875886637,160.73214845746026,152.2003932897866,152.3866248130218,105.77283755117749,98.69168888839866,90.7242394358818,94.53077478768768,46.92178120768888,62.040459569061596,61.476153853904805,57.85585002533412,false,true,true,true,101.10532052886134,93.50639418606374,73.47905633328949,75.29563405338591,89.27893076472934,70.584506458551,59.63596311362239,66.33958039082574,11.826389764132003,22.92188772751274,13.843093219667104,8.956053662560166,true,true,true,true,Pass,true,96.85446495447675,87.16634761720518,82.71816900083381,102.99885545345441,ok, ok, ok, ok, noise-pass,6,157,130