patient_id,user_id,ear,attempt_id,site,f1_2khz,f1_3khz,f1_4khz,f1_5khz,f2_2khz,f2_3khz,f2_4khz,f2_5khz,oae_2khz,oae_3khz,oae_4khz,oae_5khz,2khz_selected,3khz_selected,4khz_selected,5khz_selected,2khz_f1_sig,3khz_f1_sig,4khz_f1_sig,5khz_f1_sig,2khz_f1_noise,3khz_f1_noise,4khz_f1_noise,5khz_f1_noise,2khz_f1_snr,3khz_f1_snr,4khz_f1_snr,5khz_f1_snr,2khz_f1_snr_result,3khz_f1_snr_result,4khz_f1_snr_result,5khz_f1_snr_result,2khz_f2_sig,3khz_f2_sig,4khz_f2_sig,5khz_f2_sig,2khz_f2_noise,3khz_f2_noise,4khz_f2_noise,5khz_f2_noise,2khz_f2_snr,3khz_f2_snr,4khz_f2_snr,5khz_f2_snr,2khz_f2_snr_result,3khz_f2_snr_result,4khz_f2_snr_result,5khz_f2_snr_result,sig_2khz,sig_3khz,sig_4khz,sig_5khz,noise_2khz,noise_3khz,noise_4khz,noise_5khz,snr_2khz,snr_3khz,snr_4khz,snr_5khz,2khz_result,3khz_result,4khz_result,5khz_result,test_result,test_complete,ambient_noise_2khz,ambient_noise_3khz,ambient_noise_4khz,ambient_noise_5khz,ambient_noise_result_2khz,ambient_noise_result_3khz,ambient_noise_result_4khz,ambient_noise_result_5khz,ambient_noise_result,tone_length,check_fit_val,check_fit_thresh
504,Name,right,1,,1557,2377,3196,4016,1900,2900,3900,4900,1214,1854,2492,3132,true,true,true,true,156.58866332133525,162.07869941291045,161.24221063070794,159.1902682016553,104.66748760567016,89.93751148092927,86.8602048127695,88.48925099395234,51.921175715665086,72.14118793198118,74.38200581793845,70.70101720770296,false,true,true,true,152.55694748126731,159.56430144006939,154.13875846353332,156.7089567977425,100.67953859648993,87.43508312793976,80.14862514804443,86.11741415660175,51.87740888477738,72.12921831212962,73.99013331548889,70.59154264114075,true,true,true,true,98.6759937652358,89.12086233024424,87.43323042749823,72.9228170036941,81.39102932557373,76.56627790184699,59.33203476279288,52.937310768007784,17.284964439662076,12.554584428397249,28.10119566470535,19.985506235686323,true,true,true,true,Pass,true,85.32937640496867,90.75807504168604,84.5335622031016,93.24266639797492,ok, ok, ok, ok, noise-pass,6,225,130