patient_id,user_id,ear,attempt_id,site,f1_2khz,f1_3khz,f1_4khz,f1_5khz,f2_2khz,f2_3khz,f2_4khz,f2_5khz,oae_2khz,oae_3khz,oae_4khz,oae_5khz,2khz_selected,3khz_selected,4khz_selected,5khz_selected,2khz_f1_sig,3khz_f1_sig,4khz_f1_sig,5khz_f1_sig,2khz_f1_noise,3khz_f1_noise,4khz_f1_noise,5khz_f1_noise,2khz_f1_snr,3khz_f1_snr,4khz_f1_snr,5khz_f1_snr,2khz_f1_snr_result,3khz_f1_snr_result,4khz_f1_snr_result,5khz_f1_snr_result,2khz_f2_sig,3khz_f2_sig,4khz_f2_sig,5khz_f2_sig,2khz_f2_noise,3khz_f2_noise,4khz_f2_noise,5khz_f2_noise,2khz_f2_snr,3khz_f2_snr,4khz_f2_snr,5khz_f2_snr,2khz_f2_snr_result,3khz_f2_snr_result,4khz_f2_snr_result,5khz_f2_snr_result,sig_2khz,sig_3khz,sig_4khz,sig_5khz,noise_2khz,noise_3khz,noise_4khz,noise_5khz,snr_2khz,snr_3khz,snr_4khz,snr_5khz,2khz_result,3khz_result,4khz_result,5khz_result,test_result,test_complete,ambient_noise_2khz,ambient_noise_3khz,ambient_noise_4khz,ambient_noise_5khz,ambient_noise_result_2khz,ambient_noise_result_3khz,ambient_noise_result_4khz,ambient_noise_result_5khz,ambient_noise_result,tone_length,check_fit_val,check_fit_thresh
303,Name,right,1,,1557,2377,3196,4016,1900,2900,3900,4900,1214,1854,2492,3132,true,true,true,true,159.69675391474962,162.6329868907713,161.12436861207607,159.56820714680737,93.00655248780429,72.85515244404675,64.26702465750809,63.1896335227289,66.69020142694534,89.77783444672454,96.85734395456798,96.37857362407847,true,true,true,true,153.8538149440963,159.8338855175065,153.9372734900659,156.56399202466258,86.12135917129238,68.30108582887699,60.29231485138745,61.66215060629108,67.73245577280393,91.53279968862951,93.64495863867845,94.9018414183715,true,true,true,true,99.09110859471595,91.83056946599288,78.75447365421356,61.20893091614189,80.89748363040414,77.56661569130782,59.33255204821805,52.09888492752802,18.19362496431181,14.263953774685064,19.421921605995507,9.11004598861387,true,true,true,true,Pass,true,82.60903714579638,83.21350759543002,78.08300134544754,83.2852708324722,ok, ok, ok, ok, noise-pass,6,153,130