patient_id,user_id,ear,attempt_id,site,f1_2khz,f1_3khz,f1_4khz,f1_5khz,f2_2khz,f2_3khz,f2_4khz,f2_5khz,oae_2khz,oae_3khz,oae_4khz,oae_5khz,2khz_selected,3khz_selected,4khz_selected,5khz_selected,2khz_f1_sig,3khz_f1_sig,4khz_f1_sig,5khz_f1_sig,2khz_f1_noise,3khz_f1_noise,4khz_f1_noise,5khz_f1_noise,2khz_f1_snr,3khz_f1_snr,4khz_f1_snr,5khz_f1_snr,2khz_f1_snr_result,3khz_f1_snr_result,4khz_f1_snr_result,5khz_f1_snr_result,2khz_f2_sig,3khz_f2_sig,4khz_f2_sig,5khz_f2_sig,2khz_f2_noise,3khz_f2_noise,4khz_f2_noise,5khz_f2_noise,2khz_f2_snr,3khz_f2_snr,4khz_f2_snr,5khz_f2_snr,2khz_f2_snr_result,3khz_f2_snr_result,4khz_f2_snr_result,5khz_f2_snr_result,sig_2khz,sig_3khz,sig_4khz,sig_5khz,noise_2khz,noise_3khz,noise_4khz,noise_5khz,snr_2khz,snr_3khz,snr_4khz,snr_5khz,2khz_result,3khz_result,4khz_result,5khz_result,test_result,test_complete,ambient_noise_2khz,ambient_noise_3khz,ambient_noise_4khz,ambient_noise_5khz,ambient_noise_result_2khz,ambient_noise_result_3khz,ambient_noise_result_4khz,ambient_noise_result_5khz,ambient_noise_result,tone_length,check_fit_val,check_fit_thresh
185,EWG,left,2,KNH,1557,2377,3196,4016,1900,2900,3900,4900,1214,1854,2492,3132,true,true,true,true,160.10220531919148,162.45420001073012,161.3178394543442,159.80007195916485,86.13771247943876,75.69931099551613,70.78785780596279,71.14822534074237,73.96449283975272,86.75488901521399,90.52998164838142,88.65184661842248,true,true,true,true,154.7334295251951,160.8085605952107,154.19303670387842,156.5053472656979,78.31096646582989,72.9289751014121,64.65230447537127,68.66922531912951,76.42246305936521,87.8795854937986,89.54073222850715,87.8361219465684,true,true,true,true,105.34705792060123,107.41343021519654,91.74903651524447,82.44608260390956,79.60338005927369,78.98511987829718,72.16863485799364,58.52515578325993,25.74367786132754,28.428310336899358,19.58040165725083,23.920926820649626,true,true,true,true,Pass,true,89.7244442885396,86.96965834774383,94.56983990142912,89.26063175897127,ok, ok, ok, ok, noise-pass,6,174,130