patient_id,user_id,ear,attempt_id,site,f1_2khz,f1_3khz,f1_4khz,f1_5khz,f2_2khz,f2_3khz,f2_4khz,f2_5khz,oae_2khz,oae_3khz,oae_4khz,oae_5khz,2khz_selected,3khz_selected,4khz_selected,5khz_selected,2khz_f1_sig,3khz_f1_sig,4khz_f1_sig,5khz_f1_sig,2khz_f1_noise,3khz_f1_noise,4khz_f1_noise,5khz_f1_noise,2khz_f1_snr,3khz_f1_snr,4khz_f1_snr,5khz_f1_snr,2khz_f1_snr_result,3khz_f1_snr_result,4khz_f1_snr_result,5khz_f1_snr_result,2khz_f2_sig,3khz_f2_sig,4khz_f2_sig,5khz_f2_sig,2khz_f2_noise,3khz_f2_noise,4khz_f2_noise,5khz_f2_noise,2khz_f2_snr,3khz_f2_snr,4khz_f2_snr,5khz_f2_snr,2khz_f2_snr_result,3khz_f2_snr_result,4khz_f2_snr_result,5khz_f2_snr_result,sig_2khz,sig_3khz,sig_4khz,sig_5khz,noise_2khz,noise_3khz,noise_4khz,noise_5khz,snr_2khz,snr_3khz,snr_4khz,snr_5khz,2khz_result,3khz_result,4khz_result,5khz_result,test_result,test_complete,ambient_noise_2khz,ambient_noise_3khz,ambient_noise_4khz,ambient_noise_5khz,ambient_noise_result_2khz,ambient_noise_result_3khz,ambient_noise_result_4khz,ambient_noise_result_5khz,ambient_noise_result,tone_length,check_fit_val,check_fit_thresh
204,Name,left,1,,1557,2377,3196,4016,1900,2900,3900,4900,1214,1854,2492,3132,true,true,true,true,158.39056151832492,162.95123863498216,161.16058005262545,159.5845875082809,87.93983173932538,89.31316053874141,82.98582327657621,81.38594715420327,70.45072977899953,73.63807809624075,78.17475677604924,78.19864035407763,true,true,true,true,153.36683888235478,160.27030648216942,154.04384617004158,156.8888327086426,80.65690983311677,86.90626044139262,76.09597990907832,78.81341755393393,72.70992904923801,73.3640460407768,77.94786626096325,78.07541515470868,true,true,true,true,100.29366405138549,98.1950713174764,71.83255947372714,75.10972620160932,67.47991750682473,64.73060214223453,58.31231690349526,51.65746708474281,32.81374654456076,33.464469175241874,13.520242570231886,23.452259116866507,true,true,true,true,Pass,true,77.67865398944183,77.07714123154688,80.07447526958842,80.6624203914711,ok, ok, ok, ok, noise-pass,6,198,130