patient_id,user_id,ear,attempt_id,site,f1_2khz,f1_3khz,f1_4khz,f1_5khz,f2_2khz,f2_3khz,f2_4khz,f2_5khz,oae_2khz,oae_3khz,oae_4khz,oae_5khz,2khz_selected,3khz_selected,4khz_selected,5khz_selected,2khz_f1_sig,3khz_f1_sig,4khz_f1_sig,5khz_f1_sig,2khz_f1_noise,3khz_f1_noise,4khz_f1_noise,5khz_f1_noise,2khz_f1_snr,3khz_f1_snr,4khz_f1_snr,5khz_f1_snr,2khz_f1_snr_result,3khz_f1_snr_result,4khz_f1_snr_result,5khz_f1_snr_result,2khz_f2_sig,3khz_f2_sig,4khz_f2_sig,5khz_f2_sig,2khz_f2_noise,3khz_f2_noise,4khz_f2_noise,5khz_f2_noise,2khz_f2_snr,3khz_f2_snr,4khz_f2_snr,5khz_f2_snr,2khz_f2_snr_result,3khz_f2_snr_result,4khz_f2_snr_result,5khz_f2_snr_result,sig_2khz,sig_3khz,sig_4khz,sig_5khz,noise_2khz,noise_3khz,noise_4khz,noise_5khz,snr_2khz,snr_3khz,snr_4khz,snr_5khz,2khz_result,3khz_result,4khz_result,5khz_result,test_result,test_complete,ambient_noise_2khz,ambient_noise_3khz,ambient_noise_4khz,ambient_noise_5khz,ambient_noise_result_2khz,ambient_noise_result_3khz,ambient_noise_result_4khz,ambient_noise_result_5khz,ambient_noise_result,tone_length,check_fit_val,check_fit_thresh
190,Name,left,1,,1557,2377,3196,4016,1900,2900,3900,4900,1214,1854,2492,3132,true,true,true,true,153.93525831189874,163.93248292442476,160.84290712370552,159.2350708180566,83.6612577839915,93.48754301765237,94.73854000458272,84.64469732068979,70.27400052790723,70.44493990677239,66.1043671191228,74.59037349736683,true,true,true,true,150.0655393184388,160.293367695439,153.09591140544316,156.13887764467734,80.20906200759529,90.0300228514063,86.94881658012523,81.78820222128118,69.8564773108435,70.2633448440327,66.14709482531794,74.35067542339615,true,true,true,true,93.03723280198946,86.76944147483877,74.68311235454391,61.23422865925857,70.70097420936293,64.33330865410278,62.36642356896064,53.06737328330047,22.336258592626535,22.436132820735992,12.316688785583267,8.1668553759581,true,true,true,true,Pass,true,87.95085845211682,91.83037891588081,101.84088583451273,90.05922193262043,ok, ok, ok, ok, noise-pass,6,223,130