patient_id,user_id,ear,attempt_id,site,f1_2khz,f1_3khz,f1_4khz,f1_5khz,f2_2khz,f2_3khz,f2_4khz,f2_5khz,oae_2khz,oae_3khz,oae_4khz,oae_5khz,2khz_selected,3khz_selected,4khz_selected,5khz_selected,2khz_f1_sig,3khz_f1_sig,4khz_f1_sig,5khz_f1_sig,2khz_f1_noise,3khz_f1_noise,4khz_f1_noise,5khz_f1_noise,2khz_f1_snr,3khz_f1_snr,4khz_f1_snr,5khz_f1_snr,2khz_f1_snr_result,3khz_f1_snr_result,4khz_f1_snr_result,5khz_f1_snr_result,2khz_f2_sig,3khz_f2_sig,4khz_f2_sig,5khz_f2_sig,2khz_f2_noise,3khz_f2_noise,4khz_f2_noise,5khz_f2_noise,2khz_f2_snr,3khz_f2_snr,4khz_f2_snr,5khz_f2_snr,2khz_f2_snr_result,3khz_f2_snr_result,4khz_f2_snr_result,5khz_f2_snr_result,sig_2khz,sig_3khz,sig_4khz,sig_5khz,noise_2khz,noise_3khz,noise_4khz,noise_5khz,snr_2khz,snr_3khz,snr_4khz,snr_5khz,2khz_result,3khz_result,4khz_result,5khz_result,test_result,test_complete,ambient_noise_2khz,ambient_noise_3khz,ambient_noise_4khz,ambient_noise_5khz,ambient_noise_result_2khz,ambient_noise_result_3khz,ambient_noise_result_4khz,ambient_noise_result_5khz,ambient_noise_result,tone_length,check_fit_val,check_fit_thresh
196,Name,right,2,,1557,2377,3196,4016,1900,2900,3900,4900,1214,1854,2492,3132,true,true,true,true,158.46971896438788,163.04132374236954,161.02819822338853,159.39891634908162,91.32233766610213,92.15826410143535,95.90177571949386,87.75949085121243,67.14738129828575,70.88305964093419,65.12642250389467,71.63942549786918,true,true,true,true,153.7243037050273,160.16145394320503,153.86616188960883,156.793956709505,86.57605234566077,89.42604352212365,88.94698113107141,85.29863977392009,67.14825135936653,70.73541042108138,64.91918075853742,71.49531693558492,true,true,true,true,97.00499496384104,95.17359866592227,74.46409082367285,73.8984235504038,69.95572919900489,60.286692165606155,62.69134399026036,50.74622050894975,27.04926576483615,34.886906500316115,11.77274683341249,23.152203041454058,true,true,true,true,Pass,true,82.5911841621834,75.83571542973709,87.15136518694469,78.4850732166651,ok, ok, ok, ok, noise-pass,6,193,130