patient_id,user_id,ear,attempt_id,site,f1_2khz,f1_3khz,f1_4khz,f1_5khz,f2_2khz,f2_3khz,f2_4khz,f2_5khz,oae_2khz,oae_3khz,oae_4khz,oae_5khz,2khz_selected,3khz_selected,4khz_selected,5khz_selected,2khz_f1_sig,3khz_f1_sig,4khz_f1_sig,5khz_f1_sig,2khz_f1_noise,3khz_f1_noise,4khz_f1_noise,5khz_f1_noise,2khz_f1_snr,3khz_f1_snr,4khz_f1_snr,5khz_f1_snr,2khz_f1_snr_result,3khz_f1_snr_result,4khz_f1_snr_result,5khz_f1_snr_result,2khz_f2_sig,3khz_f2_sig,4khz_f2_sig,5khz_f2_sig,2khz_f2_noise,3khz_f2_noise,4khz_f2_noise,5khz_f2_noise,2khz_f2_snr,3khz_f2_snr,4khz_f2_snr,5khz_f2_snr,2khz_f2_snr_result,3khz_f2_snr_result,4khz_f2_snr_result,5khz_f2_snr_result,sig_2khz,sig_3khz,sig_4khz,sig_5khz,noise_2khz,noise_3khz,noise_4khz,noise_5khz,snr_2khz,snr_3khz,snr_4khz,snr_5khz,2khz_result,3khz_result,4khz_result,5khz_result,test_result,test_complete,ambient_noise_2khz,ambient_noise_3khz,ambient_noise_4khz,ambient_noise_5khz,ambient_noise_result_2khz,ambient_noise_result_3khz,ambient_noise_result_4khz,ambient_noise_result_5khz,ambient_noise_result,tone_length,check_fit_val,check_fit_thresh
154,Name,left,1,Mathare,1557,2377,3196,4016,1900,2900,3900,4900,1214,1854,2492,3132,true,true,true,true,162.9159810489844,161.70726260035923,161.574773559593,160.53457993783414,97.19146245484714,83.87312952046759,77.67413955640163,78.20257020832949,65.72451859413727,77.83413307989164,83.90063400319139,82.33200972950465,true,true,true,true,154.17074910249016,160.70674745050584,154.6753909044566,155.0207590092401,93.41109001150612,78.00646442141752,80.19005660285485,71.8446225085829,60.759659090984044,82.70028302908833,74.48533430160175,83.1761365006572,true,true,true,true,105.74269364093483,103.79009657383294,99.77480809509983,90.73662474530096,100.0008104938947,87.06960161334203,83.57925469923161,76.90987840612362,5.741883147040127,16.72049496049091,16.195553395868217,13.826746339177333,false,true,true,true,Pass,true,104.50208202385159,96.42003016926691,96.96818566999116,99.88899594117002,ok, ok, ok, ok, noise-pass,6,146,130