patient_id,user_id,ear,attempt_id,site,f1_2khz,f1_3khz,f1_4khz,f1_5khz,f2_2khz,f2_3khz,f2_4khz,f2_5khz,oae_2khz,oae_3khz,oae_4khz,oae_5khz,2khz_selected,3khz_selected,4khz_selected,5khz_selected,2khz_f1_sig,3khz_f1_sig,4khz_f1_sig,5khz_f1_sig,2khz_f1_noise,3khz_f1_noise,4khz_f1_noise,5khz_f1_noise,2khz_f1_snr,3khz_f1_snr,4khz_f1_snr,5khz_f1_snr,2khz_f1_snr_result,3khz_f1_snr_result,4khz_f1_snr_result,5khz_f1_snr_result,2khz_f2_sig,3khz_f2_sig,4khz_f2_sig,5khz_f2_sig,2khz_f2_noise,3khz_f2_noise,4khz_f2_noise,5khz_f2_noise,2khz_f2_snr,3khz_f2_snr,4khz_f2_snr,5khz_f2_snr,2khz_f2_snr_result,3khz_f2_snr_result,4khz_f2_snr_result,5khz_f2_snr_result,sig_2khz,sig_3khz,sig_4khz,sig_5khz,noise_2khz,noise_3khz,noise_4khz,noise_5khz,snr_2khz,snr_3khz,snr_4khz,snr_5khz,2khz_result,3khz_result,4khz_result,5khz_result,test_result,test_complete,ambient_noise_2khz,ambient_noise_3khz,ambient_noise_4khz,ambient_noise_5khz,ambient_noise_result_2khz,ambient_noise_result_3khz,ambient_noise_result_4khz,ambient_noise_result_5khz,ambient_noise_result,tone_length,check_fit_val,check_fit_thresh
304,Name,right,2,,1557,2377,3196,4016,1900,2900,3900,4900,1214,1854,2492,3132,true,true,true,true,157.55540221165202,156.30243277233458,160.8255986672904,159.18053507341543,85.49221093186728,76.4879115859809,76.82697215506211,79.09793582134381,72.06319127978475,79.81452118635369,83.99862651222828,80.08259925207162,true,true,true,true,145.04626791800825,160.68139860310782,153.5303231525404,156.3850995041526,74.01867247814081,79.87482256255517,69.9028593064685,76.73940852036898,71.02759543986744,80.80657604055266,83.6274638460719,79.64569098378362,true,true,true,true,85.9415420788119,93.63099295636411,99.33337184298351,89.92528784661957,70.4375096564049,64.88467908941855,61.14612767725062,57.126211011426676,15.504032422407008,28.746313866945556,38.18724416573289,32.79907683519289,true,true,true,true,Pass,true,87.62852541461184,83.93201433386137,83.3533675202779,85.7379047677833,ok, ok, ok, ok, noise-pass,6,228,130