patient_id,user_id,ear,attempt_id,site,f1_2khz,f1_3khz,f1_4khz,f1_5khz,f2_2khz,f2_3khz,f2_4khz,f2_5khz,oae_2khz,oae_3khz,oae_4khz,oae_5khz,2khz_selected,3khz_selected,4khz_selected,5khz_selected,2khz_f1_sig,3khz_f1_sig,4khz_f1_sig,5khz_f1_sig,2khz_f1_noise,3khz_f1_noise,4khz_f1_noise,5khz_f1_noise,2khz_f1_snr,3khz_f1_snr,4khz_f1_snr,5khz_f1_snr,2khz_f1_snr_result,3khz_f1_snr_result,4khz_f1_snr_result,5khz_f1_snr_result,2khz_f2_sig,3khz_f2_sig,4khz_f2_sig,5khz_f2_sig,2khz_f2_noise,3khz_f2_noise,4khz_f2_noise,5khz_f2_noise,2khz_f2_snr,3khz_f2_snr,4khz_f2_snr,5khz_f2_snr,2khz_f2_snr_result,3khz_f2_snr_result,4khz_f2_snr_result,5khz_f2_snr_result,sig_2khz,sig_3khz,sig_4khz,sig_5khz,noise_2khz,noise_3khz,noise_4khz,noise_5khz,snr_2khz,snr_3khz,snr_4khz,snr_5khz,2khz_result,3khz_result,4khz_result,5khz_result,test_result,test_complete,ambient_noise_2khz,ambient_noise_3khz,ambient_noise_4khz,ambient_noise_5khz,ambient_noise_result_2khz,ambient_noise_result_3khz,ambient_noise_result_4khz,ambient_noise_result_5khz,ambient_noise_result,tone_length,check_fit_val,check_fit_thresh
185,EWG,left,1,KNH,1557,2377,3196,4016,1900,2900,3900,4900,1214,1854,2492,3132,true,true,true,true,151.41173378510817,163.05697567133063,159.89469905611284,159.19900383458955,81.10054635081099,85.85576536272933,110.07575926052367,110.48135387267345,70.31118743429718,77.2012103086013,49.81893979558917,48.717649961916095,true,true,false,false,147.4383253872782,160.66041178600986,152.57527763297261,155.74304250305514,76.54493624622928,81.46541639916566,104.18814788867473,116.00889048067401,70.89338914104893,79.1949953868442,48.38712974429788,39.734152022381124,true,true,false,false,98.37978659797004,103.81818066788838,108.20070384166712,102.07579795321442,73.23129417123455,89.53793784094664,105.50645687381339,97.90780717675177,25.148492426735487,14.280242826941745,2.6942469678537293,4.167990776462645,true,true,false,false,Refer,true,87.30177800182739,85.38934007104703,114.09196954550963,111.59171392386463,ok, ok, noisy, ok, retry,6,265,130