patient_id,user_id,ear,attempt_id,site,f1_2khz,f1_3khz,f1_4khz,f1_5khz,f2_2khz,f2_3khz,f2_4khz,f2_5khz,oae_2khz,oae_3khz,oae_4khz,oae_5khz,2khz_selected,3khz_selected,4khz_selected,5khz_selected,2khz_f1_sig,3khz_f1_sig,4khz_f1_sig,5khz_f1_sig,2khz_f1_noise,3khz_f1_noise,4khz_f1_noise,5khz_f1_noise,2khz_f1_snr,3khz_f1_snr,4khz_f1_snr,5khz_f1_snr,2khz_f1_snr_result,3khz_f1_snr_result,4khz_f1_snr_result,5khz_f1_snr_result,2khz_f2_sig,3khz_f2_sig,4khz_f2_sig,5khz_f2_sig,2khz_f2_noise,3khz_f2_noise,4khz_f2_noise,5khz_f2_noise,2khz_f2_snr,3khz_f2_snr,4khz_f2_snr,5khz_f2_snr,2khz_f2_snr_result,3khz_f2_snr_result,4khz_f2_snr_result,5khz_f2_snr_result,sig_2khz,sig_3khz,sig_4khz,sig_5khz,noise_2khz,noise_3khz,noise_4khz,noise_5khz,snr_2khz,snr_3khz,snr_4khz,snr_5khz,2khz_result,3khz_result,4khz_result,5khz_result,test_result,test_complete,ambient_noise_2khz,ambient_noise_3khz,ambient_noise_4khz,ambient_noise_5khz,ambient_noise_result_2khz,ambient_noise_result_3khz,ambient_noise_result_4khz,ambient_noise_result_5khz,ambient_noise_result,tone_length,check_fit_val,check_fit_thresh
300,Name,left,1,,1557,2377,3196,4016,1900,2900,3900,4900,1214,1854,2492,3132,true,true,true,true,155.09907300433366,157.7647134122495,160.94095871874237,159.2702509765513,104.22484014902517,92.915602662762,96.60407742333913,93.53977357025443,50.87423285530849,64.84911074948751,64.33688129540323,65.73047740629687,false,true,true,true,148.01328310481256,156.66713813953498,153.65855056831583,156.21993569934307,97.40410475283903,92.0052651277644,89.55621318691678,90.63682233713843,50.609178351973526,64.66187301177058,64.10233738139905,65.58311336220464,true,true,true,true,97.44756684173527,97.61358915112837,88.67639201921308,72.17442030369673,83.92606449139167,82.83106386105041,70.59563933204282,54.01100848515267,13.521502350343596,14.782525290077956,18.08075268717026,18.163411818544063,true,true,true,true,Pass,true,92.85720891920064,95.91175277574058,92.41431553124454,93.31511019769684,ok, ok, ok, ok, noise-pass,6,308,130