patient_id,user_id,ear,attempt_id,site,f1_2khz,f1_3khz,f1_4khz,f1_5khz,f2_2khz,f2_3khz,f2_4khz,f2_5khz,oae_2khz,oae_3khz,oae_4khz,oae_5khz,2khz_selected,3khz_selected,4khz_selected,5khz_selected,2khz_f1_sig,3khz_f1_sig,4khz_f1_sig,5khz_f1_sig,2khz_f1_noise,3khz_f1_noise,4khz_f1_noise,5khz_f1_noise,2khz_f1_snr,3khz_f1_snr,4khz_f1_snr,5khz_f1_snr,2khz_f1_snr_result,3khz_f1_snr_result,4khz_f1_snr_result,5khz_f1_snr_result,2khz_f2_sig,3khz_f2_sig,4khz_f2_sig,5khz_f2_sig,2khz_f2_noise,3khz_f2_noise,4khz_f2_noise,5khz_f2_noise,2khz_f2_snr,3khz_f2_snr,4khz_f2_snr,5khz_f2_snr,2khz_f2_snr_result,3khz_f2_snr_result,4khz_f2_snr_result,5khz_f2_snr_result,sig_2khz,sig_3khz,sig_4khz,sig_5khz,noise_2khz,noise_3khz,noise_4khz,noise_5khz,snr_2khz,snr_3khz,snr_4khz,snr_5khz,2khz_result,3khz_result,4khz_result,5khz_result,test_result,test_complete,ambient_noise_2khz,ambient_noise_3khz,ambient_noise_4khz,ambient_noise_5khz,ambient_noise_result_2khz,ambient_noise_result_3khz,ambient_noise_result_4khz,ambient_noise_result_5khz,ambient_noise_result,tone_length,check_fit_val,check_fit_thresh
202,Name,left,1,,1557,2377,3196,4016,1900,2900,3900,4900,1214,1854,2492,3132,true,true,true,true,154.8285115159515,161.91855832100455,160.69422733609798,154.06511385994486,104.22948665071226,102.9640125333735,65.19740391573184,93.222999895579,50.599024865239244,58.95454578763105,95.49682342036614,60.842113964365865,false,false,true,true,149.0192474975058,159.6543236644549,153.63541126951804,149.83610986589272,99.52413002030127,100.11976753325004,62.23318315947162,94.06708009724618,49.49511747720453,59.53455613120485,91.40222811004642,55.76902976864655,false,true,true,true,109.80886320447925,98.06883378184762,61.99831139862162,92.09221321521932,109.36936269912056,87.91628228318396,58.293416323819955,86.13946142173842,0.4395005053586942,10.152551498663655,3.7048950748016622,5.9527517934809,false,true,false,false,Refer,true,118.16811823412951,106.55657315060412,80.6608047677234,112.14509077133675,noisy, ok, ok, ok, retry,6,93,130