patient_id,user_id,ear,attempt_id,site,f1_2khz,f1_3khz,f1_4khz,f1_5khz,f2_2khz,f2_3khz,f2_4khz,f2_5khz,oae_2khz,oae_3khz,oae_4khz,oae_5khz,2khz_selected,3khz_selected,4khz_selected,5khz_selected,2khz_f1_sig,3khz_f1_sig,4khz_f1_sig,5khz_f1_sig,2khz_f1_noise,3khz_f1_noise,4khz_f1_noise,5khz_f1_noise,2khz_f1_snr,3khz_f1_snr,4khz_f1_snr,5khz_f1_snr,2khz_f1_snr_result,3khz_f1_snr_result,4khz_f1_snr_result,5khz_f1_snr_result,2khz_f2_sig,3khz_f2_sig,4khz_f2_sig,5khz_f2_sig,2khz_f2_noise,3khz_f2_noise,4khz_f2_noise,5khz_f2_noise,2khz_f2_snr,3khz_f2_snr,4khz_f2_snr,5khz_f2_snr,2khz_f2_snr_result,3khz_f2_snr_result,4khz_f2_snr_result,5khz_f2_snr_result,sig_2khz,sig_3khz,sig_4khz,sig_5khz,noise_2khz,noise_3khz,noise_4khz,noise_5khz,snr_2khz,snr_3khz,snr_4khz,snr_5khz,2khz_result,3khz_result,4khz_result,5khz_result,test_result,test_complete,ambient_noise_2khz,ambient_noise_3khz,ambient_noise_4khz,ambient_noise_5khz,ambient_noise_result_2khz,ambient_noise_result_3khz,ambient_noise_result_4khz,ambient_noise_result_5khz,ambient_noise_result,tone_length,check_fit_val,check_fit_thresh
301,Name,left,1,,1557,2377,3196,4016,1900,2900,3900,4900,1214,1854,2492,3132,true,true,true,true,157.80304438418145,162.95284341879122,160.93035162271013,159.20679633709173,90.15997512464475,88.05276642248566,87.53221564660276,86.2761817492399,67.6430692595367,74.90007699630556,73.39813597610737,72.93061458785184,true,true,true,true,151.7097938637628,159.77536507766953,153.44570794343616,156.48719453009272,85.01638368804116,84.88341802745259,80.30035960258898,83.7870141531287,66.69341017572164,74.89194705021694,73.14534834084718,72.70018037696403,true,true,true,true,93.07717274554882,72.86686504928747,71.02552656499101,63.765850305902696,90.23417974521391,65.5491274875445,63.723391483313634,54.427763462976586,2.842993000334914,7.317737561742973,7.302135081677378,9.33808684292611,false,true,true,true,Pass,true,101.55013545881255,81.37705560362402,85.18743199382064,85.76186380089842,ok, ok, ok, ok, noise-pass,6,266,130