patient_id,user_id,ear,attempt_id,site,f1_2khz,f1_3khz,f1_4khz,f1_5khz,f2_2khz,f2_3khz,f2_4khz,f2_5khz,oae_2khz,oae_3khz,oae_4khz,oae_5khz,2khz_selected,3khz_selected,4khz_selected,5khz_selected,2khz_f1_sig,3khz_f1_sig,4khz_f1_sig,5khz_f1_sig,2khz_f1_noise,3khz_f1_noise,4khz_f1_noise,5khz_f1_noise,2khz_f1_snr,3khz_f1_snr,4khz_f1_snr,5khz_f1_snr,2khz_f1_snr_result,3khz_f1_snr_result,4khz_f1_snr_result,5khz_f1_snr_result,2khz_f2_sig,3khz_f2_sig,4khz_f2_sig,5khz_f2_sig,2khz_f2_noise,3khz_f2_noise,4khz_f2_noise,5khz_f2_noise,2khz_f2_snr,3khz_f2_snr,4khz_f2_snr,5khz_f2_snr,2khz_f2_snr_result,3khz_f2_snr_result,4khz_f2_snr_result,5khz_f2_snr_result,sig_2khz,sig_3khz,sig_4khz,sig_5khz,noise_2khz,noise_3khz,noise_4khz,noise_5khz,snr_2khz,snr_3khz,snr_4khz,snr_5khz,2khz_result,3khz_result,4khz_result,5khz_result,test_result,test_complete,ambient_noise_2khz,ambient_noise_3khz,ambient_noise_4khz,ambient_noise_5khz,ambient_noise_result_2khz,ambient_noise_result_3khz,ambient_noise_result_4khz,ambient_noise_result_5khz,ambient_noise_result,tone_length,check_fit_val,check_fit_thresh
194,Name,right,1,,1557,2377,3196,4016,1900,2900,3900,4900,1214,1854,2492,3132,true,true,true,true,160.6698694898549,160.643849144863,161.2061489246038,159.4632802915219,83.26633776904963,77.88073023450045,79.13064998597348,89.70925168285179,77.40353172080528,82.76311891036255,82.07549893863033,69.75402860867011,true,true,true,true,148.5950921633942,160.54928298580396,153.9534127178754,155.88635680827736,73.21576799719816,77.03747169749266,72.04072278458493,86.27077128452507,75.37932416619606,83.51181128831129,81.91268993329048,69.61558552375229,true,true,true,true,80.59509725935743,73.33884054370611,63.039130405673205,58.39940691661083,74.65900136815604,69.76951354614928,57.348050859711,55.81005257326703,5.93609589120139,3.5693269975568285,5.691079545962204,2.5893543433437998,false,false,false,false,Refer,true,83.26772945358881,82.99305763319283,83.88865658009277,91.7641745095307,ok, ok, ok, ok, noise-pass,6,320,130