patient_id,user_id,ear,attempt_id,site,f1_2khz,f1_3khz,f1_4khz,f1_5khz,f2_2khz,f2_3khz,f2_4khz,f2_5khz,oae_2khz,oae_3khz,oae_4khz,oae_5khz,2khz_selected,3khz_selected,4khz_selected,5khz_selected,2khz_f1_sig,3khz_f1_sig,4khz_f1_sig,5khz_f1_sig,2khz_f1_noise,3khz_f1_noise,4khz_f1_noise,5khz_f1_noise,2khz_f1_snr,3khz_f1_snr,4khz_f1_snr,5khz_f1_snr,2khz_f1_snr_result,3khz_f1_snr_result,4khz_f1_snr_result,5khz_f1_snr_result,2khz_f2_sig,3khz_f2_sig,4khz_f2_sig,5khz_f2_sig,2khz_f2_noise,3khz_f2_noise,4khz_f2_noise,5khz_f2_noise,2khz_f2_snr,3khz_f2_snr,4khz_f2_snr,5khz_f2_snr,2khz_f2_snr_result,3khz_f2_snr_result,4khz_f2_snr_result,5khz_f2_snr_result,sig_2khz,sig_3khz,sig_4khz,sig_5khz,noise_2khz,noise_3khz,noise_4khz,noise_5khz,snr_2khz,snr_3khz,snr_4khz,snr_5khz,2khz_result,3khz_result,4khz_result,5khz_result,test_result,test_complete,ambient_noise_2khz,ambient_noise_3khz,ambient_noise_4khz,ambient_noise_5khz,ambient_noise_result_2khz,ambient_noise_result_3khz,ambient_noise_result_4khz,ambient_noise_result_5khz,ambient_noise_result,tone_length,check_fit_val,check_fit_thresh
190,Name,right,2,,1557,2377,3196,4016,1900,2900,3900,4900,1214,1854,2492,3132,true,true,true,true,153.29309373399755,163.80379098814313,159.03063791328827,158.59800285000986,88.3095041614793,89.10999064445093,96.09373571606048,88.18772574304819,64.98358957251826,74.6938003436922,62.936902197227795,70.41027710696167,true,true,true,true,149.40791593592976,160.35490723191444,151.4698572920741,155.52056545065568,84.76442087951946,85.74805894421996,88.76077648190709,85.13018075938574,64.6434950564103,74.60684828769448,62.70908081016701,70.39038469126994,true,true,true,true,87.05291885918756,76.09963116619609,84.20414059840803,62.33407811723189,70.40257835965748,64.64575269649583,81.00406023745808,58.1980500840134,16.650340499530074,11.453878469700257,3.200080360949954,4.136028033218487,true,true,false,false,Refer,true,89.74786003667833,85.04739880636977,101.5008072310397,89.68289420831621,ok, ok, ok, ok, noise-pass,6,220,130