patient_id,user_id,ear,attempt_id,site,f1_2khz,f1_3khz,f1_4khz,f1_5khz,f2_2khz,f2_3khz,f2_4khz,f2_5khz,oae_2khz,oae_3khz,oae_4khz,oae_5khz,2khz_selected,3khz_selected,4khz_selected,5khz_selected,2khz_f1_sig,3khz_f1_sig,4khz_f1_sig,5khz_f1_sig,2khz_f1_noise,3khz_f1_noise,4khz_f1_noise,5khz_f1_noise,2khz_f1_snr,3khz_f1_snr,4khz_f1_snr,5khz_f1_snr,2khz_f1_snr_result,3khz_f1_snr_result,4khz_f1_snr_result,5khz_f1_snr_result,2khz_f2_sig,3khz_f2_sig,4khz_f2_sig,5khz_f2_sig,2khz_f2_noise,3khz_f2_noise,4khz_f2_noise,5khz_f2_noise,2khz_f2_snr,3khz_f2_snr,4khz_f2_snr,5khz_f2_snr,2khz_f2_snr_result,3khz_f2_snr_result,4khz_f2_snr_result,5khz_f2_snr_result,sig_2khz,sig_3khz,sig_4khz,sig_5khz,noise_2khz,noise_3khz,noise_4khz,noise_5khz,snr_2khz,snr_3khz,snr_4khz,snr_5khz,2khz_result,3khz_result,4khz_result,5khz_result,test_result,test_complete,ambient_noise_2khz,ambient_noise_3khz,ambient_noise_4khz,ambient_noise_5khz,ambient_noise_result_2khz,ambient_noise_result_3khz,ambient_noise_result_4khz,ambient_noise_result_5khz,ambient_noise_result,tone_length,check_fit_val,check_fit_thresh
203,Name,left,1,,1557,2377,3196,4016,1900,2900,3900,4900,1214,1854,2492,3132,true,true,true,true,157.8450633300141,163.34616589264027,161.2296906936628,157.58787908539017,88.30344264986246,85.9289666620159,88.03164786266979,106.30629633300103,69.54162068015165,77.41719923062438,73.19804283099302,51.28158275238914,true,true,true,false,151.4887272040639,160.08870961990627,153.74659067588672,154.76718772525032,82.15379551311521,82.78226530977732,80.83703284753975,103.47954428103216,69.3349316909487,77.30644431012895,72.90955782834698,51.28764344421816,true,true,true,true,101.81965416741237,98.18460807195903,78.55178177275626,80.50791267500685,71.77113388873599,64.80541026062855,58.262823558425964,79.39412648180812,30.048520278676378,33.379197811330485,20.288958214330293,1.1137861931987345,true,true,true,false,Pass,true,84.85740499880107,77.83507542118738,81.77875771239144,99.98100667415072,ok, ok, ok, ok, noise-pass,6,203,130