patient_id,user_id,ear,attempt_id,site,f1_2khz,f1_3khz,f1_4khz,f1_5khz,f2_2khz,f2_3khz,f2_4khz,f2_5khz,oae_2khz,oae_3khz,oae_4khz,oae_5khz,2khz_selected,3khz_selected,4khz_selected,5khz_selected,2khz_f1_sig,3khz_f1_sig,4khz_f1_sig,5khz_f1_sig,2khz_f1_noise,3khz_f1_noise,4khz_f1_noise,5khz_f1_noise,2khz_f1_snr,3khz_f1_snr,4khz_f1_snr,5khz_f1_snr,2khz_f1_snr_result,3khz_f1_snr_result,4khz_f1_snr_result,5khz_f1_snr_result,2khz_f2_sig,3khz_f2_sig,4khz_f2_sig,5khz_f2_sig,2khz_f2_noise,3khz_f2_noise,4khz_f2_noise,5khz_f2_noise,2khz_f2_snr,3khz_f2_snr,4khz_f2_snr,5khz_f2_snr,2khz_f2_snr_result,3khz_f2_snr_result,4khz_f2_snr_result,5khz_f2_snr_result,sig_2khz,sig_3khz,sig_4khz,sig_5khz,noise_2khz,noise_3khz,noise_4khz,noise_5khz,snr_2khz,snr_3khz,snr_4khz,snr_5khz,2khz_result,3khz_result,4khz_result,5khz_result,test_result,test_complete,ambient_noise_2khz,ambient_noise_3khz,ambient_noise_4khz,ambient_noise_5khz,ambient_noise_result_2khz,ambient_noise_result_3khz,ambient_noise_result_4khz,ambient_noise_result_5khz,ambient_noise_result,tone_length,check_fit_val,check_fit_thresh
505,Name,left,1,,1557,2377,3196,4016,1900,2900,3900,4900,1214,1854,2492,3132,true,true,true,true,155.80134873783115,163.06021237672252,161.29108382733517,159.59211712993724,85.87368145258723,82.24397456895699,80.64146354875999,77.72168653331408,69.92766728524391,80.81623780776553,80.64962027857518,81.87043059662315,true,true,true,true,151.31783630931284,160.2764692255744,154.01148187573386,157.0973440052111,81.33956953627879,79.58593205647868,73.64678861543234,75.55752956814516,69.97826677303405,80.69053716909572,80.36469326030152,81.53981443706596,true,true,true,true,93.42924796723221,81.4348460076721,65.47645650501163,69.96733084498229,72.51765253328936,60.7867804527293,53.886978100335185,50.424720704094824,20.91159543394285,20.648065554942804,11.589478404676441,19.54261014088746,true,true,true,true,Pass,true,79.34569135038596,74.41858355744489,72.78938125727801,73.84436981763494,ok, ok, ok, ok, noise-pass,6,204,130