patient_id,user_id,ear,attempt_id,site,f1_2khz,f1_3khz,f1_4khz,f1_5khz,f2_2khz,f2_3khz,f2_4khz,f2_5khz,oae_2khz,oae_3khz,oae_4khz,oae_5khz,2khz_selected,3khz_selected,4khz_selected,5khz_selected,2khz_f1_sig,3khz_f1_sig,4khz_f1_sig,5khz_f1_sig,2khz_f1_noise,3khz_f1_noise,4khz_f1_noise,5khz_f1_noise,2khz_f1_snr,3khz_f1_snr,4khz_f1_snr,5khz_f1_snr,2khz_f1_snr_result,3khz_f1_snr_result,4khz_f1_snr_result,5khz_f1_snr_result,2khz_f2_sig,3khz_f2_sig,4khz_f2_sig,5khz_f2_sig,2khz_f2_noise,3khz_f2_noise,4khz_f2_noise,5khz_f2_noise,2khz_f2_snr,3khz_f2_snr,4khz_f2_snr,5khz_f2_snr,2khz_f2_snr_result,3khz_f2_snr_result,4khz_f2_snr_result,5khz_f2_snr_result,sig_2khz,sig_3khz,sig_4khz,sig_5khz,noise_2khz,noise_3khz,noise_4khz,noise_5khz,snr_2khz,snr_3khz,snr_4khz,snr_5khz,2khz_result,3khz_result,4khz_result,5khz_result,test_result,test_complete,ambient_noise_2khz,ambient_noise_3khz,ambient_noise_4khz,ambient_noise_5khz,ambient_noise_result_2khz,ambient_noise_result_3khz,ambient_noise_result_4khz,ambient_noise_result_5khz,ambient_noise_result,tone_length,check_fit_val,check_fit_thresh
152,Name,right,1,Mathare,1557,2377,3196,4016,1900,2900,3900,4900,1214,1854,2492,3132,true,true,true,true,161.42484647694164,162.18142532833465,161.41649928442155,160.38639479137058,103.96183647829287,88.52796921825949,85.28987058513019,86.40398726818981,57.46300999864877,73.65345611007517,76.12662869929136,73.98240752318077,false,true,true,true,150.69889090772972,160.48811508100525,154.75670836907463,156.88775718521794,93.41729940679284,86.85952117024732,78.92948773284189,83.22253520546349,57.281591500936884,73.62859391075793,75.82722063623274,73.66522197975445,true,true,true,true,103.73332712329349,89.30869401901748,85.35490083808861,82.07440661182828,86.5972068907362,76.41091679836087,69.42990066866959,66.31358779306241,17.13612023255729,12.897777220656607,15.925000169419022,15.76081881876587,true,true,true,true,Pass,true,93.49818422437609,90.13803473203022,93.8140101090856,94.42724733576165,ok, ok, ok, ok, noise-pass,6,273,130