patient_id,user_id,ear,attempt_id,site,f1_2khz,f1_3khz,f1_4khz,f1_5khz,f2_2khz,f2_3khz,f2_4khz,f2_5khz,oae_2khz,oae_3khz,oae_4khz,oae_5khz,2khz_selected,3khz_selected,4khz_selected,5khz_selected,2khz_f1_sig,3khz_f1_sig,4khz_f1_sig,5khz_f1_sig,2khz_f1_noise,3khz_f1_noise,4khz_f1_noise,5khz_f1_noise,2khz_f1_snr,3khz_f1_snr,4khz_f1_snr,5khz_f1_snr,2khz_f1_snr_result,3khz_f1_snr_result,4khz_f1_snr_result,5khz_f1_snr_result,2khz_f2_sig,3khz_f2_sig,4khz_f2_sig,5khz_f2_sig,2khz_f2_noise,3khz_f2_noise,4khz_f2_noise,5khz_f2_noise,2khz_f2_snr,3khz_f2_snr,4khz_f2_snr,5khz_f2_snr,2khz_f2_snr_result,3khz_f2_snr_result,4khz_f2_snr_result,5khz_f2_snr_result,sig_2khz,sig_3khz,sig_4khz,sig_5khz,noise_2khz,noise_3khz,noise_4khz,noise_5khz,snr_2khz,snr_3khz,snr_4khz,snr_5khz,2khz_result,3khz_result,4khz_result,5khz_result,test_result,test_complete,ambient_noise_2khz,ambient_noise_3khz,ambient_noise_4khz,ambient_noise_5khz,ambient_noise_result_2khz,ambient_noise_result_3khz,ambient_noise_result_4khz,ambient_noise_result_5khz,ambient_noise_result,tone_length,check_fit_val,check_fit_thresh
307,Name,left,1,,1557,2377,3196,4016,1900,2900,3900,4900,1214,1854,2492,3132,true,true,true,true,160.70093609773932,162.83995966068642,159.9018272868668,158.50296051307114,95.20844494525471,82.25100074690495,73.01979391986114,73.8766163276199,65.4924911524846,80.58895891378147,86.88203336700565,84.62634418545125,true,true,true,true,154.47459500833597,158.88797496288763,152.20788317878853,155.206920902107,93.38202506087899,75.69265430707107,71.06495261949804,70.75940268386299,61.09256994745698,83.19532065581656,81.14293055929049,84.447518218244,true,true,true,true,99.04935821076153,91.45058923394005,83.58446407896574,80.86528923647774,94.67752406641038,87.94330314125048,82.2772298242105,72.55932261926455,4.371834144351141,3.5072860926895686,1.3072342547552438,8.305966617213187,false,false,false,true,Refer,true,94.72691197726797,91.91366623894123,97.51811871872475,93.5268654588606,ok, ok, ok, ok, noise-pass,6,47,130