patient_id,user_id,ear,attempt_id,site,f1_2khz,f1_3khz,f1_4khz,f1_5khz,f2_2khz,f2_3khz,f2_4khz,f2_5khz,oae_2khz,oae_3khz,oae_4khz,oae_5khz,2khz_selected,3khz_selected,4khz_selected,5khz_selected,2khz_f1_sig,3khz_f1_sig,4khz_f1_sig,5khz_f1_sig,2khz_f1_noise,3khz_f1_noise,4khz_f1_noise,5khz_f1_noise,2khz_f1_snr,3khz_f1_snr,4khz_f1_snr,5khz_f1_snr,2khz_f1_snr_result,3khz_f1_snr_result,4khz_f1_snr_result,5khz_f1_snr_result,2khz_f2_sig,3khz_f2_sig,4khz_f2_sig,5khz_f2_sig,2khz_f2_noise,3khz_f2_noise,4khz_f2_noise,5khz_f2_noise,2khz_f2_snr,3khz_f2_snr,4khz_f2_snr,5khz_f2_snr,2khz_f2_snr_result,3khz_f2_snr_result,4khz_f2_snr_result,5khz_f2_snr_result,sig_2khz,sig_3khz,sig_4khz,sig_5khz,noise_2khz,noise_3khz,noise_4khz,noise_5khz,snr_2khz,snr_3khz,snr_4khz,snr_5khz,2khz_result,3khz_result,4khz_result,5khz_result,test_result,test_complete,ambient_noise_2khz,ambient_noise_3khz,ambient_noise_4khz,ambient_noise_5khz,ambient_noise_result_2khz,ambient_noise_result_3khz,ambient_noise_result_4khz,ambient_noise_result_5khz,ambient_noise_result,tone_length,check_fit_val,check_fit_thresh
351,Name,left,2,KNH,1557,2377,3196,4016,1900,2900,3900,4900,1214,1854,2492,3132,true,true,true,true,156.04737023389373,162.23747315176274,160.3371003973283,158.7909396540071,105.02827522751844,102.64541503417792,104.01852038088668,102.11849940205954,51.019095006375295,59.59205811758483,56.318580016441615,56.67244025194756,false,false,false,false,147.30441900448346,159.06013250478344,153.06063368267058,155.3970321281642,96.4961937301461,99.5711791812913,96.92216589712453,98.80837408958672,50.80822527433736,59.48895332349214,56.138467785546055,56.58865803857748,true,true,true,true,94.38582514819689,91.30300066719039,80.53470933741659,89.12414100120884,82.60209018716426,74.63953876284121,70.60846880355237,80.1572288647042,11.783734961032621,16.663461904349177,9.926240533864217,8.966912136504646,true,true,true,true,Pass,true,89.66788835460879,93.131082704161,97.13827643949463,94.96385117784207,ok, ok, ok, ok, noise-pass,6,220,130