patient_id,user_id,ear,attempt_id,site,f1_2khz,f1_3khz,f1_4khz,f1_5khz,f2_2khz,f2_3khz,f2_4khz,f2_5khz,oae_2khz,oae_3khz,oae_4khz,oae_5khz,2khz_selected,3khz_selected,4khz_selected,5khz_selected,2khz_f1_sig,3khz_f1_sig,4khz_f1_sig,5khz_f1_sig,2khz_f1_noise,3khz_f1_noise,4khz_f1_noise,5khz_f1_noise,2khz_f1_snr,3khz_f1_snr,4khz_f1_snr,5khz_f1_snr,2khz_f1_snr_result,3khz_f1_snr_result,4khz_f1_snr_result,5khz_f1_snr_result,2khz_f2_sig,3khz_f2_sig,4khz_f2_sig,5khz_f2_sig,2khz_f2_noise,3khz_f2_noise,4khz_f2_noise,5khz_f2_noise,2khz_f2_snr,3khz_f2_snr,4khz_f2_snr,5khz_f2_snr,2khz_f2_snr_result,3khz_f2_snr_result,4khz_f2_snr_result,5khz_f2_snr_result,sig_2khz,sig_3khz,sig_4khz,sig_5khz,noise_2khz,noise_3khz,noise_4khz,noise_5khz,snr_2khz,snr_3khz,snr_4khz,snr_5khz,2khz_result,3khz_result,4khz_result,5khz_result,test_result,test_complete,ambient_noise_2khz,ambient_noise_3khz,ambient_noise_4khz,ambient_noise_5khz,ambient_noise_result_2khz,ambient_noise_result_3khz,ambient_noise_result_4khz,ambient_noise_result_5khz,ambient_noise_result,tone_length,check_fit_val,check_fit_thresh
503,Name,left,1,,1557,2377,3196,4016,1900,2900,3900,4900,1214,1854,2492,3132,true,true,true,true,159.9853431156613,163.28134457126723,161.318560657714,159.64892330200428,81.53022916812758,83.74880278457483,82.12604310971265,83.11382418933947,78.45511394753372,79.53254178669239,79.19251754800133,76.53509911266481,true,true,true,true,154.69300747692105,160.25231520653986,154.11542783283207,157.10951158282035,76.86734700698412,80.60254631454171,75.27830876535626,80.74802702985696,77.82566046993693,79.64976889199815,78.83711906747581,76.36148455296339,true,true,true,true,93.8884854217003,89.68166254454371,71.52202875056625,60.7121324141721,64.3629681286938,60.09989978003193,55.957889832316084,53.06316241917261,29.5255172930065,29.58176276451178,15.564138918250165,7.64896999499949,true,true,true,true,Pass,true,69.58149435595513,69.7497569791114,73.65552724761253,73.03693435310304,ok, ok, ok, ok, noise-pass,6,223,130