patient_id,user_id,ear,attempt_id,site,f1_2khz,f1_3khz,f1_4khz,f1_5khz,f2_2khz,f2_3khz,f2_4khz,f2_5khz,oae_2khz,oae_3khz,oae_4khz,oae_5khz,2khz_selected,3khz_selected,4khz_selected,5khz_selected,2khz_f1_sig,3khz_f1_sig,4khz_f1_sig,5khz_f1_sig,2khz_f1_noise,3khz_f1_noise,4khz_f1_noise,5khz_f1_noise,2khz_f1_snr,3khz_f1_snr,4khz_f1_snr,5khz_f1_snr,2khz_f1_snr_result,3khz_f1_snr_result,4khz_f1_snr_result,5khz_f1_snr_result,2khz_f2_sig,3khz_f2_sig,4khz_f2_sig,5khz_f2_sig,2khz_f2_noise,3khz_f2_noise,4khz_f2_noise,5khz_f2_noise,2khz_f2_snr,3khz_f2_snr,4khz_f2_snr,5khz_f2_snr,2khz_f2_snr_result,3khz_f2_snr_result,4khz_f2_snr_result,5khz_f2_snr_result,sig_2khz,sig_3khz,sig_4khz,sig_5khz,noise_2khz,noise_3khz,noise_4khz,noise_5khz,snr_2khz,snr_3khz,snr_4khz,snr_5khz,2khz_result,3khz_result,4khz_result,5khz_result,test_result,test_complete,ambient_noise_2khz,ambient_noise_3khz,ambient_noise_4khz,ambient_noise_5khz,ambient_noise_result_2khz,ambient_noise_result_3khz,ambient_noise_result_4khz,ambient_noise_result_5khz,ambient_noise_result,tone_length,check_fit_val,check_fit_thresh
503,Name,right,1,,1557,2377,3196,4016,1900,2900,3900,4900,1214,1854,2492,3132,true,true,true,true,159.80868263731585,163.40612162847006,161.364034398476,159.6580253715626,97.48859994435887,79.25117130803432,83.84322731456565,75.646549436697,62.32008269295699,84.15495032043574,77.52080708391036,84.01147593486559,true,true,true,true,154.5937237821602,160.25377034096576,154.08521523023387,157.0687515737583,92.4111217004008,76.30693469998599,76.90160402774394,73.29718611375661,62.1826020817594,83.94683564097977,77.18361120248993,83.7715654600017,true,true,true,true,91.2072499581963,85.27785269454169,71.09101011226538,63.11293576970365,73.05822227304675,60.78560911013956,57.839428748514024,50.13291800254415,18.149027685149548,24.492243584402132,13.251581363751356,12.980017767159495,true,true,true,true,Pass,true,72.5943245712883,71.08463974434791,76.77303479161361,73.36717374732979,ok, ok, ok, ok, noise-pass,6,220,130