patient_id,user_id,ear,attempt_id,site,f1_2khz,f1_3khz,f1_4khz,f1_5khz,f2_2khz,f2_3khz,f2_4khz,f2_5khz,oae_2khz,oae_3khz,oae_4khz,oae_5khz,2khz_selected,3khz_selected,4khz_selected,5khz_selected,2khz_f1_sig,3khz_f1_sig,4khz_f1_sig,5khz_f1_sig,2khz_f1_noise,3khz_f1_noise,4khz_f1_noise,5khz_f1_noise,2khz_f1_snr,3khz_f1_snr,4khz_f1_snr,5khz_f1_snr,2khz_f1_snr_result,3khz_f1_snr_result,4khz_f1_snr_result,5khz_f1_snr_result,2khz_f2_sig,3khz_f2_sig,4khz_f2_sig,5khz_f2_sig,2khz_f2_noise,3khz_f2_noise,4khz_f2_noise,5khz_f2_noise,2khz_f2_snr,3khz_f2_snr,4khz_f2_snr,5khz_f2_snr,2khz_f2_snr_result,3khz_f2_snr_result,4khz_f2_snr_result,5khz_f2_snr_result,sig_2khz,sig_3khz,sig_4khz,sig_5khz,noise_2khz,noise_3khz,noise_4khz,noise_5khz,snr_2khz,snr_3khz,snr_4khz,snr_5khz,2khz_result,3khz_result,4khz_result,5khz_result,test_result,test_complete,ambient_noise_2khz,ambient_noise_3khz,ambient_noise_4khz,ambient_noise_5khz,ambient_noise_result_2khz,ambient_noise_result_3khz,ambient_noise_result_4khz,ambient_noise_result_5khz,ambient_noise_result,tone_length,check_fit_val,check_fit_thresh
351,Name,right,1,KNH,1557,2377,3196,4016,1900,2900,3900,4900,1214,1854,2492,3132,true,true,true,true,156.7304260885054,162.2081092886651,160.31651377620588,158.7423595351571,84.0438116854175,86.50222938335246,90.95690755157526,88.15771469468048,72.6866144030879,75.70587990531264,69.35960622463062,70.58464484047663,true,true,true,true,149.2693049831055,159.1689164960441,153.02805739067287,155.64374387429856,77.85064941461344,83.75736795617654,83.89693711995152,85.00821090863664,71.41865556849207,75.41154853986755,69.13112027072135,70.63553296566192,true,true,true,true,96.93888856401097,94.84570119395138,81.22379832676175,77.26269315236055,69.61162914993191,65.23349579552487,57.69789712332194,59.57530000091684,27.32725941407905,29.61220539842651,23.525901203439815,17.687393151443715,true,true,true,true,Pass,true,77.92199509215897,76.84810815521452,81.2003766026834,83.69291764527097,ok, ok, ok, ok, noise-pass,6,251,130