patient_id,user_id,ear,attempt_id,site,f1_2khz,f1_3khz,f1_4khz,f1_5khz,f2_2khz,f2_3khz,f2_4khz,f2_5khz,oae_2khz,oae_3khz,oae_4khz,oae_5khz,2khz_selected,3khz_selected,4khz_selected,5khz_selected,2khz_f1_sig,3khz_f1_sig,4khz_f1_sig,5khz_f1_sig,2khz_f1_noise,3khz_f1_noise,4khz_f1_noise,5khz_f1_noise,2khz_f1_snr,3khz_f1_snr,4khz_f1_snr,5khz_f1_snr,2khz_f1_snr_result,3khz_f1_snr_result,4khz_f1_snr_result,5khz_f1_snr_result,2khz_f2_sig,3khz_f2_sig,4khz_f2_sig,5khz_f2_sig,2khz_f2_noise,3khz_f2_noise,4khz_f2_noise,5khz_f2_noise,2khz_f2_snr,3khz_f2_snr,4khz_f2_snr,5khz_f2_snr,2khz_f2_snr_result,3khz_f2_snr_result,4khz_f2_snr_result,5khz_f2_snr_result,sig_2khz,sig_3khz,sig_4khz,sig_5khz,noise_2khz,noise_3khz,noise_4khz,noise_5khz,snr_2khz,snr_3khz,snr_4khz,snr_5khz,2khz_result,3khz_result,4khz_result,5khz_result,test_result,test_complete,ambient_noise_2khz,ambient_noise_3khz,ambient_noise_4khz,ambient_noise_5khz,ambient_noise_result_2khz,ambient_noise_result_3khz,ambient_noise_result_4khz,ambient_noise_result_5khz,ambient_noise_result,tone_length,check_fit_val,check_fit_thresh
301,Name,right,1,,1557,2377,3196,4016,1900,2900,3900,4900,1214,1854,2492,3132,true,true,true,true,149.3425428099006,163.0403717860499,160.77377265857638,158.83702855583488,105.45001792046983,112.42981174682156,93.92206400245419,110.82067594944897,43.892524889430774,50.61056003922833,66.85170865612218,48.01635260638591,false,false,true,false,146.9266958930262,158.8970009696911,153.30780465604676,156.2085013052207,103.03476146493645,108.2228776648158,86.65394055802312,108.20045649213513,43.89193442808974,50.67412330487531,66.65386409802363,48.00804481308556,false,true,true,false,91.728931559164,84.74659501619072,73.85900258207882,79.78195591242863,87.73692368746177,83.50068405525057,60.57398513984595,79.52430344764106,3.992007871702228,1.2459109609401509,13.285017442232864,0.25765246478756865,false,false,true,false,Refer,true,94.52874703219149,90.47418560635184,89.40051897548976,94.60658785598119,ok, ok, ok, ok, noise-pass,6,176,130