patient_id,user_id,ear,attempt_id,site,f1_2khz,f1_3khz,f1_4khz,f1_5khz,f2_2khz,f2_3khz,f2_4khz,f2_5khz,oae_2khz,oae_3khz,oae_4khz,oae_5khz,2khz_selected,3khz_selected,4khz_selected,5khz_selected,2khz_f1_sig,3khz_f1_sig,4khz_f1_sig,5khz_f1_sig,2khz_f1_noise,3khz_f1_noise,4khz_f1_noise,5khz_f1_noise,2khz_f1_snr,3khz_f1_snr,4khz_f1_snr,5khz_f1_snr,2khz_f1_snr_result,3khz_f1_snr_result,4khz_f1_snr_result,5khz_f1_snr_result,2khz_f2_sig,3khz_f2_sig,4khz_f2_sig,5khz_f2_sig,2khz_f2_noise,3khz_f2_noise,4khz_f2_noise,5khz_f2_noise,2khz_f2_snr,3khz_f2_snr,4khz_f2_snr,5khz_f2_snr,2khz_f2_snr_result,3khz_f2_snr_result,4khz_f2_snr_result,5khz_f2_snr_result,sig_2khz,sig_3khz,sig_4khz,sig_5khz,noise_2khz,noise_3khz,noise_4khz,noise_5khz,snr_2khz,snr_3khz,snr_4khz,snr_5khz,2khz_result,3khz_result,4khz_result,5khz_result,test_result,test_complete,ambient_noise_2khz,ambient_noise_3khz,ambient_noise_4khz,ambient_noise_5khz,ambient_noise_result_2khz,ambient_noise_result_3khz,ambient_noise_result_4khz,ambient_noise_result_5khz,ambient_noise_result,tone_length,check_fit_val,check_fit_thresh
156,Name,right,1,Mathare,1557,2377,3196,4016,1900,2900,3900,4900,1214,1854,2492,3132,true,true,true,true,159.91109916537454,158.77719404032928,160.70913035649338,159.17326188803716,104.59935302728331,94.81150083667727,95.67656913941305,95.18068181977839,55.31174613809122,63.96569320365201,65.03256121708033,63.992580068258775,false,true,true,true,148.84471982437515,160.26235612478573,153.47178087059956,156.60850526173726,93.93825799182369,96.54888268531403,88.72384473952883,92.79466576497363,54.90646183255146,63.7134734394717,64.74793613107073,63.813839496763634,true,true,true,true,95.56698968297361,93.03858559314304,79.52644701966521,79.39906477852871,79.02239489191685,75.64510554069294,71.26285508370094,55.017462766835344,16.544594791056767,17.3934800524501,8.263591935964271,24.381602011693367,true,true,true,true,Pass,true,88.78480133290634,90.99976648442315,94.3314674930686,92.73503994447904,ok, ok, ok, ok, noise-pass,6,268,130