patient_id,user_id,ear,attempt_id,site,f1_2khz,f1_3khz,f1_4khz,f1_5khz,f2_2khz,f2_3khz,f2_4khz,f2_5khz,oae_2khz,oae_3khz,oae_4khz,oae_5khz,2khz_selected,3khz_selected,4khz_selected,5khz_selected,2khz_f1_sig,3khz_f1_sig,4khz_f1_sig,5khz_f1_sig,2khz_f1_noise,3khz_f1_noise,4khz_f1_noise,5khz_f1_noise,2khz_f1_snr,3khz_f1_snr,4khz_f1_snr,5khz_f1_snr,2khz_f1_snr_result,3khz_f1_snr_result,4khz_f1_snr_result,5khz_f1_snr_result,2khz_f2_sig,3khz_f2_sig,4khz_f2_sig,5khz_f2_sig,2khz_f2_noise,3khz_f2_noise,4khz_f2_noise,5khz_f2_noise,2khz_f2_snr,3khz_f2_snr,4khz_f2_snr,5khz_f2_snr,2khz_f2_snr_result,3khz_f2_snr_result,4khz_f2_snr_result,5khz_f2_snr_result,sig_2khz,sig_3khz,sig_4khz,sig_5khz,noise_2khz,noise_3khz,noise_4khz,noise_5khz,snr_2khz,snr_3khz,snr_4khz,snr_5khz,2khz_result,3khz_result,4khz_result,5khz_result,test_result,test_complete,ambient_noise_2khz,ambient_noise_3khz,ambient_noise_4khz,ambient_noise_5khz,ambient_noise_result_2khz,ambient_noise_result_3khz,ambient_noise_result_4khz,ambient_noise_result_5khz,ambient_noise_result,tone_length,check_fit_val,check_fit_thresh
353,Name,right,2,KNH,1557,2377,3196,4016,1900,2900,3900,4900,1214,1854,2492,3132,true,true,true,true,156.35765509028838,160.418877880188,160.27878577347093,158.74052317667906,105.33644782823019,93.44788172287744,93.63019741857556,86.30113029646583,51.021207262058184,66.97099615731057,66.64858835489537,72.43939288021323,false,true,true,true,147.21518719630944,159.12249146641358,153.00249795040332,155.78540549920726,96.53331900272185,92.27391156004765,86.57206394426693,83.55961740643875,50.68186819358759,66.84857990636593,66.4304340061364,72.22578809276851,true,true,true,true,97.03713489621309,85.52120613520466,79.70205721172293,67.55044539419131,92.67769882801575,76.94175848322901,70.99297616533607,58.52851201034653,4.35943606819734,8.579447651975656,8.709081046386856,9.021933383844782,false,true,true,true,Pass,true,102.4649048813134,94.28767301563495,91.2568902775028,94.47995947903634,ok, ok, ok, ok, noise-pass,6,241,130