patient_id,user_id,ear,attempt_id,site,f1_2khz,f1_3khz,f1_4khz,f1_5khz,f2_2khz,f2_3khz,f2_4khz,f2_5khz,oae_2khz,oae_3khz,oae_4khz,oae_5khz,2khz_selected,3khz_selected,4khz_selected,5khz_selected,2khz_f1_sig,3khz_f1_sig,4khz_f1_sig,5khz_f1_sig,2khz_f1_noise,3khz_f1_noise,4khz_f1_noise,5khz_f1_noise,2khz_f1_snr,3khz_f1_snr,4khz_f1_snr,5khz_f1_snr,2khz_f1_snr_result,3khz_f1_snr_result,4khz_f1_snr_result,5khz_f1_snr_result,2khz_f2_sig,3khz_f2_sig,4khz_f2_sig,5khz_f2_sig,2khz_f2_noise,3khz_f2_noise,4khz_f2_noise,5khz_f2_noise,2khz_f2_snr,3khz_f2_snr,4khz_f2_snr,5khz_f2_snr,2khz_f2_snr_result,3khz_f2_snr_result,4khz_f2_snr_result,5khz_f2_snr_result,sig_2khz,sig_3khz,sig_4khz,sig_5khz,noise_2khz,noise_3khz,noise_4khz,noise_5khz,snr_2khz,snr_3khz,snr_4khz,snr_5khz,2khz_result,3khz_result,4khz_result,5khz_result,test_result,test_complete,ambient_noise_2khz,ambient_noise_3khz,ambient_noise_4khz,ambient_noise_5khz,ambient_noise_result_2khz,ambient_noise_result_3khz,ambient_noise_result_4khz,ambient_noise_result_5khz,ambient_noise_result,tone_length,check_fit_val,check_fit_thresh
350,Name,left,1,,1557,2377,3196,4016,1900,2900,3900,4900,1214,1854,2492,3132,true,true,true,true,156.98408436503175,160.62571110797978,160.28914833558574,158.7322535093171,96.49349389053089,102.26429331708877,99.43032172180503,94.54597953873903,60.49059047450086,58.36141779089101,60.85882661378071,64.18627397057807,true,false,true,true,149.54952973194315,159.63019658916818,153.01964432403838,156.15336500655678,88.82678881551209,101.34154688432248,92.36008163548908,92.11646745324268,60.722740916431064,58.288649704845696,60.6595626885493,64.0368975533141,true,true,true,true,103.70038367101323,103.25975703254397,94.29702000973526,75.60972001123469,93.68851941649454,86.93076050899661,76.35687808851105,64.05643826433081,10.011864254518684,16.32899652354736,17.94014192122421,11.553281746903878,true,true,true,true,Pass,true,93.11827991122672,96.01406006554706,96.27367037928059,90.39860777639991,ok, ok, ok, ok, noise-pass,6,281,130