patient_id,user_id,ear,attempt_id,site,f1_2khz,f1_3khz,f1_4khz,f1_5khz,f2_2khz,f2_3khz,f2_4khz,f2_5khz,oae_2khz,oae_3khz,oae_4khz,oae_5khz,2khz_selected,3khz_selected,4khz_selected,5khz_selected,2khz_f1_sig,3khz_f1_sig,4khz_f1_sig,5khz_f1_sig,2khz_f1_noise,3khz_f1_noise,4khz_f1_noise,5khz_f1_noise,2khz_f1_snr,3khz_f1_snr,4khz_f1_snr,5khz_f1_snr,2khz_f1_snr_result,3khz_f1_snr_result,4khz_f1_snr_result,5khz_f1_snr_result,2khz_f2_sig,3khz_f2_sig,4khz_f2_sig,5khz_f2_sig,2khz_f2_noise,3khz_f2_noise,4khz_f2_noise,5khz_f2_noise,2khz_f2_snr,3khz_f2_snr,4khz_f2_snr,5khz_f2_snr,2khz_f2_snr_result,3khz_f2_snr_result,4khz_f2_snr_result,5khz_f2_snr_result,sig_2khz,sig_3khz,sig_4khz,sig_5khz,noise_2khz,noise_3khz,noise_4khz,noise_5khz,snr_2khz,snr_3khz,snr_4khz,snr_5khz,2khz_result,3khz_result,4khz_result,5khz_result,test_result,test_complete,ambient_noise_2khz,ambient_noise_3khz,ambient_noise_4khz,ambient_noise_5khz,ambient_noise_result_2khz,ambient_noise_result_3khz,ambient_noise_result_4khz,ambient_noise_result_5khz,ambient_noise_result,tone_length,check_fit_val,check_fit_thresh
13,Name,left,1,Mathare,1557,2377,3196,4016,1900,2900,3900,4900,1214,1854,2492,3132,true,true,true,true,160.56779202617165,162.50105638631535,161.5204958821143,160.0705786630457,102.87934398306109,90.7645771076601,88.78598118125555,88.32078900249881,57.688448043110554,71.73647927865525,72.73451470085874,71.74978966054688,false,true,true,true,155.18048328126565,160.58355342096831,154.60171847772781,157.78821711993942,97.54330322669338,89.09457536812215,82.10746783309865,86.45718894960098,57.63718005457227,71.48897805284616,72.49425064462916,71.33102817033844,true,true,true,true,87.98567635542236,76.90169240046754,69.95859447722653,67.79766959711067,79.69583787675994,72.45848199703205,59.40239215080606,55.82338232541016,8.289838478662418,4.4432104034354865,10.556202326420468,11.974287271700511,true,false,true,true,Pass,true,86.38763096382498,88.64128731463813,85.15380255814087,90.02324622462393,ok, ok, ok, ok, noise-pass,6,287,130