patient_id,user_id,ear,attempt_id,site,f1_2khz,f1_3khz,f1_4khz,f1_5khz,f2_2khz,f2_3khz,f2_4khz,f2_5khz,oae_2khz,oae_3khz,oae_4khz,oae_5khz,2khz_selected,3khz_selected,4khz_selected,5khz_selected,2khz_f1_sig,3khz_f1_sig,4khz_f1_sig,5khz_f1_sig,2khz_f1_noise,3khz_f1_noise,4khz_f1_noise,5khz_f1_noise,2khz_f1_snr,3khz_f1_snr,4khz_f1_snr,5khz_f1_snr,2khz_f1_snr_result,3khz_f1_snr_result,4khz_f1_snr_result,5khz_f1_snr_result,2khz_f2_sig,3khz_f2_sig,4khz_f2_sig,5khz_f2_sig,2khz_f2_noise,3khz_f2_noise,4khz_f2_noise,5khz_f2_noise,2khz_f2_snr,3khz_f2_snr,4khz_f2_snr,5khz_f2_snr,2khz_f2_snr_result,3khz_f2_snr_result,4khz_f2_snr_result,5khz_f2_snr_result,sig_2khz,sig_3khz,sig_4khz,sig_5khz,noise_2khz,noise_3khz,noise_4khz,noise_5khz,snr_2khz,snr_3khz,snr_4khz,snr_5khz,2khz_result,3khz_result,4khz_result,5khz_result,test_result,test_complete,ambient_noise_2khz,ambient_noise_3khz,ambient_noise_4khz,ambient_noise_5khz,ambient_noise_result_2khz,ambient_noise_result_3khz,ambient_noise_result_4khz,ambient_noise_result_5khz,ambient_noise_result,tone_length,check_fit_val,check_fit_thresh
202,Name,right,1,,1557,2377,3196,4016,1900,2900,3900,4900,1214,1854,2492,3132,true,true,true,true,155.05546638105608,162.62239809648793,160.88090928179446,159.30870198662285,92.20378830998392,99.12845118532454,98.60098578766485,98.41774062716779,62.85167807107216,63.49394691116339,62.279923494129605,60.89096135945506,true,true,true,true,150.47387657148153,160.23446375930175,153.53770431578107,156.49299928385483,87.53838643693314,96.90771225008875,91.50877959534363,95.73914186938808,62.93549013454839,63.326751509213,62.028924720437445,60.75385741446675,true,true,true,true,99.16725884184189,97.50087195934057,72.50874448127392,68.78194407781316,69.07896269078977,65.44009371000365,62.87742803181696,51.814638029140866,30.08829615105212,32.06077824933692,9.63131644945696,16.9673060486723,true,true,true,true,Pass,true,81.45498295986056,81.03483388106622,86.67395920505041,82.92286341717376,ok, ok, ok, ok, noise-pass,6,281,130