patient_id,user_id,ear,attempt_id,site,f1_2khz,f1_3khz,f1_4khz,f1_5khz,f2_2khz,f2_3khz,f2_4khz,f2_5khz,oae_2khz,oae_3khz,oae_4khz,oae_5khz,2khz_selected,3khz_selected,4khz_selected,5khz_selected,2khz_f1_sig,3khz_f1_sig,4khz_f1_sig,5khz_f1_sig,2khz_f1_noise,3khz_f1_noise,4khz_f1_noise,5khz_f1_noise,2khz_f1_snr,3khz_f1_snr,4khz_f1_snr,5khz_f1_snr,2khz_f1_snr_result,3khz_f1_snr_result,4khz_f1_snr_result,5khz_f1_snr_result,2khz_f2_sig,3khz_f2_sig,4khz_f2_sig,5khz_f2_sig,2khz_f2_noise,3khz_f2_noise,4khz_f2_noise,5khz_f2_noise,2khz_f2_snr,3khz_f2_snr,4khz_f2_snr,5khz_f2_snr,2khz_f2_snr_result,3khz_f2_snr_result,4khz_f2_snr_result,5khz_f2_snr_result,sig_2khz,sig_3khz,sig_4khz,sig_5khz,noise_2khz,noise_3khz,noise_4khz,noise_5khz,snr_2khz,snr_3khz,snr_4khz,snr_5khz,2khz_result,3khz_result,4khz_result,5khz_result,test_result,test_complete,ambient_noise_2khz,ambient_noise_3khz,ambient_noise_4khz,ambient_noise_5khz,ambient_noise_result_2khz,ambient_noise_result_3khz,ambient_noise_result_4khz,ambient_noise_result_5khz,ambient_noise_result,tone_length,check_fit_val,check_fit_thresh
202,Name,left,2,,1557,2377,3196,4016,1900,2900,3900,4900,1214,1854,2492,3132,true,true,true,true,155.3191125124479,163.0344450237254,160.54047142067662,158.98229718671527,85.60672245733522,87.97419975028653,84.84740552908889,88.50005275327757,69.71239005511268,75.06024527343887,75.69306589158774,70.4822444334377,true,true,true,true,150.86890516426385,160.5654910256899,153.40850438769425,154.84444802219855,81.17813438495205,85.66212997753942,77.93661683945645,84.59267851894026,69.6907707793118,74.90336104815049,75.4718875482378,70.25176950325829,true,true,true,true,98.5207067486388,98.35298909863522,69.39838164915001,73.36235586308823,67.02946377704309,62.59460395362376,54.861784382364156,51.7398683133225,31.49124297159571,35.75838514501146,14.536597266785854,21.622487549765722,true,true,true,true,Pass,true,78.91517852397223,79.16804656979906,76.5506976513226,85.68313405026915,ok, ok, ok, ok, noise-pass,6,273,130