patient_id,user_id,ear,attempt_id,site,f1_2khz,f1_3khz,f1_4khz,f1_5khz,f2_2khz,f2_3khz,f2_4khz,f2_5khz,oae_2khz,oae_3khz,oae_4khz,oae_5khz,2khz_selected,3khz_selected,4khz_selected,5khz_selected,2khz_f1_sig,3khz_f1_sig,4khz_f1_sig,5khz_f1_sig,2khz_f1_noise,3khz_f1_noise,4khz_f1_noise,5khz_f1_noise,2khz_f1_snr,3khz_f1_snr,4khz_f1_snr,5khz_f1_snr,2khz_f1_snr_result,3khz_f1_snr_result,4khz_f1_snr_result,5khz_f1_snr_result,2khz_f2_sig,3khz_f2_sig,4khz_f2_sig,5khz_f2_sig,2khz_f2_noise,3khz_f2_noise,4khz_f2_noise,5khz_f2_noise,2khz_f2_snr,3khz_f2_snr,4khz_f2_snr,5khz_f2_snr,2khz_f2_snr_result,3khz_f2_snr_result,4khz_f2_snr_result,5khz_f2_snr_result,sig_2khz,sig_3khz,sig_4khz,sig_5khz,noise_2khz,noise_3khz,noise_4khz,noise_5khz,snr_2khz,snr_3khz,snr_4khz,snr_5khz,2khz_result,3khz_result,4khz_result,5khz_result,test_result,test_complete,ambient_noise_2khz,ambient_noise_3khz,ambient_noise_4khz,ambient_noise_5khz,ambient_noise_result_2khz,ambient_noise_result_3khz,ambient_noise_result_4khz,ambient_noise_result_5khz,ambient_noise_result,tone_length,check_fit_val,check_fit_thresh
353,Name,right,3,KNH,1557,2377,3196,4016,1900,2900,3900,4900,1214,1854,2492,3132,true,true,true,true,159.9177341999083,160.67365740084423,159.0940419788507,158.95397774541766,83.42284815757687,94.10397391195121,109.69443478107954,91.03972355064698,76.49488604233143,66.56968348889302,49.39960719777116,67.91425419477068,true,true,false,true,150.30714280947956,159.22326016019755,151.6532755981803,155.91284749498692,79.74934884405815,93.19767552476179,102.25681178007358,87.94886800700223,70.55779396542141,66.02558463543576,49.396463818106724,67.96397948798469,true,true,false,true,75.25609855297799,90.14963804715438,96.60019412075131,68.67633107693098,73.54752566310988,86.2457604159024,95.61803066602442,63.85187896548058,1.7085728898681083,3.903877631251987,0.9821634547268872,4.824452111450398,false,false,false,false,Refer,true,84.98175893882679,94.95874288478007,103.9298486787995,88.62714847954226,ok, ok, ok, ok, noise-pass,6,219,130