patient_id,user_id,ear,attempt_id,site,f1_2khz,f1_3khz,f1_4khz,f1_5khz,f2_2khz,f2_3khz,f2_4khz,f2_5khz,oae_2khz,oae_3khz,oae_4khz,oae_5khz,2khz_selected,3khz_selected,4khz_selected,5khz_selected,2khz_f1_sig,3khz_f1_sig,4khz_f1_sig,5khz_f1_sig,2khz_f1_noise,3khz_f1_noise,4khz_f1_noise,5khz_f1_noise,2khz_f1_snr,3khz_f1_snr,4khz_f1_snr,5khz_f1_snr,2khz_f1_snr_result,3khz_f1_snr_result,4khz_f1_snr_result,5khz_f1_snr_result,2khz_f2_sig,3khz_f2_sig,4khz_f2_sig,5khz_f2_sig,2khz_f2_noise,3khz_f2_noise,4khz_f2_noise,5khz_f2_noise,2khz_f2_snr,3khz_f2_snr,4khz_f2_snr,5khz_f2_snr,2khz_f2_snr_result,3khz_f2_snr_result,4khz_f2_snr_result,5khz_f2_snr_result,sig_2khz,sig_3khz,sig_4khz,sig_5khz,noise_2khz,noise_3khz,noise_4khz,noise_5khz,snr_2khz,snr_3khz,snr_4khz,snr_5khz,2khz_result,3khz_result,4khz_result,5khz_result,test_result,test_complete,ambient_noise_2khz,ambient_noise_3khz,ambient_noise_4khz,ambient_noise_5khz,ambient_noise_result_2khz,ambient_noise_result_3khz,ambient_noise_result_4khz,ambient_noise_result_5khz,ambient_noise_result,tone_length,check_fit_val,check_fit_thresh
193,Name,left,1,,1557,2377,3196,4016,1900,2900,3900,4900,1214,1854,2492,3132,true,true,true,true,163.5411350961703,161.20480004579434,160.99870371528286,160.19562880097183,77.75350798793184,68.46098260976378,66.18640680499105,65.49507402929414,85.78762710823847,92.74381743603057,94.8122969102918,94.70055477167769,true,true,true,true,152.41685016389843,160.21454968769902,154.54758502246312,154.7305325485831,73.36690851275856,65.46685986081498,62.584355010395754,63.92309814101754,79.04994165113987,94.74768982688404,91.96323001206737,90.80743440756558,true,true,true,true,109.53987388161354,105.16999807881218,97.352496991886,91.19143443162187,77.97380014274931,71.14431494020688,68.68902446587848,64.28799402226352,31.566073738864233,34.0256831386053,28.663472526007524,26.903440409358353,true,true,true,true,Pass,true,88.17515201297776,87.1733511639723,92.13010984537875,91.60069351211679,ok, ok, ok, ok, noise-pass,6,139,130