patient_id,user_id,ear,attempt_id,site,f1_2khz,f1_3khz,f1_4khz,f1_5khz,f2_2khz,f2_3khz,f2_4khz,f2_5khz,oae_2khz,oae_3khz,oae_4khz,oae_5khz,2khz_selected,3khz_selected,4khz_selected,5khz_selected,2khz_f1_sig,3khz_f1_sig,4khz_f1_sig,5khz_f1_sig,2khz_f1_noise,3khz_f1_noise,4khz_f1_noise,5khz_f1_noise,2khz_f1_snr,3khz_f1_snr,4khz_f1_snr,5khz_f1_snr,2khz_f1_snr_result,3khz_f1_snr_result,4khz_f1_snr_result,5khz_f1_snr_result,2khz_f2_sig,3khz_f2_sig,4khz_f2_sig,5khz_f2_sig,2khz_f2_noise,3khz_f2_noise,4khz_f2_noise,5khz_f2_noise,2khz_f2_snr,3khz_f2_snr,4khz_f2_snr,5khz_f2_snr,2khz_f2_snr_result,3khz_f2_snr_result,4khz_f2_snr_result,5khz_f2_snr_result,sig_2khz,sig_3khz,sig_4khz,sig_5khz,noise_2khz,noise_3khz,noise_4khz,noise_5khz,snr_2khz,snr_3khz,snr_4khz,snr_5khz,2khz_result,3khz_result,4khz_result,5khz_result,test_result,test_complete,ambient_noise_2khz,ambient_noise_3khz,ambient_noise_4khz,ambient_noise_5khz,ambient_noise_result_2khz,ambient_noise_result_3khz,ambient_noise_result_4khz,ambient_noise_result_5khz,ambient_noise_result,tone_length,check_fit_val,check_fit_thresh
360,Name,left,1,,1557,2377,3196,4016,1900,2900,3900,4900,1214,1854,2492,3132,true,true,true,true,160.11485527018874,162.29782560202744,161.4394949113954,159.69458363623934,98.13815319858884,78.77523274668515,73.52648978849432,65.35222900828678,61.9767020715999,83.5225928553423,87.91300512290108,94.34235462795256,true,true,true,true,150.75114147543243,160.6731378116817,154.08794024316737,157.14932239942559,85.98594948532558,72.70983939588633,65.57535967376614,65.82131729906484,64.76519199010686,87.96329841579536,88.51258056940122,91.32800510036074,true,true,true,true,91.12096151439144,87.50189392433825,81.08633653047887,66.09879099940429,88.33750890116627,84.06501820036692,77.26789524992861,65.98584334917676,2.7834526132251654,3.436875723971326,3.8184412805502603,0.11294765022752529,false,false,false,false,Refer,true,85.64447461572519,86.39591819965938,86.6993704600757,86.94126715233993,ok, ok, ok, ok, noise-pass,6,148,130