patient_id,user_id,ear,attempt_id,site,f1_2khz,f1_3khz,f1_4khz,f1_5khz,f2_2khz,f2_3khz,f2_4khz,f2_5khz,oae_2khz,oae_3khz,oae_4khz,oae_5khz,2khz_selected,3khz_selected,4khz_selected,5khz_selected,2khz_f1_sig,3khz_f1_sig,4khz_f1_sig,5khz_f1_sig,2khz_f1_noise,3khz_f1_noise,4khz_f1_noise,5khz_f1_noise,2khz_f1_snr,3khz_f1_snr,4khz_f1_snr,5khz_f1_snr,2khz_f1_snr_result,3khz_f1_snr_result,4khz_f1_snr_result,5khz_f1_snr_result,2khz_f2_sig,3khz_f2_sig,4khz_f2_sig,5khz_f2_sig,2khz_f2_noise,3khz_f2_noise,4khz_f2_noise,5khz_f2_noise,2khz_f2_snr,3khz_f2_snr,4khz_f2_snr,5khz_f2_snr,2khz_f2_snr_result,3khz_f2_snr_result,4khz_f2_snr_result,5khz_f2_snr_result,sig_2khz,sig_3khz,sig_4khz,sig_5khz,noise_2khz,noise_3khz,noise_4khz,noise_5khz,snr_2khz,snr_3khz,snr_4khz,snr_5khz,2khz_result,3khz_result,4khz_result,5khz_result,test_result,test_complete,ambient_noise_2khz,ambient_noise_3khz,ambient_noise_4khz,ambient_noise_5khz,ambient_noise_result_2khz,ambient_noise_result_3khz,ambient_noise_result_4khz,ambient_noise_result_5khz,ambient_noise_result,tone_length,check_fit_val,check_fit_thresh
354,Name,right,1,KNH,1557,2377,3196,4016,1900,2900,3900,4900,1214,1854,2492,3132,true,true,true,true,154.72741804867002,150.68394881307907,150.66456841311035,150.7020640688172,96.63535363915548,115.16259810298202,113.30311173642443,107.81285602165482,58.092064409514535,35.52135071009705,37.36145667668592,42.889208047162384,false,false,false,false,148.57575807282896,151.37154571799138,140.70816885900888,148.45612207299138,91.19105776048669,115.79864893172052,103.448645281025,105.63324426265866,57.384700312342275,35.57289678627086,37.259523577983884,42.82287781033271,true,false,false,false,99.57783197828127,97.69549978935615,89.2997170665819,82.39814467066233,87.44842111295799,89.9119740289258,81.70934321579564,76.89730649079598,12.12941086532328,7.783525760430351,7.590373850786264,5.500838179866349,true,true,true,false,Pass,true,103.95544239102492,110.21564768518571,103.2323274890214,100.12671167637764,ok, ok, ok, ok, noise-pass,6,150,130