patient_id,user_id,ear,attempt_id,site,f1_2khz,f1_3khz,f1_4khz,f1_5khz,f2_2khz,f2_3khz,f2_4khz,f2_5khz,oae_2khz,oae_3khz,oae_4khz,oae_5khz,2khz_selected,3khz_selected,4khz_selected,5khz_selected,2khz_f1_sig,3khz_f1_sig,4khz_f1_sig,5khz_f1_sig,2khz_f1_noise,3khz_f1_noise,4khz_f1_noise,5khz_f1_noise,2khz_f1_snr,3khz_f1_snr,4khz_f1_snr,5khz_f1_snr,2khz_f1_snr_result,3khz_f1_snr_result,4khz_f1_snr_result,5khz_f1_snr_result,2khz_f2_sig,3khz_f2_sig,4khz_f2_sig,5khz_f2_sig,2khz_f2_noise,3khz_f2_noise,4khz_f2_noise,5khz_f2_noise,2khz_f2_snr,3khz_f2_snr,4khz_f2_snr,5khz_f2_snr,2khz_f2_snr_result,3khz_f2_snr_result,4khz_f2_snr_result,5khz_f2_snr_result,sig_2khz,sig_3khz,sig_4khz,sig_5khz,noise_2khz,noise_3khz,noise_4khz,noise_5khz,snr_2khz,snr_3khz,snr_4khz,snr_5khz,2khz_result,3khz_result,4khz_result,5khz_result,test_result,test_complete,ambient_noise_2khz,ambient_noise_3khz,ambient_noise_4khz,ambient_noise_5khz,ambient_noise_result_2khz,ambient_noise_result_3khz,ambient_noise_result_4khz,ambient_noise_result_5khz,ambient_noise_result,tone_length,check_fit_val,check_fit_thresh
200,Name,left,1,,1557,2377,3196,4016,1900,2900,3900,4900,1214,1854,2492,3132,true,true,true,true,160.77700953050726,161.09670521717175,160.8995762701761,159.53384728950465,94.21641309723248,82.73095167271167,87.5968910346001,88.81517383429029,66.56059643327478,78.36575354446008,73.302685235576,70.71867345521436,true,true,true,true,151.20610278863336,160.20780664218057,153.744993074903,155.0427099970852,84.96402523688573,82.03301950325715,80.73000540314052,84.55682714903682,66.24207755174763,78.17478713892342,73.01498767176247,70.48588284804839,true,true,true,true,76.46012954919294,74.05257771151203,66.85915457606274,59.0748723226585,75.86257728121663,65.04947757620647,58.85320817352736,55.21525547307199,0.5975522679763117,9.003100135305559,8.005946402535379,3.8596168495865086,false,true,true,false,Refer,true,86.24094994052652,79.23711987140929,80.20671258676609,80.45657502572018,ok, ok, ok, ok, noise-pass,6,280,130