patient_id,user_id,ear,attempt_id,site,f1_2khz,f1_3khz,f1_4khz,f1_5khz,f2_2khz,f2_3khz,f2_4khz,f2_5khz,oae_2khz,oae_3khz,oae_4khz,oae_5khz,2khz_selected,3khz_selected,4khz_selected,5khz_selected,2khz_f1_sig,3khz_f1_sig,4khz_f1_sig,5khz_f1_sig,2khz_f1_noise,3khz_f1_noise,4khz_f1_noise,5khz_f1_noise,2khz_f1_snr,3khz_f1_snr,4khz_f1_snr,5khz_f1_snr,2khz_f1_snr_result,3khz_f1_snr_result,4khz_f1_snr_result,5khz_f1_snr_result,2khz_f2_sig,3khz_f2_sig,4khz_f2_sig,5khz_f2_sig,2khz_f2_noise,3khz_f2_noise,4khz_f2_noise,5khz_f2_noise,2khz_f2_snr,3khz_f2_snr,4khz_f2_snr,5khz_f2_snr,2khz_f2_snr_result,3khz_f2_snr_result,4khz_f2_snr_result,5khz_f2_snr_result,sig_2khz,sig_3khz,sig_4khz,sig_5khz,noise_2khz,noise_3khz,noise_4khz,noise_5khz,snr_2khz,snr_3khz,snr_4khz,snr_5khz,2khz_result,3khz_result,4khz_result,5khz_result,test_result,test_complete,ambient_noise_2khz,ambient_noise_3khz,ambient_noise_4khz,ambient_noise_5khz,ambient_noise_result_2khz,ambient_noise_result_3khz,ambient_noise_result_4khz,ambient_noise_result_5khz,ambient_noise_result,tone_length,check_fit_val,check_fit_thresh
188,Name,left,1,,1557,2377,3196,4016,1900,2900,3900,4900,1214,1854,2492,3132,true,true,true,true,162.2211542902915,164.10553671083986,161.5650291027127,159.66912959347746,82.77437156637956,80.57866432897501,74.39981449587673,66.28308844727502,79.44678272391195,83.52687238186485,87.16521460683599,93.38604114620244,true,true,true,true,155.95570526318065,160.43501899253584,153.8961193830814,156.42053905189437,82.96248225826506,73.30803930613541,68.52118679214374,64.39687554317881,72.99322300491559,87.12697968640043,85.37493259093768,92.02366350871556,true,true,true,true,88.45278570460408,82.75510708253469,85.58093475062917,65.02901270893162,85.66973008950838,79.84823003516267,83.16262173533826,60.695503434744026,2.783055615095705,2.9068770473720207,2.418313015290906,4.333509274187591,false,false,false,false,Refer,true,85.98224928494967,84.59460887929461,88.97382488975379,79.89431466603817,ok, ok, ok, ok, noise-pass,6,72,130