patient_id,user_id,ear,attempt_id,site,f1_2khz,f1_3khz,f1_4khz,f1_5khz,f2_2khz,f2_3khz,f2_4khz,f2_5khz,oae_2khz,oae_3khz,oae_4khz,oae_5khz,2khz_selected,3khz_selected,4khz_selected,5khz_selected,2khz_f1_sig,3khz_f1_sig,4khz_f1_sig,5khz_f1_sig,2khz_f1_noise,3khz_f1_noise,4khz_f1_noise,5khz_f1_noise,2khz_f1_snr,3khz_f1_snr,4khz_f1_snr,5khz_f1_snr,2khz_f1_snr_result,3khz_f1_snr_result,4khz_f1_snr_result,5khz_f1_snr_result,2khz_f2_sig,3khz_f2_sig,4khz_f2_sig,5khz_f2_sig,2khz_f2_noise,3khz_f2_noise,4khz_f2_noise,5khz_f2_noise,2khz_f2_snr,3khz_f2_snr,4khz_f2_snr,5khz_f2_snr,2khz_f2_snr_result,3khz_f2_snr_result,4khz_f2_snr_result,5khz_f2_snr_result,sig_2khz,sig_3khz,sig_4khz,sig_5khz,noise_2khz,noise_3khz,noise_4khz,noise_5khz,snr_2khz,snr_3khz,snr_4khz,snr_5khz,2khz_result,3khz_result,4khz_result,5khz_result,test_result,test_complete,ambient_noise_2khz,ambient_noise_3khz,ambient_noise_4khz,ambient_noise_5khz,ambient_noise_result_2khz,ambient_noise_result_3khz,ambient_noise_result_4khz,ambient_noise_result_5khz,ambient_noise_result,tone_length,check_fit_val,check_fit_thresh
194,Name,right,2,,1557,2377,3196,4016,1900,2900,3900,4900,1214,1854,2492,3132,true,true,true,true,163.65244144899327,160.75347961977118,161.27964149482364,159.89081590111255,80.38941435625475,78.55236553730757,76.39154900362415,65.78373411557895,83.26302709273853,82.20111408246362,84.88809249119949,94.1070817855336,true,true,true,true,151.11971397379807,160.45946132667302,154.13944474266555,156.1229174315725,73.19537038389936,71.8759570628399,70.05555841415077,62.53894149340566,77.92434358989871,88.58350426383312,84.08388632851478,93.58397593816683,true,true,true,true,81.75737636362291,79.7343335853944,76.29285127906911,61.58395444917133,76.15241733705763,74.54063636428002,71.89967276187129,53.91786946685305,5.604959026565282,5.193697221114377,4.393178517197825,7.6660849823182815,false,false,false,true,Pass,true,82.80244110700954,84.07703278045321,88.624334245132,83.83449374687343,ok, ok, ok, ok, noise-pass,6,167,130