patient_id,user_id,ear,attempt_id,site,f1_2khz,f1_3khz,f1_4khz,f1_5khz,f2_2khz,f2_3khz,f2_4khz,f2_5khz,oae_2khz,oae_3khz,oae_4khz,oae_5khz,2khz_selected,3khz_selected,4khz_selected,5khz_selected,2khz_f1_sig,3khz_f1_sig,4khz_f1_sig,5khz_f1_sig,2khz_f1_noise,3khz_f1_noise,4khz_f1_noise,5khz_f1_noise,2khz_f1_snr,3khz_f1_snr,4khz_f1_snr,5khz_f1_snr,2khz_f1_snr_result,3khz_f1_snr_result,4khz_f1_snr_result,5khz_f1_snr_result,2khz_f2_sig,3khz_f2_sig,4khz_f2_sig,5khz_f2_sig,2khz_f2_noise,3khz_f2_noise,4khz_f2_noise,5khz_f2_noise,2khz_f2_snr,3khz_f2_snr,4khz_f2_snr,5khz_f2_snr,2khz_f2_snr_result,3khz_f2_snr_result,4khz_f2_snr_result,5khz_f2_snr_result,sig_2khz,sig_3khz,sig_4khz,sig_5khz,noise_2khz,noise_3khz,noise_4khz,noise_5khz,snr_2khz,snr_3khz,snr_4khz,snr_5khz,2khz_result,3khz_result,4khz_result,5khz_result,test_result,test_complete,ambient_noise_2khz,ambient_noise_3khz,ambient_noise_4khz,ambient_noise_5khz,ambient_noise_result_2khz,ambient_noise_result_3khz,ambient_noise_result_4khz,ambient_noise_result_5khz,ambient_noise_result,tone_length,check_fit_val,check_fit_thresh
501,Name,left,1,,1557,2377,3196,4016,1900,2900,3900,4900,1214,1854,2492,3132,true,true,true,true,164.21361005365594,162.88510778573024,161.4058413468047,159.70020559206992,82.42617388265288,80.42529197913558,64.04849267484667,62.00635733361436,81.78743617100307,82.45981580659466,97.35734867195802,97.69384825845556,true,true,true,true,155.94886066226053,160.26610221719497,154.23904788022958,157.35039842222798,82.35614526172861,71.69342748226694,60.61988576671656,61.94316168615482,73.59271540053192,88.57267473492803,93.61916211351303,95.40723673607316,true,true,true,true,82.98599574000902,88.99828240483812,77.92312377638252,64.09145417940259,76.96055496365051,86.55601523443437,72.46708739486893,52.99689882547856,6.025440776358508,2.4422671704037526,5.456036381513599,11.09455535392403,true,false,false,true,Pass,true,76.55276789202601,79.92720093701867,75.95138915472992,74.22531807835418,ok, ok, ok, ok, noise-pass,6,72,130