patient_id,user_id,ear,attempt_id,site,f1_2khz,f1_3khz,f1_4khz,f1_5khz,f2_2khz,f2_3khz,f2_4khz,f2_5khz,oae_2khz,oae_3khz,oae_4khz,oae_5khz,2khz_selected,3khz_selected,4khz_selected,5khz_selected,2khz_f1_sig,3khz_f1_sig,4khz_f1_sig,5khz_f1_sig,2khz_f1_noise,3khz_f1_noise,4khz_f1_noise,5khz_f1_noise,2khz_f1_snr,3khz_f1_snr,4khz_f1_snr,5khz_f1_snr,2khz_f1_snr_result,3khz_f1_snr_result,4khz_f1_snr_result,5khz_f1_snr_result,2khz_f2_sig,3khz_f2_sig,4khz_f2_sig,5khz_f2_sig,2khz_f2_noise,3khz_f2_noise,4khz_f2_noise,5khz_f2_noise,2khz_f2_snr,3khz_f2_snr,4khz_f2_snr,5khz_f2_snr,2khz_f2_snr_result,3khz_f2_snr_result,4khz_f2_snr_result,5khz_f2_snr_result,sig_2khz,sig_3khz,sig_4khz,sig_5khz,noise_2khz,noise_3khz,noise_4khz,noise_5khz,snr_2khz,snr_3khz,snr_4khz,snr_5khz,2khz_result,3khz_result,4khz_result,5khz_result,test_result,test_complete,ambient_noise_2khz,ambient_noise_3khz,ambient_noise_4khz,ambient_noise_5khz,ambient_noise_result_2khz,ambient_noise_result_3khz,ambient_noise_result_4khz,ambient_noise_result_5khz,ambient_noise_result,tone_length,check_fit_val,check_fit_thresh
15,Name,right,1,Mathare,1557,2377,3196,4016,1900,2900,3900,4900,1214,1854,2492,3132,true,true,true,true,156.40463126348456,159.5617422884731,159.39633228195706,157.88349320555045,108.53927611717813,97.26978006692376,117.4967139024743,116.21337373683593,47.86535514630643,62.291962221549355,41.89961837948276,41.67011946871452,false,true,false,false,145.56222072969183,161.0101473576282,152.10602375886975,154.8018229641363,97.95571789644292,98.80361885338489,110.2352605748672,113.18009844572086,47.60650283324891,62.20652850424331,41.870763184002556,41.62172451841545,false,true,false,false,100.53416813508241,97.41939810164965,102.4952551424464,99.61778997395136,93.40501955218285,82.44327639645981,90.9943985827043,87.37792511622621,7.12914858289956,14.97612170518984,11.50085655974209,12.239864857725152,true,true,true,true,Pass,true,95.67847280708952,94.37062614405501,102.52665511878281,100.10787953751556,ok, ok, ok, ok, noise-pass,6,303,130