patient_id,user_id,ear,attempt_id,site,f1_2khz,f1_3khz,f1_4khz,f1_5khz,f2_2khz,f2_3khz,f2_4khz,f2_5khz,oae_2khz,oae_3khz,oae_4khz,oae_5khz,2khz_selected,3khz_selected,4khz_selected,5khz_selected,2khz_f1_sig,3khz_f1_sig,4khz_f1_sig,5khz_f1_sig,2khz_f1_noise,3khz_f1_noise,4khz_f1_noise,5khz_f1_noise,2khz_f1_snr,3khz_f1_snr,4khz_f1_snr,5khz_f1_snr,2khz_f1_snr_result,3khz_f1_snr_result,4khz_f1_snr_result,5khz_f1_snr_result,2khz_f2_sig,3khz_f2_sig,4khz_f2_sig,5khz_f2_sig,2khz_f2_noise,3khz_f2_noise,4khz_f2_noise,5khz_f2_noise,2khz_f2_snr,3khz_f2_snr,4khz_f2_snr,5khz_f2_snr,2khz_f2_snr_result,3khz_f2_snr_result,4khz_f2_snr_result,5khz_f2_snr_result,sig_2khz,sig_3khz,sig_4khz,sig_5khz,noise_2khz,noise_3khz,noise_4khz,noise_5khz,snr_2khz,snr_3khz,snr_4khz,snr_5khz,2khz_result,3khz_result,4khz_result,5khz_result,test_result,test_complete,ambient_noise_2khz,ambient_noise_3khz,ambient_noise_4khz,ambient_noise_5khz,ambient_noise_result_2khz,ambient_noise_result_3khz,ambient_noise_result_4khz,ambient_noise_result_5khz,ambient_noise_result,tone_length,check_fit_val,check_fit_thresh
353,Name,left,1,KNH,1557,2377,3196,4016,1900,2900,3900,4900,1214,1854,2492,3132,true,true,true,true,156.11509781117115,160.99274288289337,160.59051183535263,158.7996407413343,88.23077371572583,116.76964308597107,87.26856833443803,93.08040695198338,67.88432409544532,44.2230997969223,73.3219435009146,65.71923378935091,true,false,true,true,149.52776907134955,159.41022456496123,153.1695515238697,155.72412862179849,81.38943501479055,114.90194534377885,80.10996841540998,90.18166030439829,68.138334056559,44.50827922118238,73.05958310845972,65.54246831740019,true,false,true,true,82.85276266826884,98.41758728026194,69.26544268832538,66.39503428562884,79.19689029428567,97.74765253275731,60.89181138605863,61.25372348710678,3.655872373983172,0.6699347475046267,8.373631302266752,5.141310798522056,false,false,true,false,Refer,true,86.4759063802656,106.62113444705176,80.65266328868213,88.1962374238991,ok, ok, ok, ok, noise-pass,6,246,130