patient_id,user_id,ear,attempt_id,site,f1_2khz,f1_3khz,f1_4khz,f1_5khz,f2_2khz,f2_3khz,f2_4khz,f2_5khz,oae_2khz,oae_3khz,oae_4khz,oae_5khz,2khz_selected,3khz_selected,4khz_selected,5khz_selected,2khz_f1_sig,3khz_f1_sig,4khz_f1_sig,5khz_f1_sig,2khz_f1_noise,3khz_f1_noise,4khz_f1_noise,5khz_f1_noise,2khz_f1_snr,3khz_f1_snr,4khz_f1_snr,5khz_f1_snr,2khz_f1_snr_result,3khz_f1_snr_result,4khz_f1_snr_result,5khz_f1_snr_result,2khz_f2_sig,3khz_f2_sig,4khz_f2_sig,5khz_f2_sig,2khz_f2_noise,3khz_f2_noise,4khz_f2_noise,5khz_f2_noise,2khz_f2_snr,3khz_f2_snr,4khz_f2_snr,5khz_f2_snr,2khz_f2_snr_result,3khz_f2_snr_result,4khz_f2_snr_result,5khz_f2_snr_result,sig_2khz,sig_3khz,sig_4khz,sig_5khz,noise_2khz,noise_3khz,noise_4khz,noise_5khz,snr_2khz,snr_3khz,snr_4khz,snr_5khz,2khz_result,3khz_result,4khz_result,5khz_result,test_result,test_complete,ambient_noise_2khz,ambient_noise_3khz,ambient_noise_4khz,ambient_noise_5khz,ambient_noise_result_2khz,ambient_noise_result_3khz,ambient_noise_result_4khz,ambient_noise_result_5khz,ambient_noise_result,tone_length,check_fit_val,check_fit_thresh
204,Name,right,1,,1557,2377,3196,4016,1900,2900,3900,4900,1214,1854,2492,3132,true,true,true,true,164.06294808415817,162.97655405152383,161.38924504686784,159.727669936804,88.29071113228946,75.60825004824336,69.84388608221211,73.1298610892909,75.7722369518687,87.36830400328047,91.54535896465573,86.59780884751311,true,true,true,true,155.8516077310345,160.17375182558237,154.1254367131703,157.03491129241965,93.43222907595003,70.93449158801309,67.759809291598,72.05402236433245,62.41937865508447,89.23926023756928,86.3656274215723,84.9808889280872,true,true,true,true,88.78902907648161,90.2621111511322,76.97593501495359,80.22189977152462,88.50051774390985,80.34040940356866,70.79081410797679,78.23529811726898,0.2885113325717583,9.921701747563546,6.185120906976806,1.9866016542556366,false,true,true,false,Refer,true,101.14147653418124,82.62703410131178,79.21183989643545,89.06833317473536,ok, ok, ok, ok, noise-pass,6,74,130