patient_id,user_id,ear,attempt_id,site,f1_2khz,f1_3khz,f1_4khz,f1_5khz,f2_2khz,f2_3khz,f2_4khz,f2_5khz,oae_2khz,oae_3khz,oae_4khz,oae_5khz,2khz_selected,3khz_selected,4khz_selected,5khz_selected,2khz_f1_sig,3khz_f1_sig,4khz_f1_sig,5khz_f1_sig,2khz_f1_noise,3khz_f1_noise,4khz_f1_noise,5khz_f1_noise,2khz_f1_snr,3khz_f1_snr,4khz_f1_snr,5khz_f1_snr,2khz_f1_snr_result,3khz_f1_snr_result,4khz_f1_snr_result,5khz_f1_snr_result,2khz_f2_sig,3khz_f2_sig,4khz_f2_sig,5khz_f2_sig,2khz_f2_noise,3khz_f2_noise,4khz_f2_noise,5khz_f2_noise,2khz_f2_snr,3khz_f2_snr,4khz_f2_snr,5khz_f2_snr,2khz_f2_snr_result,3khz_f2_snr_result,4khz_f2_snr_result,5khz_f2_snr_result,sig_2khz,sig_3khz,sig_4khz,sig_5khz,noise_2khz,noise_3khz,noise_4khz,noise_5khz,snr_2khz,snr_3khz,snr_4khz,snr_5khz,2khz_result,3khz_result,4khz_result,5khz_result,test_result,test_complete,ambient_noise_2khz,ambient_noise_3khz,ambient_noise_4khz,ambient_noise_5khz,ambient_noise_result_2khz,ambient_noise_result_3khz,ambient_noise_result_4khz,ambient_noise_result_5khz,ambient_noise_result,tone_length,check_fit_val,check_fit_thresh
500,Name,left,1,,1557,2377,3196,4016,1900,2900,3900,4900,1214,1854,2492,3132,true,true,true,true,161.9359261432756,163.8890762905932,161.42543112335176,159.4099939027844,74.69154907301777,68.53491943406118,63.830042454042584,63.95932693637124,87.24437707025783,95.35415685653203,97.59538866930917,95.45066696641317,true,true,true,true,155.64693149933558,160.11633075914193,153.7173639678938,156.4650470773305,75.48015024133579,62.39505183118627,59.152124756849396,62.78431454806977,80.16678125799979,97.72127892795567,94.5652392110444,93.68073252926072,true,true,true,true,77.34578788341479,82.00425125551801,74.69421495451351,64.7911129559118,71.15426880141938,69.88237860587897,65.01187355406464,52.487334935096264,6.191519081995409,12.121872649639045,9.682341400448877,12.303778020815535,true,true,true,true,Pass,true,78.65007717156203,73.34480939574145,74.89883082598963,76.6463645697362,ok, ok, ok, ok, noise-pass,6,59,130