patient_id,user_id,ear,attempt_id,site,f1_2khz,f1_3khz,f1_4khz,f1_5khz,f2_2khz,f2_3khz,f2_4khz,f2_5khz,oae_2khz,oae_3khz,oae_4khz,oae_5khz,2khz_selected,3khz_selected,4khz_selected,5khz_selected,2khz_f1_sig,3khz_f1_sig,4khz_f1_sig,5khz_f1_sig,2khz_f1_noise,3khz_f1_noise,4khz_f1_noise,5khz_f1_noise,2khz_f1_snr,3khz_f1_snr,4khz_f1_snr,5khz_f1_snr,2khz_f1_snr_result,3khz_f1_snr_result,4khz_f1_snr_result,5khz_f1_snr_result,2khz_f2_sig,3khz_f2_sig,4khz_f2_sig,5khz_f2_sig,2khz_f2_noise,3khz_f2_noise,4khz_f2_noise,5khz_f2_noise,2khz_f2_snr,3khz_f2_snr,4khz_f2_snr,5khz_f2_snr,2khz_f2_snr_result,3khz_f2_snr_result,4khz_f2_snr_result,5khz_f2_snr_result,sig_2khz,sig_3khz,sig_4khz,sig_5khz,noise_2khz,noise_3khz,noise_4khz,noise_5khz,snr_2khz,snr_3khz,snr_4khz,snr_5khz,2khz_result,3khz_result,4khz_result,5khz_result,test_result,test_complete,ambient_noise_2khz,ambient_noise_3khz,ambient_noise_4khz,ambient_noise_5khz,ambient_noise_result_2khz,ambient_noise_result_3khz,ambient_noise_result_4khz,ambient_noise_result_5khz,ambient_noise_result,tone_length,check_fit_val,check_fit_thresh
156,Name,left,1,Mathare,1557,2377,3196,4016,1900,2900,3900,4900,1214,1854,2492,3132,true,true,true,true,158.4258850769755,159.83259914316,161.08758143551668,159.2049311676339,99.46973045395163,95.63080832913883,101.54538256345435,88.67790253838513,58.95615462302388,64.20179081402117,59.54219887206233,70.52702862924878,false,true,false,true,148.94611111614805,160.3395871614005,153.6226783096963,156.81849515599532,90.08159820328699,96.16223311458452,94.33827255984858,86.48852597750513,58.86451291286106,64.17735404681596,59.284405749847735,70.32996917849019,true,true,true,true,98.1410815044232,91.8179460561897,88.3975966710619,93.14845272096693,82.79297799400521,66.62652127912706,61.89821703765021,61.33045106673596,15.348103510417985,25.191424777062636,26.499379633411692,31.81800165423097,true,true,true,true,Pass,true,95.30829274486376,90.15436515647359,90.32257900374942,94.63325618811528,ok, ok, ok, ok, noise-pass,6,265,130