patient_id,user_id,ear,attempt_id,site,f1_2khz,f1_3khz,f1_4khz,f1_5khz,f2_2khz,f2_3khz,f2_4khz,f2_5khz,oae_2khz,oae_3khz,oae_4khz,oae_5khz,2khz_selected,3khz_selected,4khz_selected,5khz_selected,2khz_f1_sig,3khz_f1_sig,4khz_f1_sig,5khz_f1_sig,2khz_f1_noise,3khz_f1_noise,4khz_f1_noise,5khz_f1_noise,2khz_f1_snr,3khz_f1_snr,4khz_f1_snr,5khz_f1_snr,2khz_f1_snr_result,3khz_f1_snr_result,4khz_f1_snr_result,5khz_f1_snr_result,2khz_f2_sig,3khz_f2_sig,4khz_f2_sig,5khz_f2_sig,2khz_f2_noise,3khz_f2_noise,4khz_f2_noise,5khz_f2_noise,2khz_f2_snr,3khz_f2_snr,4khz_f2_snr,5khz_f2_snr,2khz_f2_snr_result,3khz_f2_snr_result,4khz_f2_snr_result,5khz_f2_snr_result,sig_2khz,sig_3khz,sig_4khz,sig_5khz,noise_2khz,noise_3khz,noise_4khz,noise_5khz,snr_2khz,snr_3khz,snr_4khz,snr_5khz,2khz_result,3khz_result,4khz_result,5khz_result,test_result,test_complete,ambient_noise_2khz,ambient_noise_3khz,ambient_noise_4khz,ambient_noise_5khz,ambient_noise_result_2khz,ambient_noise_result_3khz,ambient_noise_result_4khz,ambient_noise_result_5khz,ambient_noise_result,tone_length,check_fit_val,check_fit_thresh
10,Name,right,1,Mathare,1557,2377,3196,4016,1900,2900,3900,4900,1214,1854,2492,3132,true,true,true,true,158.25118484083976,162.377419240888,161.502195040199,159.64697232912508,90.75171940419514,90.18774898781218,89.90840011303317,86.01552573860295,67.49946543664461,72.18967025307582,71.59379492716585,73.63144659052213,true,true,true,true,147.38351804122055,160.78417195729514,154.51773115566863,156.82755218427238,80.44585686543748,88.26894182913608,83.19531525562412,83.45352589008229,66.93766117578308,72.51523012815906,71.3224159000445,73.37402629419009,true,true,true,true,102.10520897967639,100.87784842251507,93.91679827548177,81.74462869750653,78.83942291555488,75.78170056611793,73.45861191806534,59.406383557801604,23.265786064121514,25.09614785639714,20.458186357416423,22.338245139704924,true,true,true,true,Pass,true,92.548587738579,93.79743100031787,94.70955571414514,95.16942820159956,ok, ok, ok, ok, noise-pass,6,319,130