patient_id,user_id,ear,attempt_id,site,f1_2khz,f1_3khz,f1_4khz,f1_5khz,f2_2khz,f2_3khz,f2_4khz,f2_5khz,oae_2khz,oae_3khz,oae_4khz,oae_5khz,2khz_selected,3khz_selected,4khz_selected,5khz_selected,2khz_f1_sig,3khz_f1_sig,4khz_f1_sig,5khz_f1_sig,2khz_f1_noise,3khz_f1_noise,4khz_f1_noise,5khz_f1_noise,2khz_f1_snr,3khz_f1_snr,4khz_f1_snr,5khz_f1_snr,2khz_f1_snr_result,3khz_f1_snr_result,4khz_f1_snr_result,5khz_f1_snr_result,2khz_f2_sig,3khz_f2_sig,4khz_f2_sig,5khz_f2_sig,2khz_f2_noise,3khz_f2_noise,4khz_f2_noise,5khz_f2_noise,2khz_f2_snr,3khz_f2_snr,4khz_f2_snr,5khz_f2_snr,2khz_f2_snr_result,3khz_f2_snr_result,4khz_f2_snr_result,5khz_f2_snr_result,sig_2khz,sig_3khz,sig_4khz,sig_5khz,noise_2khz,noise_3khz,noise_4khz,noise_5khz,snr_2khz,snr_3khz,snr_4khz,snr_5khz,2khz_result,3khz_result,4khz_result,5khz_result,test_result,test_complete,ambient_noise_2khz,ambient_noise_3khz,ambient_noise_4khz,ambient_noise_5khz,ambient_noise_result_2khz,ambient_noise_result_3khz,ambient_noise_result_4khz,ambient_noise_result_5khz,ambient_noise_result,tone_length,check_fit_val,check_fit_thresh
191,Name,right,1,,1557,2377,3196,4016,1900,2900,3900,4900,1214,1854,2492,3132,true,true,true,true,154.02576117124346,159.48422990915415,158.85462110079882,154.71381493000018,102.3700724061353,99.78912416055152,102.72690741034341,93.61451341103681,51.65568876510817,59.69510574860263,56.12771369045541,61.09930151896337,false,false,false,true,149.8684655033865,156.49390151871825,151.76626280277065,151.55566273702146,101.74818988373879,96.67451951812004,95.63752785032749,90.53199364566606,48.1202756196477,59.81938200059821,56.12873495244317,61.0236690913554,false,true,true,true,102.63718994968144,91.18053871496075,79.50007495454135,80.13153456994405,102.57587907586164,86.50220664580736,76.09668078972591,78.62259817284273,0.06131087381980649,4.6783320691533845,3.403394164815438,1.5089363971013228,false,false,false,false,Refer,true,109.13115632731441,100.08654690482886,103.57840836486436,113.05945327381875,noisy, ok, ok, ok, retry,6,237,130