patient_id,user_id,ear,attempt_id,site,f1_2khz,f1_3khz,f1_4khz,f1_5khz,f2_2khz,f2_3khz,f2_4khz,f2_5khz,oae_2khz,oae_3khz,oae_4khz,oae_5khz,2khz_selected,3khz_selected,4khz_selected,5khz_selected,2khz_f1_sig,3khz_f1_sig,4khz_f1_sig,5khz_f1_sig,2khz_f1_noise,3khz_f1_noise,4khz_f1_noise,5khz_f1_noise,2khz_f1_snr,3khz_f1_snr,4khz_f1_snr,5khz_f1_snr,2khz_f1_snr_result,3khz_f1_snr_result,4khz_f1_snr_result,5khz_f1_snr_result,2khz_f2_sig,3khz_f2_sig,4khz_f2_sig,5khz_f2_sig,2khz_f2_noise,3khz_f2_noise,4khz_f2_noise,5khz_f2_noise,2khz_f2_snr,3khz_f2_snr,4khz_f2_snr,5khz_f2_snr,2khz_f2_snr_result,3khz_f2_snr_result,4khz_f2_snr_result,5khz_f2_snr_result,sig_2khz,sig_3khz,sig_4khz,sig_5khz,noise_2khz,noise_3khz,noise_4khz,noise_5khz,snr_2khz,snr_3khz,snr_4khz,snr_5khz,2khz_result,3khz_result,4khz_result,5khz_result,test_result,test_complete,ambient_noise_2khz,ambient_noise_3khz,ambient_noise_4khz,ambient_noise_5khz,ambient_noise_result_2khz,ambient_noise_result_3khz,ambient_noise_result_4khz,ambient_noise_result_5khz,ambient_noise_result,tone_length,check_fit_val,check_fit_thresh
300,Name,right,1,,1557,2377,3196,4016,1900,2900,3900,4900,1214,1854,2492,3132,true,true,true,true,154.0425954984845,160.14226501319285,161.0989996981536,159.66415364209186,101.7333562796228,93.80910335079963,88.88593552347209,93.56766963863053,52.309239218861705,66.33316166239322,72.2130641746815,66.09648400346133,false,true,true,true,149.95043075162485,160.6681857590296,153.93850040065442,156.1791008195785,97.62415279443653,94.3961188712849,81.9744325915307,90.25196202846159,52.326277957188324,66.2720668877447,71.96406780912372,65.92713879111692,true,true,true,true,104.46852010088796,100.27148328758545,92.01672759251628,74.06953098233909,81.57304985539277,73.12705390076029,64.70534490292916,70.1277112835833,22.89547024549519,27.144429386825166,27.31138268958712,3.9418196987557934,true,true,true,false,Pass,true,84.91565869641583,85.72349781255811,84.50359266933212,92.2797683237037,ok, ok, ok, ok, noise-pass,6,310,130