patient_id,user_id,ear,attempt_id,site,f1_2khz,f1_3khz,f1_4khz,f1_5khz,f2_2khz,f2_3khz,f2_4khz,f2_5khz,oae_2khz,oae_3khz,oae_4khz,oae_5khz,2khz_selected,3khz_selected,4khz_selected,5khz_selected,2khz_f1_sig,3khz_f1_sig,4khz_f1_sig,5khz_f1_sig,2khz_f1_noise,3khz_f1_noise,4khz_f1_noise,5khz_f1_noise,2khz_f1_snr,3khz_f1_snr,4khz_f1_snr,5khz_f1_snr,2khz_f1_snr_result,3khz_f1_snr_result,4khz_f1_snr_result,5khz_f1_snr_result,2khz_f2_sig,3khz_f2_sig,4khz_f2_sig,5khz_f2_sig,2khz_f2_noise,3khz_f2_noise,4khz_f2_noise,5khz_f2_noise,2khz_f2_snr,3khz_f2_snr,4khz_f2_snr,5khz_f2_snr,2khz_f2_snr_result,3khz_f2_snr_result,4khz_f2_snr_result,5khz_f2_snr_result,sig_2khz,sig_3khz,sig_4khz,sig_5khz,noise_2khz,noise_3khz,noise_4khz,noise_5khz,snr_2khz,snr_3khz,snr_4khz,snr_5khz,2khz_result,3khz_result,4khz_result,5khz_result,test_result,test_complete,ambient_noise_2khz,ambient_noise_3khz,ambient_noise_4khz,ambient_noise_5khz,ambient_noise_result_2khz,ambient_noise_result_3khz,ambient_noise_result_4khz,ambient_noise_result_5khz,ambient_noise_result,tone_length,check_fit_val,check_fit_thresh
190,Name,right,1,,1557,2377,3196,4016,1900,2900,3900,4900,1214,1854,2492,3132,true,true,true,true,156.65685307123968,163.7268546245645,161.42478560706124,159.50069846011644,94.86110532107703,75.92057682433253,74.39364416903882,80.02704143265767,61.79574775016265,87.80627780023198,87.03114143802242,79.47365702745877,true,true,true,true,150.54522527963007,160.51403160122652,153.7964331746206,156.4748177103195,88.84747918174902,73.49697992820376,67.31398224548627,76.49163557606322,61.69774609788105,87.01705167302276,86.48245092913433,79.9831821342563,true,true,true,true,91.91567462615943,74.81323756618525,64.73171614913774,69.69216077657508,76.07408290280067,63.847706195805706,59.87776951910611,65.75661867655367,15.84159172335876,10.965531370379544,4.853946630031629,3.935542100021408,true,true,false,false,Refer,true,86.11939321628574,82.05328317410581,92.98605532225321,95.61619497494902,ok, ok, ok, ok, noise-pass,6,160,130