patient_id,user_id,ear,attempt_id,site,f1_2khz,f1_3khz,f1_4khz,f1_5khz,f2_2khz,f2_3khz,f2_4khz,f2_5khz,oae_2khz,oae_3khz,oae_4khz,oae_5khz,2khz_selected,3khz_selected,4khz_selected,5khz_selected,2khz_f1_sig,3khz_f1_sig,4khz_f1_sig,5khz_f1_sig,2khz_f1_noise,3khz_f1_noise,4khz_f1_noise,5khz_f1_noise,2khz_f1_snr,3khz_f1_snr,4khz_f1_snr,5khz_f1_snr,2khz_f1_snr_result,3khz_f1_snr_result,4khz_f1_snr_result,5khz_f1_snr_result,2khz_f2_sig,3khz_f2_sig,4khz_f2_sig,5khz_f2_sig,2khz_f2_noise,3khz_f2_noise,4khz_f2_noise,5khz_f2_noise,2khz_f2_snr,3khz_f2_snr,4khz_f2_snr,5khz_f2_snr,2khz_f2_snr_result,3khz_f2_snr_result,4khz_f2_snr_result,5khz_f2_snr_result,sig_2khz,sig_3khz,sig_4khz,sig_5khz,noise_2khz,noise_3khz,noise_4khz,noise_5khz,snr_2khz,snr_3khz,snr_4khz,snr_5khz,2khz_result,3khz_result,4khz_result,5khz_result,test_result,test_complete,ambient_noise_2khz,ambient_noise_3khz,ambient_noise_4khz,ambient_noise_5khz,ambient_noise_result_2khz,ambient_noise_result_3khz,ambient_noise_result_4khz,ambient_noise_result_5khz,ambient_noise_result,tone_length,check_fit_val,check_fit_thresh
502,Name,left,1,,1557,2377,3196,4016,1900,2900,3900,4900,1214,1854,2492,3132,true,true,true,true,153.80748622889263,160.92034558226158,158.95360348550554,155.95231234544767,91.9385497851406,98.11074339351009,102.38387701466937,110.9544016924407,61.868936443752034,62.809602188751484,56.56972647083617,44.99791065300697,true,true,false,false,146.87765546737896,158.2603763916557,151.53713511415128,153.569848285432,87.9828226917394,94.07009794364222,95.07501811214641,108.56773155631382,58.89483277563956,64.19027844801349,56.462117002004874,45.00211672911817,true,true,true,false,91.39986198295506,97.3866362285003,95.10515495754332,91.43133137619152,86.59811903536851,96.55377454860067,90.46120236591688,90.34432339391985,4.801742947586547,0.8328616798996222,4.643952591626444,1.0870079822716718,false,false,false,false,Refer,true,95.28303656675307,102.28630910219229,104.5106021716165,118.18287185812126,ok, ok, ok, ok, noise-pass,6,235,130