patient_id,user_id,ear,attempt_id,site,f1_2khz,f1_3khz,f1_4khz,f1_5khz,f2_2khz,f2_3khz,f2_4khz,f2_5khz,oae_2khz,oae_3khz,oae_4khz,oae_5khz,2khz_selected,3khz_selected,4khz_selected,5khz_selected,2khz_f1_sig,3khz_f1_sig,4khz_f1_sig,5khz_f1_sig,2khz_f1_noise,3khz_f1_noise,4khz_f1_noise,5khz_f1_noise,2khz_f1_snr,3khz_f1_snr,4khz_f1_snr,5khz_f1_snr,2khz_f1_snr_result,3khz_f1_snr_result,4khz_f1_snr_result,5khz_f1_snr_result,2khz_f2_sig,3khz_f2_sig,4khz_f2_sig,5khz_f2_sig,2khz_f2_noise,3khz_f2_noise,4khz_f2_noise,5khz_f2_noise,2khz_f2_snr,3khz_f2_snr,4khz_f2_snr,5khz_f2_snr,2khz_f2_snr_result,3khz_f2_snr_result,4khz_f2_snr_result,5khz_f2_snr_result,sig_2khz,sig_3khz,sig_4khz,sig_5khz,noise_2khz,noise_3khz,noise_4khz,noise_5khz,snr_2khz,snr_3khz,snr_4khz,snr_5khz,2khz_result,3khz_result,4khz_result,5khz_result,test_result,test_complete,ambient_noise_2khz,ambient_noise_3khz,ambient_noise_4khz,ambient_noise_5khz,ambient_noise_result_2khz,ambient_noise_result_3khz,ambient_noise_result_4khz,ambient_noise_result_5khz,ambient_noise_result,tone_length,check_fit_val,check_fit_thresh
203,Name,right,1,,1557,2377,3196,4016,1900,2900,3900,4900,1214,1854,2492,3132,true,true,true,true,159.34537777807793,163.08714783244298,161.1800158421284,159.46250993690052,83.84334327601843,85.80467532824336,82.97077591739173,84.65498305008316,75.5020345020595,77.28247250419962,78.20923992473666,74.80752688681736,true,true,true,true,153.28329885190465,160.2143844666423,153.84988326272403,156.65292831053566,78.52110716074705,82.68859642028742,75.93007519976189,82.0275634374361,74.7621916911576,77.52578804635486,77.91980806296215,74.62536487309956,true,true,true,true,101.86548009183399,100.60409707735089,72.49489717281543,75.9051470827977,72.3134527313467,61.38545489798048,54.5279249506648,51.30562955487926,29.552027360487287,39.218642179370406,17.96697222215063,24.599517527918437,true,true,true,true,Pass,true,82.67066537297576,74.4042311809697,77.4688623940394,77.48915997373165,ok, ok, ok, ok, noise-pass,6,218,130