patient_id,user_id,ear,attempt_id,site,f1_2khz,f1_3khz,f1_4khz,f1_5khz,f2_2khz,f2_3khz,f2_4khz,f2_5khz,oae_2khz,oae_3khz,oae_4khz,oae_5khz,2khz_selected,3khz_selected,4khz_selected,5khz_selected,2khz_f1_sig,3khz_f1_sig,4khz_f1_sig,5khz_f1_sig,2khz_f1_noise,3khz_f1_noise,4khz_f1_noise,5khz_f1_noise,2khz_f1_snr,3khz_f1_snr,4khz_f1_snr,5khz_f1_snr,2khz_f1_snr_result,3khz_f1_snr_result,4khz_f1_snr_result,5khz_f1_snr_result,2khz_f2_sig,3khz_f2_sig,4khz_f2_sig,5khz_f2_sig,2khz_f2_noise,3khz_f2_noise,4khz_f2_noise,5khz_f2_noise,2khz_f2_snr,3khz_f2_snr,4khz_f2_snr,5khz_f2_snr,2khz_f2_snr_result,3khz_f2_snr_result,4khz_f2_snr_result,5khz_f2_snr_result,sig_2khz,sig_3khz,sig_4khz,sig_5khz,noise_2khz,noise_3khz,noise_4khz,noise_5khz,snr_2khz,snr_3khz,snr_4khz,snr_5khz,2khz_result,3khz_result,4khz_result,5khz_result,test_result,test_complete,ambient_noise_2khz,ambient_noise_3khz,ambient_noise_4khz,ambient_noise_5khz,ambient_noise_result_2khz,ambient_noise_result_3khz,ambient_noise_result_4khz,ambient_noise_result_5khz,ambient_noise_result,tone_length,check_fit_val,check_fit_thresh
307,Name,right,1,,1557,2377,3196,4016,1900,2900,3900,4900,1214,1854,2492,3132,true,true,true,true,156.92814172852383,162.15217767105102,160.4251796940723,158.90369270413584,93.80038343941175,88.65149465282087,81.67961937401503,83.72339867719978,63.12775828911208,73.50068301823015,78.74556032005728,75.18029402693605,true,true,true,true,152.94119295458012,159.0948405531457,153.20509528789165,156.0657382495049,89.78590114351363,84.81456253885051,74.69910111113568,81.02451021438867,63.15529181106649,74.28027801429519,78.50599417675598,75.04122803511623,true,true,true,true,91.96908496661595,81.64284131787385,74.59434976797972,70.46923859019665,69.65811780568737,74.3167257481829,58.16472932741992,51.82694708336606,22.310967160928584,7.326115569690941,16.429620440559802,18.642291506830595,true,true,true,true,Pass,true,87.690490729506,93.07840416887358,78.17927158220823,77.82241533100675,ok, ok, ok, ok, noise-pass,6,151,130