patient_id,user_id,ear,attempt_id,site,f1_2khz,f1_3khz,f1_4khz,f1_5khz,f2_2khz,f2_3khz,f2_4khz,f2_5khz,oae_2khz,oae_3khz,oae_4khz,oae_5khz,2khz_selected,3khz_selected,4khz_selected,5khz_selected,2khz_f1_sig,3khz_f1_sig,4khz_f1_sig,5khz_f1_sig,2khz_f1_noise,3khz_f1_noise,4khz_f1_noise,5khz_f1_noise,2khz_f1_snr,3khz_f1_snr,4khz_f1_snr,5khz_f1_snr,2khz_f1_snr_result,3khz_f1_snr_result,4khz_f1_snr_result,5khz_f1_snr_result,2khz_f2_sig,3khz_f2_sig,4khz_f2_sig,5khz_f2_sig,2khz_f2_noise,3khz_f2_noise,4khz_f2_noise,5khz_f2_noise,2khz_f2_snr,3khz_f2_snr,4khz_f2_snr,5khz_f2_snr,2khz_f2_snr_result,3khz_f2_snr_result,4khz_f2_snr_result,5khz_f2_snr_result,sig_2khz,sig_3khz,sig_4khz,sig_5khz,noise_2khz,noise_3khz,noise_4khz,noise_5khz,snr_2khz,snr_3khz,snr_4khz,snr_5khz,2khz_result,3khz_result,4khz_result,5khz_result,test_result,test_complete,ambient_noise_2khz,ambient_noise_3khz,ambient_noise_4khz,ambient_noise_5khz,ambient_noise_result_2khz,ambient_noise_result_3khz,ambient_noise_result_4khz,ambient_noise_result_5khz,ambient_noise_result,tone_length,check_fit_val,check_fit_thresh
304,Name,left,1,,1557,2377,3196,4016,1900,2900,3900,4900,1214,1854,2492,3132,true,true,true,true,161.1616002995188,157.7029965259948,160.56156045633668,158.8788888816452,77.23532945544778,71.79096662390411,72.66801429990015,80.91701169865061,83.92627084407101,85.91202990209068,87.89354615643653,77.96187718299458,true,true,true,true,148.69494841699526,160.12481841645342,153.40793123905254,156.25360772487892,74.85039045641216,69.86141097989321,66.06403266781595,79.06826454074324,73.8445579605831,90.26340743656021,87.3438985712366,77.18534318413568,true,true,true,true,88.45651206672272,91.62496988859033,93.02653008555765,81.18791541355343,80.22131042293223,64.77331002502723,65.44601987148593,71.7116959892329,8.23520164379049,26.8516598635631,27.580510214071722,9.476219424320533,true,true,true,true,Pass,true,88.33395730012201,75.97041672068869,79.89708398438599,94.49347950612245,ok, ok, ok, ok, noise-pass,6,191,130