patient_id,user_id,ear,attempt_id,site,f1_2khz,f1_3khz,f1_4khz,f1_5khz,f2_2khz,f2_3khz,f2_4khz,f2_5khz,oae_2khz,oae_3khz,oae_4khz,oae_5khz,2khz_selected,3khz_selected,4khz_selected,5khz_selected,2khz_f1_sig,3khz_f1_sig,4khz_f1_sig,5khz_f1_sig,2khz_f1_noise,3khz_f1_noise,4khz_f1_noise,5khz_f1_noise,2khz_f1_snr,3khz_f1_snr,4khz_f1_snr,5khz_f1_snr,2khz_f1_snr_result,3khz_f1_snr_result,4khz_f1_snr_result,5khz_f1_snr_result,2khz_f2_sig,3khz_f2_sig,4khz_f2_sig,5khz_f2_sig,2khz_f2_noise,3khz_f2_noise,4khz_f2_noise,5khz_f2_noise,2khz_f2_snr,3khz_f2_snr,4khz_f2_snr,5khz_f2_snr,2khz_f2_snr_result,3khz_f2_snr_result,4khz_f2_snr_result,5khz_f2_snr_result,sig_2khz,sig_3khz,sig_4khz,sig_5khz,noise_2khz,noise_3khz,noise_4khz,noise_5khz,snr_2khz,snr_3khz,snr_4khz,snr_5khz,2khz_result,3khz_result,4khz_result,5khz_result,test_result,test_complete,ambient_noise_2khz,ambient_noise_3khz,ambient_noise_4khz,ambient_noise_5khz,ambient_noise_result_2khz,ambient_noise_result_3khz,ambient_noise_result_4khz,ambient_noise_result_5khz,ambient_noise_result,tone_length,check_fit_val,check_fit_thresh
180,Name,right,1,,1557,2377,3196,4016,1900,2900,3900,4900,1214,1854,2492,3132,true,true,true,true,159.26304781634374,162.91161022476516,161.53903425942403,160.01820497830943,87.8289358414082,80.43522587643025,82.048555525919,82.62668208392499,71.43411197493555,82.4763843483349,79.49047873350503,77.39152289438444,true,true,true,true,154.0218004791487,160.66135618402527,154.4271702712369,156.72121764388717,85.58343715601549,78.73617629280955,75.16860408357684,84.61170456045434,68.43836332313322,81.92517989121572,79.25856618766005,72.10951308343283,true,true,true,true,88.65589056848266,69.87095029359683,58.74884912541933,74.36832124648275,86.79768877027445,60.71023213199683,57.39852319595572,67.49770613033944,1.8582017982082135,9.160718161600002,1.3503259294636152,6.870615116143313,false,true,false,true,Refer,true,89.26743743398644,76.89111612348862,80.68045098577389,85.7972806222888,ok, ok, ok, ok, noise-pass,6,257,130