patient_id,user_id,ear,attempt_id,site,f1_2khz,f1_3khz,f1_4khz,f1_5khz,f2_2khz,f2_3khz,f2_4khz,f2_5khz,oae_2khz,oae_3khz,oae_4khz,oae_5khz,2khz_selected,3khz_selected,4khz_selected,5khz_selected,2khz_f1_sig,3khz_f1_sig,4khz_f1_sig,5khz_f1_sig,2khz_f1_noise,3khz_f1_noise,4khz_f1_noise,5khz_f1_noise,2khz_f1_snr,3khz_f1_snr,4khz_f1_snr,5khz_f1_snr,2khz_f1_snr_result,3khz_f1_snr_result,4khz_f1_snr_result,5khz_f1_snr_result,2khz_f2_sig,3khz_f2_sig,4khz_f2_sig,5khz_f2_sig,2khz_f2_noise,3khz_f2_noise,4khz_f2_noise,5khz_f2_noise,2khz_f2_snr,3khz_f2_snr,4khz_f2_snr,5khz_f2_snr,2khz_f2_snr_result,3khz_f2_snr_result,4khz_f2_snr_result,5khz_f2_snr_result,sig_2khz,sig_3khz,sig_4khz,sig_5khz,noise_2khz,noise_3khz,noise_4khz,noise_5khz,snr_2khz,snr_3khz,snr_4khz,snr_5khz,2khz_result,3khz_result,4khz_result,5khz_result,test_result,test_complete,ambient_noise_2khz,ambient_noise_3khz,ambient_noise_4khz,ambient_noise_5khz,ambient_noise_result_2khz,ambient_noise_result_3khz,ambient_noise_result_4khz,ambient_noise_result_5khz,ambient_noise_result,tone_length,check_fit_val,check_fit_thresh
0011,EWG,left,1,KNH,1557,2377,3196,4016,1900,2900,3900,4900,1214,1854,2492,3132,true,true,true,true,160.2960132031061,158.5577026422353,158.3275177269208,151.51444444822556,127.87245557730712,108.70861781427266,92.51398393564754,103.21782750241921,32.42355762579898,49.849084827962656,65.81353379127326,48.29661694580635,false,false,true,false,144.38080568042415,156.08260185513913,149.7895161794189,152.58000338524067,121.45953745809823,101.10802257804706,85.38386784000564,103.52798220351546,22.92126822232592,54.974579277092076,64.40564833941328,49.05202118172521,false,true,true,false,129.0989327108505,97.15959252938292,101.58549212328238,102.8891667319769,128.12489652621875,93.63881118432262,88.65542183462867,100.40633071966829,0.9740361846317569,3.5207813450603,12.93007028865371,2.48283601230861,false,false,true,false,Refer,true,124.71247458678684,109.47625794686003,112.0006199787383,116.07682354718756,noisy, ok, ok, noisy, retry,6,263,130