patient_id,user_id,ear,attempt_id,site,f1_2khz,f1_3khz,f1_4khz,f1_5khz,f2_2khz,f2_3khz,f2_4khz,f2_5khz,oae_2khz,oae_3khz,oae_4khz,oae_5khz,2khz_selected,3khz_selected,4khz_selected,5khz_selected,2khz_f1_sig,3khz_f1_sig,4khz_f1_sig,5khz_f1_sig,2khz_f1_noise,3khz_f1_noise,4khz_f1_noise,5khz_f1_noise,2khz_f1_snr,3khz_f1_snr,4khz_f1_snr,5khz_f1_snr,2khz_f1_snr_result,3khz_f1_snr_result,4khz_f1_snr_result,5khz_f1_snr_result,2khz_f2_sig,3khz_f2_sig,4khz_f2_sig,5khz_f2_sig,2khz_f2_noise,3khz_f2_noise,4khz_f2_noise,5khz_f2_noise,2khz_f2_snr,3khz_f2_snr,4khz_f2_snr,5khz_f2_snr,2khz_f2_snr_result,3khz_f2_snr_result,4khz_f2_snr_result,5khz_f2_snr_result,sig_2khz,sig_3khz,sig_4khz,sig_5khz,noise_2khz,noise_3khz,noise_4khz,noise_5khz,snr_2khz,snr_3khz,snr_4khz,snr_5khz,2khz_result,3khz_result,4khz_result,5khz_result,test_result,test_complete,ambient_noise_2khz,ambient_noise_3khz,ambient_noise_4khz,ambient_noise_5khz,ambient_noise_result_2khz,ambient_noise_result_3khz,ambient_noise_result_4khz,ambient_noise_result_5khz,ambient_noise_result,tone_length,check_fit_val,check_fit_thresh
0004,EWG,left,1,KNH,1557,2377,3196,4016,1900,2900,3900,4900,1214,1854,2492,3132,true,true,true,true,162.92583756196916,159.12751991261183,156.8223008392155,144.55416606740891,95.51099039074374,97.7683944000326,101.27035657253248,83.47356999062424,67.41484717122542,61.359125512579226,55.55194426668302,61.08059607678467,true,true,false,true,146.74762153684972,157.0853005432042,141.29298021343072,146.1774869884687,79.03473369901225,95.65283500151179,85.8325993124669,85.47095033195241,67.71288783783747,61.43246554169241,55.46038090096383,60.70653665651629,true,true,true,true,107.5771918559826,88.28448725169804,72.85556579187853,69.90094718778295,100.48739839217691,84.52927305124447,70.36799127302709,63.318306152465276,7.089793463805691,3.7552142004535654,2.4875745188514458,6.582641035317671,true,false,false,false,Refer,true,101.87534752090774,104.45169887167147,93.97774634425893,93.95796138107048,ok, ok, ok, ok, noise-pass,6,193,130