patient_id,user_id,ear,attempt_id,site,f1_2khz,f1_3khz,f1_4khz,f1_5khz,f2_2khz,f2_3khz,f2_4khz,f2_5khz,oae_2khz,oae_3khz,oae_4khz,oae_5khz,2khz_selected,3khz_selected,4khz_selected,5khz_selected,2khz_f1_sig,3khz_f1_sig,4khz_f1_sig,5khz_f1_sig,2khz_f1_noise,3khz_f1_noise,4khz_f1_noise,5khz_f1_noise,2khz_f1_snr,3khz_f1_snr,4khz_f1_snr,5khz_f1_snr,2khz_f1_snr_result,3khz_f1_snr_result,4khz_f1_snr_result,5khz_f1_snr_result,2khz_f2_sig,3khz_f2_sig,4khz_f2_sig,5khz_f2_sig,2khz_f2_noise,3khz_f2_noise,4khz_f2_noise,5khz_f2_noise,2khz_f2_snr,3khz_f2_snr,4khz_f2_snr,5khz_f2_snr,2khz_f2_snr_result,3khz_f2_snr_result,4khz_f2_snr_result,5khz_f2_snr_result,sig_2khz,sig_3khz,sig_4khz,sig_5khz,noise_2khz,noise_3khz,noise_4khz,noise_5khz,snr_2khz,snr_3khz,snr_4khz,snr_5khz,2khz_result,3khz_result,4khz_result,5khz_result,test_result,test_complete,ambient_noise_2khz,ambient_noise_3khz,ambient_noise_4khz,ambient_noise_5khz,ambient_noise_result_2khz,ambient_noise_result_3khz,ambient_noise_result_4khz,ambient_noise_result_5khz,ambient_noise_result,tone_length,check_fit_val,check_fit_thresh
9,Name,left,1,KNH,1557,2377,3196,4016,1900,2900,3900,4900,1214,1854,2492,3132,true,true,true,true,157.46158756866367,164.13909016056834,158.9503108951062,154.3238824685539,85.38518218486006,91.02904631500007,85.49427804709683,79.47775592164524,72.07640538380362,73.11004384556827,73.45603284800939,74.84612654690866,true,true,true,true,150.69354843634355,157.76975027467535,149.69715870475244,155.15913568867126,78.74532099308936,84.08744646768474,76.59382498112846,79.1880275202137,71.94822744325418,73.6823038069906,73.10333372362398,75.97110816845756,true,true,true,true,80.09000371287007,80.06388361189335,71.96180991530093,62.812317590705135,68.08148504966545,75.64671646833015,69.30949268144101,59.71718571380828,12.008518663204626,4.417167143563191,2.652317233859918,3.0951318768968576,true,false,false,false,Refer,true,78.3046693105634,89.72835359464408,88.73740230650272,86.84046604666308,ok, ok, ok, ok, noise-pass,6,284,130