patient_id,user_id,ear,attempt_id,site,f1_2khz,f1_3khz,f1_4khz,f1_5khz,f2_2khz,f2_3khz,f2_4khz,f2_5khz,oae_2khz,oae_3khz,oae_4khz,oae_5khz,2khz_selected,3khz_selected,4khz_selected,5khz_selected,2khz_f1_sig,3khz_f1_sig,4khz_f1_sig,5khz_f1_sig,2khz_f1_noise,3khz_f1_noise,4khz_f1_noise,5khz_f1_noise,2khz_f1_snr,3khz_f1_snr,4khz_f1_snr,5khz_f1_snr,2khz_f1_snr_result,3khz_f1_snr_result,4khz_f1_snr_result,5khz_f1_snr_result,2khz_f2_sig,3khz_f2_sig,4khz_f2_sig,5khz_f2_sig,2khz_f2_noise,3khz_f2_noise,4khz_f2_noise,5khz_f2_noise,2khz_f2_snr,3khz_f2_snr,4khz_f2_snr,5khz_f2_snr,2khz_f2_snr_result,3khz_f2_snr_result,4khz_f2_snr_result,5khz_f2_snr_result,sig_2khz,sig_3khz,sig_4khz,sig_5khz,noise_2khz,noise_3khz,noise_4khz,noise_5khz,snr_2khz,snr_3khz,snr_4khz,snr_5khz,2khz_result,3khz_result,4khz_result,5khz_result,test_result,test_complete,ambient_noise_2khz,ambient_noise_3khz,ambient_noise_4khz,ambient_noise_5khz,ambient_noise_result_2khz,ambient_noise_result_3khz,ambient_noise_result_4khz,ambient_noise_result_5khz,ambient_noise_result,tone_length,check_fit_val,check_fit_thresh
6,Name,left,1,KNH,1557,2377,3196,4016,1900,2900,3900,4900,1214,1854,2492,3132,true,true,true,true,161.66404699450806,163.22173526295353,160.300474346439,158.6900574808373,87.23931686952746,90.66465433990344,82.7751575900046,79.97203928657831,74.4247301249806,72.5570809230501,77.52531675643439,78.718018194259,true,true,true,true,156.0629278777889,162.33971182165277,153.3444749702159,154.42027513053728,82.95306691376942,89.90212225098689,76.00438641529648,75.94099051660254,73.10986096401948,72.43758957066588,77.34008855491943,78.47928461393474,true,true,true,true,75.90995935699642,82.37646238069864,66.60745993071919,57.40634355434757,69.17186490052103,69.7149542000127,64.87056056196339,51.314185759002875,6.738094456475395,12.661508180685942,1.7368993687558003,6.092157795344697,true,true,false,true,Pass,true,83.65086789736411,78.03219322165293,81.90933335107292,78.57719814945466,ok, ok, ok, ok, noise-pass,6,226,130