patient_id,user_id,ear,attempt_id,site,f1_2khz,f1_3khz,f1_4khz,f1_5khz,f2_2khz,f2_3khz,f2_4khz,f2_5khz,oae_2khz,oae_3khz,oae_4khz,oae_5khz,2khz_selected,3khz_selected,4khz_selected,5khz_selected,2khz_f1_sig,3khz_f1_sig,4khz_f1_sig,5khz_f1_sig,2khz_f1_noise,3khz_f1_noise,4khz_f1_noise,5khz_f1_noise,2khz_f1_snr,3khz_f1_snr,4khz_f1_snr,5khz_f1_snr,2khz_f1_snr_result,3khz_f1_snr_result,4khz_f1_snr_result,5khz_f1_snr_result,2khz_f2_sig,3khz_f2_sig,4khz_f2_sig,5khz_f2_sig,2khz_f2_noise,3khz_f2_noise,4khz_f2_noise,5khz_f2_noise,2khz_f2_snr,3khz_f2_snr,4khz_f2_snr,5khz_f2_snr,2khz_f2_snr_result,3khz_f2_snr_result,4khz_f2_snr_result,5khz_f2_snr_result,sig_2khz,sig_3khz,sig_4khz,sig_5khz,noise_2khz,noise_3khz,noise_4khz,noise_5khz,snr_2khz,snr_3khz,snr_4khz,snr_5khz,2khz_result,3khz_result,4khz_result,5khz_result,test_result,test_complete,ambient_noise_2khz,ambient_noise_3khz,ambient_noise_4khz,ambient_noise_5khz,ambient_noise_result_2khz,ambient_noise_result_3khz,ambient_noise_result_4khz,ambient_noise_result_5khz,ambient_noise_result,tone_length,check_fit_val,check_fit_thresh
1,Name,left,2,KNH,1557,2377,3196,4016,1900,2900,3900,4900,1214,1854,2492,3132,true,true,true,true,146.723426343553,159.22217146703392,153.9872394098227,148.75657877670915,96.19320671875212,111.16131977410868,110.83604640589074,105.68539905219353,50.53021962480088,48.06085169292524,43.151193003931965,43.071179724515616,false,false,false,false,145.06971505966692,155.86303214180685,146.38353636057008,145.35692714179132,95.3452899910758,107.84386294191052,103.28493703068631,102.36745640135291,49.72442506859112,48.01916919989634,43.09859932988377,42.989470740438406,false,false,false,false,88.8054648973984,97.99973693912861,95.21303961582332,88.10243680019751,86.17302428557728,89.8677474779148,87.61315145554826,83.02428626778988,2.63244061182111,8.131989461213806,7.599888160275057,5.0781505324076335,false,true,true,false,Pass,true,103.93421486483348,105.96459976800838,107.42400378621527,114.55781581005724,ok, ok, ok, ok, noise-pass,6,312,130