patient_id,user_id,ear,attempt_id,site,f1_2khz,f1_3khz,f1_4khz,f1_5khz,f2_2khz,f2_3khz,f2_4khz,f2_5khz,oae_2khz,oae_3khz,oae_4khz,oae_5khz,2khz_selected,3khz_selected,4khz_selected,5khz_selected,2khz_f1_sig,3khz_f1_sig,4khz_f1_sig,5khz_f1_sig,2khz_f1_noise,3khz_f1_noise,4khz_f1_noise,5khz_f1_noise,2khz_f1_snr,3khz_f1_snr,4khz_f1_snr,5khz_f1_snr,2khz_f1_snr_result,3khz_f1_snr_result,4khz_f1_snr_result,5khz_f1_snr_result,2khz_f2_sig,3khz_f2_sig,4khz_f2_sig,5khz_f2_sig,2khz_f2_noise,3khz_f2_noise,4khz_f2_noise,5khz_f2_noise,2khz_f2_snr,3khz_f2_snr,4khz_f2_snr,5khz_f2_snr,2khz_f2_snr_result,3khz_f2_snr_result,4khz_f2_snr_result,5khz_f2_snr_result,sig_2khz,sig_3khz,sig_4khz,sig_5khz,noise_2khz,noise_3khz,noise_4khz,noise_5khz,snr_2khz,snr_3khz,snr_4khz,snr_5khz,2khz_result,3khz_result,4khz_result,5khz_result,test_result,test_complete,ambient_noise_2khz,ambient_noise_3khz,ambient_noise_4khz,ambient_noise_5khz,ambient_noise_result_2khz,ambient_noise_result_3khz,ambient_noise_result_4khz,ambient_noise_result_5khz,ambient_noise_result,tone_length,check_fit_val,check_fit_thresh
1,Name,left,1,KNH,1557,2377,3196,4016,1900,2900,3900,4900,1214,1854,2492,3132,true,true,true,true,148.457858278604,157.15917744488425,154.7665013266989,153.0906989205692,100.59882265035705,118.49130082428567,115.80785018321552,117.93997209669615,47.85903562824694,38.66787662059858,38.958651143483365,35.15072682387304,false,false,false,false,146.77002700578126,153.74093815702255,147.24969043840167,149.81299315603198,95.11867234140682,115.04883286590116,108.3134214336977,114.56114250863637,51.65135466437444,38.69210529112139,38.93626900470397,35.251850647395614,true,false,false,false,104.14083531880273,104.53510718523594,93.65476909026387,97.48096450741264,102.44349456955389,98.78075771945353,88.17606795944715,87.27309759417079,1.6973407492488377,5.754349465782411,5.478701130816717,10.207866913241844,false,false,false,true,Pass,true,117.72933502662978,115.47849161040855,107.64243371575364,114.44550856161673,noisy, ok, ok, ok, retry,6,311,130