patient_id,user_id,ear,attempt_id,site,f1_2khz,f1_3khz,f1_4khz,f1_5khz,f2_2khz,f2_3khz,f2_4khz,f2_5khz,oae_2khz,oae_3khz,oae_4khz,oae_5khz,2khz_selected,3khz_selected,4khz_selected,5khz_selected,2khz_f1_sig,3khz_f1_sig,4khz_f1_sig,5khz_f1_sig,2khz_f1_noise,3khz_f1_noise,4khz_f1_noise,5khz_f1_noise,2khz_f1_snr,3khz_f1_snr,4khz_f1_snr,5khz_f1_snr,2khz_f1_snr_result,3khz_f1_snr_result,4khz_f1_snr_result,5khz_f1_snr_result,2khz_f2_sig,3khz_f2_sig,4khz_f2_sig,5khz_f2_sig,2khz_f2_noise,3khz_f2_noise,4khz_f2_noise,5khz_f2_noise,2khz_f2_snr,3khz_f2_snr,4khz_f2_snr,5khz_f2_snr,2khz_f2_snr_result,3khz_f2_snr_result,4khz_f2_snr_result,5khz_f2_snr_result,sig_2khz,sig_3khz,sig_4khz,sig_5khz,noise_2khz,noise_3khz,noise_4khz,noise_5khz,snr_2khz,snr_3khz,snr_4khz,snr_5khz,2khz_result,3khz_result,4khz_result,5khz_result,test_result,test_complete,ambient_noise_2khz,ambient_noise_3khz,ambient_noise_4khz,ambient_noise_5khz,ambient_noise_result_2khz,ambient_noise_result_3khz,ambient_noise_result_4khz,ambient_noise_result_5khz,ambient_noise_result,tone_length,check_fit_val,check_fit_thresh
8,Name,left,2,KNH,1557,2377,3196,4016,1900,2900,3900,4900,1214,1854,2492,3132,true,true,true,true,153.3651182569383,163.27644775473226,158.49025275168268,155.8201524694509,87.919463972915,91.88870405087533,96.55090369277964,86.59218142143581,65.4456542840233,71.38774370385693,61.93934905890303,69.22797104801509,true,true,true,true,144.1333662192196,162.16816624920935,150.06595720953948,153.24038451453865,83.69893530025209,90.62577178564575,88.11788709950571,83.96100974114132,60.43443091896751,71.5423944635636,61.94807011003377,69.27937477339732,true,true,true,true,91.912230720265,79.90203687098094,73.14489622329273,62.82865118326785,89.44364908368846,74.18450386849473,70.22541381658012,62.597248046492055,2.4685816365765447,5.717533002486206,2.9194824067126177,0.23140313677579627,false,false,false,false,Refer,true,97.3358683204854,90.67429162304492,97.61873725873308,98.95525411122459,ok, ok, ok, ok, noise-pass,6,292,130