patient_id,user_id,ear,attempt_id,site,f1_2khz,f1_3khz,f1_4khz,f1_5khz,f2_2khz,f2_3khz,f2_4khz,f2_5khz,oae_2khz,oae_3khz,oae_4khz,oae_5khz,2khz_selected,3khz_selected,4khz_selected,5khz_selected,2khz_f1_sig,3khz_f1_sig,4khz_f1_sig,5khz_f1_sig,2khz_f1_noise,3khz_f1_noise,4khz_f1_noise,5khz_f1_noise,2khz_f1_snr,3khz_f1_snr,4khz_f1_snr,5khz_f1_snr,2khz_f1_snr_result,3khz_f1_snr_result,4khz_f1_snr_result,5khz_f1_snr_result,2khz_f2_sig,3khz_f2_sig,4khz_f2_sig,5khz_f2_sig,2khz_f2_noise,3khz_f2_noise,4khz_f2_noise,5khz_f2_noise,2khz_f2_snr,3khz_f2_snr,4khz_f2_snr,5khz_f2_snr,2khz_f2_snr_result,3khz_f2_snr_result,4khz_f2_snr_result,5khz_f2_snr_result,sig_2khz,sig_3khz,sig_4khz,sig_5khz,noise_2khz,noise_3khz,noise_4khz,noise_5khz,snr_2khz,snr_3khz,snr_4khz,snr_5khz,2khz_result,3khz_result,4khz_result,5khz_result,test_result,test_complete,ambient_noise_2khz,ambient_noise_3khz,ambient_noise_4khz,ambient_noise_5khz,ambient_noise_result_2khz,ambient_noise_result_3khz,ambient_noise_result_4khz,ambient_noise_result_5khz,ambient_noise_result,tone_length,check_fit_val,check_fit_thresh
3,Name,left,1,KNH,1557,2377,3196,4016,1900,2900,3900,4900,1214,1854,2492,3132,true,true,true,true,161.24902887059164,163.5599681766368,156.35710361354802,150.51951010911947,88.19042993258398,78.28706035251308,83.88634484814145,104.62177947100658,73.05859893800766,85.27290782412372,72.47075876540657,45.89773063811289,true,true,true,false,152.47102780654367,161.55632652240016,146.5359605319606,145.30412953875046,79.73460668113614,76.32870917521689,68.69016680360035,92.27985206270168,72.73642112540753,85.22761734718327,77.84579372836025,53.02427747604878,true,true,true,true,85.68829423076645,75.7186977686759,73.84371371878487,96.83150217143097,81.90022529875142,71.1269795285734,70.92284765069502,95.83163869089122,3.7880689320150225,4.5917182401024945,2.9208660680898504,0.9998634805397444,false,false,false,false,Refer,true,89.5358394760985,85.30513434362929,90.28952779914452,113.65557996487087,ok, ok, ok, ok, noise-pass,6,215,130