patient_id,user_id,ear,attempt_id,site,f1_2khz,f1_3khz,f1_4khz,f1_5khz,f2_2khz,f2_3khz,f2_4khz,f2_5khz,oae_2khz,oae_3khz,oae_4khz,oae_5khz,2khz_selected,3khz_selected,4khz_selected,5khz_selected,2khz_f1_sig,3khz_f1_sig,4khz_f1_sig,5khz_f1_sig,2khz_f1_noise,3khz_f1_noise,4khz_f1_noise,5khz_f1_noise,2khz_f1_snr,3khz_f1_snr,4khz_f1_snr,5khz_f1_snr,2khz_f1_snr_result,3khz_f1_snr_result,4khz_f1_snr_result,5khz_f1_snr_result,2khz_f2_sig,3khz_f2_sig,4khz_f2_sig,5khz_f2_sig,2khz_f2_noise,3khz_f2_noise,4khz_f2_noise,5khz_f2_noise,2khz_f2_snr,3khz_f2_snr,4khz_f2_snr,5khz_f2_snr,2khz_f2_snr_result,3khz_f2_snr_result,4khz_f2_snr_result,5khz_f2_snr_result,sig_2khz,sig_3khz,sig_4khz,sig_5khz,noise_2khz,noise_3khz,noise_4khz,noise_5khz,snr_2khz,snr_3khz,snr_4khz,snr_5khz,2khz_result,3khz_result,4khz_result,5khz_result,test_result,test_complete,ambient_noise_2khz,ambient_noise_3khz,ambient_noise_4khz,ambient_noise_5khz,ambient_noise_result_2khz,ambient_noise_result_3khz,ambient_noise_result_4khz,ambient_noise_result_5khz,ambient_noise_result,tone_length,check_fit_val,check_fit_thresh
8,Name,right,2,KNH,1557,2377,3196,4016,1900,2900,3900,4900,1214,1854,2492,3132,true,true,true,true,153.8951120488162,151.554996472857,146.97966804869648,151.395071003365,98.31280684168397,110.74197336476898,110.29148093850787,101.17317523539313,55.58230520713224,40.81302310808802,36.68818711018861,50.22189576797186,false,false,false,false,141.66542358336525,153.05316372953277,139.46780210394445,148.22554540527688,87.74976428711881,112.39069252275624,102.89196566286648,98.03178065951373,53.915659296246446,40.66247120677653,36.57583644107797,50.19376474576315,true,false,false,true,95.74567730589179,100.16486820033334,91.48075127054433,83.3991132846796,85.81879411101276,93.40547307701307,86.7617125322777,76.02015314775409,9.926883194879025,6.7593951233202745,4.719038738266633,7.378960136925514,true,true,false,true,Pass,true,103.38573156069413,111.40351210376241,108.14960460700041,100.65975047847941,ok, ok, ok, ok, noise-pass,6,186,130