patient_id,user_id,ear,attempt_id,site,f1_2khz,f1_3khz,f1_4khz,f1_5khz,f2_2khz,f2_3khz,f2_4khz,f2_5khz,oae_2khz,oae_3khz,oae_4khz,oae_5khz,2khz_selected,3khz_selected,4khz_selected,5khz_selected,2khz_f1_sig,3khz_f1_sig,4khz_f1_sig,5khz_f1_sig,2khz_f1_noise,3khz_f1_noise,4khz_f1_noise,5khz_f1_noise,2khz_f1_snr,3khz_f1_snr,4khz_f1_snr,5khz_f1_snr,2khz_f1_snr_result,3khz_f1_snr_result,4khz_f1_snr_result,5khz_f1_snr_result,2khz_f2_sig,3khz_f2_sig,4khz_f2_sig,5khz_f2_sig,2khz_f2_noise,3khz_f2_noise,4khz_f2_noise,5khz_f2_noise,2khz_f2_snr,3khz_f2_snr,4khz_f2_snr,5khz_f2_snr,2khz_f2_snr_result,3khz_f2_snr_result,4khz_f2_snr_result,5khz_f2_snr_result,sig_2khz,sig_3khz,sig_4khz,sig_5khz,noise_2khz,noise_3khz,noise_4khz,noise_5khz,snr_2khz,snr_3khz,snr_4khz,snr_5khz,2khz_result,3khz_result,4khz_result,5khz_result,test_result,test_complete,ambient_noise_2khz,ambient_noise_3khz,ambient_noise_4khz,ambient_noise_5khz,ambient_noise_result_2khz,ambient_noise_result_3khz,ambient_noise_result_4khz,ambient_noise_result_5khz,ambient_noise_result,tone_length,check_fit_val,check_fit_thresh
5,Name,left,5,KNH,1557,2377,3196,4016,1900,2900,3900,4900,1214,1854,2492,3132,true,true,true,true,146.797654981025,159.89949803936202,154.50622247591053,152.96309637456554,91.57493718995988,91.97648565211468,85.70574196293519,96.80706230685941,55.22271779106512,67.92301238724734,68.80048051297534,56.15603406770613,false,true,true,false,137.27759448486603,160.67022924412868,147.43770913024503,149.36033493625,89.10884874641923,92.71179073842302,78.49284533079705,93.24885224634008,48.1687457384468,67.95843850570566,68.94486379944797,56.111482689909934,false,true,true,true,101.47068857788099,90.21594228432478,98.5005746833161,89.29363091214333,101.01240272111036,89.08041924013108,96.12824211983849,82.01706028871038,0.4582858567706296,1.1355230441937039,2.372332563477613,7.276570623432946,false,false,false,true,Refer,true,105.03778267104111,106.6651534425838,117.40555917513963,121.89081258742748,noisy, ok, ok, ok, retry,6,198,130