patient_id,user_id,ear,attempt_id,site,f1_2khz,f1_3khz,f1_4khz,f1_5khz,f2_2khz,f2_3khz,f2_4khz,f2_5khz,oae_2khz,oae_3khz,oae_4khz,oae_5khz,2khz_selected,3khz_selected,4khz_selected,5khz_selected,2khz_f1_sig,3khz_f1_sig,4khz_f1_sig,5khz_f1_sig,2khz_f1_noise,3khz_f1_noise,4khz_f1_noise,5khz_f1_noise,2khz_f1_snr,3khz_f1_snr,4khz_f1_snr,5khz_f1_snr,2khz_f1_snr_result,3khz_f1_snr_result,4khz_f1_snr_result,5khz_f1_snr_result,2khz_f2_sig,3khz_f2_sig,4khz_f2_sig,5khz_f2_sig,2khz_f2_noise,3khz_f2_noise,4khz_f2_noise,5khz_f2_noise,2khz_f2_snr,3khz_f2_snr,4khz_f2_snr,5khz_f2_snr,2khz_f2_snr_result,3khz_f2_snr_result,4khz_f2_snr_result,5khz_f2_snr_result,sig_2khz,sig_3khz,sig_4khz,sig_5khz,noise_2khz,noise_3khz,noise_4khz,noise_5khz,snr_2khz,snr_3khz,snr_4khz,snr_5khz,2khz_result,3khz_result,4khz_result,5khz_result,test_result,test_complete,ambient_noise_2khz,ambient_noise_3khz,ambient_noise_4khz,ambient_noise_5khz,ambient_noise_result_2khz,ambient_noise_result_3khz,ambient_noise_result_4khz,ambient_noise_result_5khz,ambient_noise_result,tone_length,check_fit_val,check_fit_thresh
7,Name,left,1,KNH,1557,2377,3196,4016,1900,2900,3900,4900,1214,1854,2492,3132,true,true,true,true,160.36734206308455,163.43351042599633,160.3467151931324,158.49345207580149,73.18679401264387,73.26496961749662,78.51354236245632,71.67372353965584,87.18054805044068,90.16854080849971,81.83317283067609,86.81972853614565,true,true,true,true,154.6303554735725,162.32488091222507,153.13521107250745,154.232166797135,68.50992681999266,71.08225702220072,72.5449036965121,69.17175238571457,86.12042865357985,91.24262389002435,80.59030737599535,85.06041441142042,true,true,true,true,94.75385094634052,92.85971866050177,69.02371974565538,61.663385855193425,65.36144065496158,66.81459282643044,66.71725521705713,52.374486986294016,29.392410291378937,26.045125834071328,2.306464528598255,9.288898868899409,true,true,false,true,Pass,true,72.77763629873307,72.17766202612927,82.2348504352678,73.97690902432292,ok, ok, ok, ok, noise-pass,6,222,130