patient_id,user_id,ear,attempt_id,site,f1_2khz,f1_3khz,f1_4khz,f1_5khz,f2_2khz,f2_3khz,f2_4khz,f2_5khz,oae_2khz,oae_3khz,oae_4khz,oae_5khz,2khz_selected,3khz_selected,4khz_selected,5khz_selected,2khz_f1_sig,3khz_f1_sig,4khz_f1_sig,5khz_f1_sig,2khz_f1_noise,3khz_f1_noise,4khz_f1_noise,5khz_f1_noise,2khz_f1_snr,3khz_f1_snr,4khz_f1_snr,5khz_f1_snr,2khz_f1_snr_result,3khz_f1_snr_result,4khz_f1_snr_result,5khz_f1_snr_result,2khz_f2_sig,3khz_f2_sig,4khz_f2_sig,5khz_f2_sig,2khz_f2_noise,3khz_f2_noise,4khz_f2_noise,5khz_f2_noise,2khz_f2_snr,3khz_f2_snr,4khz_f2_snr,5khz_f2_snr,2khz_f2_snr_result,3khz_f2_snr_result,4khz_f2_snr_result,5khz_f2_snr_result,sig_2khz,sig_3khz,sig_4khz,sig_5khz,noise_2khz,noise_3khz,noise_4khz,noise_5khz,snr_2khz,snr_3khz,snr_4khz,snr_5khz,2khz_result,3khz_result,4khz_result,5khz_result,test_result,test_complete,ambient_noise_2khz,ambient_noise_3khz,ambient_noise_4khz,ambient_noise_5khz,ambient_noise_result_2khz,ambient_noise_result_3khz,ambient_noise_result_4khz,ambient_noise_result_5khz,ambient_noise_result,tone_length,check_fit_val,check_fit_thresh
0,Name,right,1,,1557,2377,3196,4016,1900,2900,3900,4900,1214,1854,2492,3132,true,true,true,true,164.58773717268247,164.75936416609838,160.00117101005736,155.27882422881052,94.19951482461853,71.56209788654104,72.7416976582021,67.27002246843051,70.38822234806393,93.19726627955734,87.25947335185526,88.00880176038001,true,true,true,true,154.3212805681943,158.12262210418052,149.8813344884164,155.66450985834143,86.7970187871142,66.06917265061946,66.22933316778303,67.31008454112047,67.52426178108011,92.05344945356106,83.65200132063337,88.35442531722096,true,true,true,true,92.39567594497343,83.94012009432443,77.34432277973079,71.28724264140517,89.21097324580833,77.29907678917895,73.6154110258085,69.79124852237815,3.1847026991651006,6.641043305145473,3.72891175392229,1.4959941190270172,false,true,false,false,Refer,true,90.02095723828988,84.15266837909843,90.57331078003243,89.72521877074345,ok, ok, ok, ok, noise-pass,6,53,130