patient_id,user_id,ear,attempt_id,site,f1_2khz,f1_3khz,f1_4khz,f1_5khz,f2_2khz,f2_3khz,f2_4khz,f2_5khz,oae_2khz,oae_3khz,oae_4khz,oae_5khz,2khz_selected,3khz_selected,4khz_selected,5khz_selected,2khz_f1_sig,3khz_f1_sig,4khz_f1_sig,5khz_f1_sig,2khz_f1_noise,3khz_f1_noise,4khz_f1_noise,5khz_f1_noise,2khz_f1_snr,3khz_f1_snr,4khz_f1_snr,5khz_f1_snr,2khz_f1_snr_result,3khz_f1_snr_result,4khz_f1_snr_result,5khz_f1_snr_result,2khz_f2_sig,3khz_f2_sig,4khz_f2_sig,5khz_f2_sig,2khz_f2_noise,3khz_f2_noise,4khz_f2_noise,5khz_f2_noise,2khz_f2_snr,3khz_f2_snr,4khz_f2_snr,5khz_f2_snr,2khz_f2_snr_result,3khz_f2_snr_result,4khz_f2_snr_result,5khz_f2_snr_result,sig_2khz,sig_3khz,sig_4khz,sig_5khz,noise_2khz,noise_3khz,noise_4khz,noise_5khz,snr_2khz,snr_3khz,snr_4khz,snr_5khz,2khz_result,3khz_result,4khz_result,5khz_result,test_result,test_complete,ambient_noise_2khz,ambient_noise_3khz,ambient_noise_4khz,ambient_noise_5khz,ambient_noise_result_2khz,ambient_noise_result_3khz,ambient_noise_result_4khz,ambient_noise_result_5khz,ambient_noise_result,tone_length,check_fit_val,check_fit_thresh
5,Name,right,1,,1557,2377,3196,4016,1900,2900,3900,4900,1214,1854,2492,3132,true,true,true,true,164.29426913716844,164.76830071712487,159.9488273024487,155.44558229632847,95.27916303331294,94.54197274078572,74.38713135286419,73.62867166097283,69.0151061038555,70.22632797633915,85.56169594958452,81.81691063535564,true,true,true,true,154.53957095148522,158.11189920929206,150.3915478054254,155.92781189481346,96.58415854924843,84.93338058589976,66.33588129678472,73.78360920116657,57.95541240223679,73.1785186233923,84.05566650864068,82.14420269364689,true,true,true,true,97.16103019211624,104.58884369093244,91.55450747477518,82.94229825452923,93.04786124647718,102.1269318762105,86.36368383710119,81.21235556519014,4.11316894563906,2.4619118147219297,5.1908236376739865,1.7299426893390972,false,false,false,false,Refer,true,92.02608743774277,93.0412557019609,95.85990921117282,97.93681102347612,ok, noisy, ok, ok, retry,6,47,130