patient_id,user_id,ear,attempt_id,site,f1_2khz,f1_3khz,f1_4khz,f1_5khz,f2_2khz,f2_3khz,f2_4khz,f2_5khz,oae_2khz,oae_3khz,oae_4khz,oae_5khz,2khz_selected,3khz_selected,4khz_selected,5khz_selected,2khz_f1_sig,3khz_f1_sig,4khz_f1_sig,5khz_f1_sig,2khz_f1_noise,3khz_f1_noise,4khz_f1_noise,5khz_f1_noise,2khz_f1_snr,3khz_f1_snr,4khz_f1_snr,5khz_f1_snr,2khz_f1_snr_result,3khz_f1_snr_result,4khz_f1_snr_result,5khz_f1_snr_result,2khz_f2_sig,3khz_f2_sig,4khz_f2_sig,5khz_f2_sig,2khz_f2_noise,3khz_f2_noise,4khz_f2_noise,5khz_f2_noise,2khz_f2_snr,3khz_f2_snr,4khz_f2_snr,5khz_f2_snr,2khz_f2_snr_result,3khz_f2_snr_result,4khz_f2_snr_result,5khz_f2_snr_result,sig_2khz,sig_3khz,sig_4khz,sig_5khz,noise_2khz,noise_3khz,noise_4khz,noise_5khz,snr_2khz,snr_3khz,snr_4khz,snr_5khz,2khz_result,3khz_result,4khz_result,5khz_result,test_result,test_complete,ambient_noise_2khz,ambient_noise_3khz,ambient_noise_4khz,ambient_noise_5khz,ambient_noise_result_2khz,ambient_noise_result_3khz,ambient_noise_result_4khz,ambient_noise_result_5khz,ambient_noise_result,tone_length,check_fit_val,check_fit_thresh
020001,Name,left,4,Mathare,1557,2377,3196,4016,1900,2900,3900,4900,1214,1854,2492,3132,true,true,true,true,163.18142424447743,158.35517244892026,158.7494471111792,151.165585878099,89.95520332608321,87.73766150941302,85.10347476104413,78.4239374492367,73.22622091839422,70.61751093950724,73.64597235013507,72.74164842886229,true,true,true,true,150.3720295286082,160.5288619281789,145.40674371807336,146.5708367718609,79.12546464973022,89.96627284856422,74.00659901065748,73.94014300921411,71.24656487887799,70.5625890796147,71.40014470741588,72.6306937626468,true,true,true,true,83.69655633281286,73.30663410731779,71.25235606155013,68.23841291707886,82.06799378464956,68.77254067938776,66.31049459213965,65.8488624340194,1.628562548163302,4.534093427930031,4.941861469410483,2.389550483059466,false,false,false,false,Refer,true,97.33170714481037,90.64515922661501,92.85495481599715,96.98005020558172,ok, ok, ok, ok, noise-pass,6,264,130