patient_id,user_id,ear,attempt_id,site,f1_2khz,f1_3khz,f1_4khz,f1_5khz,f2_2khz,f2_3khz,f2_4khz,f2_5khz,oae_2khz,oae_3khz,oae_4khz,oae_5khz,2khz_selected,3khz_selected,4khz_selected,5khz_selected,2khz_f1_sig,3khz_f1_sig,4khz_f1_sig,5khz_f1_sig,2khz_f1_noise,3khz_f1_noise,4khz_f1_noise,5khz_f1_noise,2khz_f1_snr,3khz_f1_snr,4khz_f1_snr,5khz_f1_snr,2khz_f1_snr_result,3khz_f1_snr_result,4khz_f1_snr_result,5khz_f1_snr_result,2khz_f2_sig,3khz_f2_sig,4khz_f2_sig,5khz_f2_sig,2khz_f2_noise,3khz_f2_noise,4khz_f2_noise,5khz_f2_noise,2khz_f2_snr,3khz_f2_snr,4khz_f2_snr,5khz_f2_snr,2khz_f2_snr_result,3khz_f2_snr_result,4khz_f2_snr_result,5khz_f2_snr_result,sig_2khz,sig_3khz,sig_4khz,sig_5khz,noise_2khz,noise_3khz,noise_4khz,noise_5khz,snr_2khz,snr_3khz,snr_4khz,snr_5khz,2khz_result,3khz_result,4khz_result,5khz_result,test_result,test_complete,ambient_noise_2khz,ambient_noise_3khz,ambient_noise_4khz,ambient_noise_5khz,ambient_noise_result_2khz,ambient_noise_result_3khz,ambient_noise_result_4khz,ambient_noise_result_5khz,ambient_noise_result,tone_length,check_fit_val,check_fit_thresh
020001,Name,right,8,Mathare,1557,2377,3196,4016,1900,2900,3900,4900,1214,1854,2492,3132,true,true,true,true,161.46458057780012,158.61309195074716,158.88778193795613,157.33378288377008,99.71798442164378,100.60242884927506,82.0864994744071,82.15237165417827,61.74659615615634,58.010663101472105,76.80128246354903,75.18141122959182,true,false,true,true,148.68122101804292,160.39939414744097,150.64662935396728,152.27482918931747,87.6446658806065,96.98796212956313,81.15707894672232,78.64984593218047,61.03655513743642,63.41143201787784,69.48955040724496,73.624983257137,true,true,true,true,93.9638755251122,89.13518723484216,88.36981992566145,89.21869462067434,89.73790669372457,86.9298404993787,82.35764825392039,81.37384064788037,4.2259688313876325,2.205346735463465,6.012171671741058,7.84485397279397,false,false,false,false,Refer,true,101.13512780083198,99.58561449321132,103.19664505623682,103.82114910256168,ok, ok, ok, ok, noise-pass,6,197,130