patient_id,user_id,ear,attempt_id,site,f1_2khz,f1_3khz,f1_4khz,f1_5khz,f2_2khz,f2_3khz,f2_4khz,f2_5khz,oae_2khz,oae_3khz,oae_4khz,oae_5khz,2khz_selected,3khz_selected,4khz_selected,5khz_selected,2khz_f1_sig,3khz_f1_sig,4khz_f1_sig,5khz_f1_sig,2khz_f1_noise,3khz_f1_noise,4khz_f1_noise,5khz_f1_noise,2khz_f1_snr,3khz_f1_snr,4khz_f1_snr,5khz_f1_snr,2khz_f1_snr_result,3khz_f1_snr_result,4khz_f1_snr_result,5khz_f1_snr_result,2khz_f2_sig,3khz_f2_sig,4khz_f2_sig,5khz_f2_sig,2khz_f2_noise,3khz_f2_noise,4khz_f2_noise,5khz_f2_noise,2khz_f2_snr,3khz_f2_snr,4khz_f2_snr,5khz_f2_snr,2khz_f2_snr_result,3khz_f2_snr_result,4khz_f2_snr_result,5khz_f2_snr_result,sig_2khz,sig_3khz,sig_4khz,sig_5khz,noise_2khz,noise_3khz,noise_4khz,noise_5khz,snr_2khz,snr_3khz,snr_4khz,snr_5khz,2khz_result,3khz_result,4khz_result,5khz_result,test_result,test_complete,ambient_noise_2khz,ambient_noise_3khz,ambient_noise_4khz,ambient_noise_5khz,ambient_noise_result_2khz,ambient_noise_result_3khz,ambient_noise_result_4khz,ambient_noise_result_5khz,ambient_noise_result,tone_length,check_fit_val,check_fit_thresh
0011,EWG,right,1,KNH,1557,2377,3196,4016,1900,2900,3900,4900,1214,1854,2492,3132,true,true,true,true,163.21958020857784,162.49210270697353,159.1577347300633,154.83019061388367,93.2774566589191,86.44888800829631,82.6035301752118,81.31081116646646,69.94212354965873,76.04321469867722,76.55420455485151,73.51937944741721,true,true,true,true,149.85675576508618,158.22531189520282,149.6399006963195,155.1632789303116,100.20980904360435,81.30648430408664,74.67310974709602,78.54238166791411,49.646946721481825,76.91882759111618,74.96679094922348,76.62089726239749,false,true,true,true,107.62989901362951,112.79758783652936,104.56049226450709,99.25573972816937,97.11451375820451,92.83625158982511,83.77818984364126,85.68724018877015,10.515385255425002,19.96133624670425,20.782302420865832,13.568499539399227,true,true,true,true,Pass,true,106.04804648086913,106.44088822943671,107.82353805243864,109.27480420126213,ok, ok, ok, ok, noise-pass,6,106,130