patient_id,user_id,ear,attempt_id,site,f1_2khz,f1_3khz,f1_4khz,f1_5khz,f2_2khz,f2_3khz,f2_4khz,f2_5khz,oae_2khz,oae_3khz,oae_4khz,oae_5khz,2khz_selected,3khz_selected,4khz_selected,5khz_selected,2khz_f1_sig,3khz_f1_sig,4khz_f1_sig,5khz_f1_sig,2khz_f1_noise,3khz_f1_noise,4khz_f1_noise,5khz_f1_noise,2khz_f1_snr,3khz_f1_snr,4khz_f1_snr,5khz_f1_snr,2khz_f1_snr_result,3khz_f1_snr_result,4khz_f1_snr_result,5khz_f1_snr_result,2khz_f2_sig,3khz_f2_sig,4khz_f2_sig,5khz_f2_sig,2khz_f2_noise,3khz_f2_noise,4khz_f2_noise,5khz_f2_noise,2khz_f2_snr,3khz_f2_snr,4khz_f2_snr,5khz_f2_snr,2khz_f2_snr_result,3khz_f2_snr_result,4khz_f2_snr_result,5khz_f2_snr_result,sig_2khz,sig_3khz,sig_4khz,sig_5khz,noise_2khz,noise_3khz,noise_4khz,noise_5khz,snr_2khz,snr_3khz,snr_4khz,snr_5khz,2khz_result,3khz_result,4khz_result,5khz_result,test_result,test_complete,ambient_noise_2khz,ambient_noise_3khz,ambient_noise_4khz,ambient_noise_5khz,ambient_noise_result_2khz,ambient_noise_result_3khz,ambient_noise_result_4khz,ambient_noise_result_5khz,ambient_noise_result,tone_length,check_fit_val,check_fit_thresh
0,Name,right,2,,1557,2377,3196,4016,1900,2900,3900,4900,1214,1854,2492,3132,true,true,true,true,160.25380430856669,163.37338007030337,161.59392299952037,159.64596508721885,98.56817714470851,84.28549868069652,93.01937888635086,92.38094276842156,61.68562716385817,79.08788138960685,68.57454411316951,67.26502231879729,true,true,true,true,153.34763925026533,160.81650224684066,154.16790914006347,156.97377573533402,91.85969456742681,79.5371819748114,85.79351832975095,89.89890680908914,61.48794468283852,81.27932027202925,68.37439081031252,67.07486892624487,true,true,true,true,102.36929842901108,97.99035095693006,84.20838678587918,82.07252015106172,80.77797193166363,79.35003314629972,81.00156739730016,70.65008819730434,21.591326497347453,18.640317810630336,3.206819388579021,11.422431953757382,true,true,false,true,Pass,true,94.09261680233135,96.51032426689325,95.1509540340584,99.68329743040248,ok, ok, ok, ok, noise-pass,6,229,130