patient_id,user_id,ear,attempt_id,site,f1_2khz,f1_3khz,f1_4khz,f1_5khz,f2_2khz,f2_3khz,f2_4khz,f2_5khz,oae_2khz,oae_3khz,oae_4khz,oae_5khz,2khz_selected,3khz_selected,4khz_selected,5khz_selected,2khz_f1_sig,3khz_f1_sig,4khz_f1_sig,5khz_f1_sig,2khz_f1_noise,3khz_f1_noise,4khz_f1_noise,5khz_f1_noise,2khz_f1_snr,3khz_f1_snr,4khz_f1_snr,5khz_f1_snr,2khz_f1_snr_result,3khz_f1_snr_result,4khz_f1_snr_result,5khz_f1_snr_result,2khz_f2_sig,3khz_f2_sig,4khz_f2_sig,5khz_f2_sig,2khz_f2_noise,3khz_f2_noise,4khz_f2_noise,5khz_f2_noise,2khz_f2_snr,3khz_f2_snr,4khz_f2_snr,5khz_f2_snr,2khz_f2_snr_result,3khz_f2_snr_result,4khz_f2_snr_result,5khz_f2_snr_result,sig_2khz,sig_3khz,sig_4khz,sig_5khz,noise_2khz,noise_3khz,noise_4khz,noise_5khz,snr_2khz,snr_3khz,snr_4khz,snr_5khz,2khz_result,3khz_result,4khz_result,5khz_result,test_result,test_complete,ambient_noise_2khz,ambient_noise_3khz,ambient_noise_4khz,ambient_noise_5khz,ambient_noise_result_2khz,ambient_noise_result_3khz,ambient_noise_result_4khz,ambient_noise_result_5khz,ambient_noise_result,tone_length,check_fit_val,check_fit_thresh
0002,EWG,left,2,KNH,1557,2377,3196,4016,1900,2900,3900,4900,1214,1854,2492,3132,true,true,true,true,167.3865035509856,162.60346743408573,159.56592197744288,156.75071817298988,94.43854669883045,81.07242515770635,91.05044253315913,88.90550600876165,72.94795685215514,81.53104227637938,68.51547944428376,67.84521216422823,true,true,true,true,149.3615104346652,158.58533395873206,151.44364239093068,152.90869762247348,89.06531459282759,77.08306974662466,92.10066337282386,84.93613627284,60.296195841837616,81.5022642121074,59.34297901810682,67.97256134963348,true,true,true,true,95.68917658747404,93.35726855883047,96.70921482970464,88.56017329966876,92.60207148936631,88.45913056949851,93.59670998215941,87.85265851946016,3.0871050981077275,4.898137989331957,3.1125048475452246,0.7075147802085979,false,false,false,false,Refer,true,93.13333224489739,94.20510676797247,107.15997004587328,104.57649091795626,ok, ok, ok, ok, noise-pass,6,76,130