patient_id,user_id,ear,attempt_id,site,f1_2khz,f1_3khz,f1_4khz,f1_5khz,f2_2khz,f2_3khz,f2_4khz,f2_5khz,oae_2khz,oae_3khz,oae_4khz,oae_5khz,2khz_selected,3khz_selected,4khz_selected,5khz_selected,2khz_f1_sig,3khz_f1_sig,4khz_f1_sig,5khz_f1_sig,2khz_f1_noise,3khz_f1_noise,4khz_f1_noise,5khz_f1_noise,2khz_f1_snr,3khz_f1_snr,4khz_f1_snr,5khz_f1_snr,2khz_f1_snr_result,3khz_f1_snr_result,4khz_f1_snr_result,5khz_f1_snr_result,2khz_f2_sig,3khz_f2_sig,4khz_f2_sig,5khz_f2_sig,2khz_f2_noise,3khz_f2_noise,4khz_f2_noise,5khz_f2_noise,2khz_f2_snr,3khz_f2_snr,4khz_f2_snr,5khz_f2_snr,2khz_f2_snr_result,3khz_f2_snr_result,4khz_f2_snr_result,5khz_f2_snr_result,sig_2khz,sig_3khz,sig_4khz,sig_5khz,noise_2khz,noise_3khz,noise_4khz,noise_5khz,snr_2khz,snr_3khz,snr_4khz,snr_5khz,2khz_result,3khz_result,4khz_result,5khz_result,test_result,test_complete,ambient_noise_2khz,ambient_noise_3khz,ambient_noise_4khz,ambient_noise_5khz,ambient_noise_result_2khz,ambient_noise_result_3khz,ambient_noise_result_4khz,ambient_noise_result_5khz,ambient_noise_result,tone_length,check_fit_val,check_fit_thresh
0,Name,right,1,,1557,2377,3196,4016,1900,2900,3900,4900,1214,1854,2492,3132,true,true,true,true,164.48619555257147,163.24556701550293,161.51064578725828,159.90600021534223,111.31900930799685,97.18985076887174,95.7987115555928,86.3836558440387,53.16718624457462,66.05571624663119,65.71193423166548,73.52234437130353,false,true,true,true,155.49975951740498,160.8877411807814,154.203731678056,157.2639067823584,112.01474616182853,86.33080016087422,90.65934600106229,77.65349112791198,43.485013355576456,74.55694101990719,63.5443856769937,79.61041565444641,false,true,true,true,112.11168322517557,107.67740966108506,107.22144358119829,89.31832462653185,110.51170629423231,104.8931303155143,103.52088677719468,86.18121292940359,1.5999769309432565,2.7842793455707664,3.700556804003611,3.1371116971282618,false,false,false,false,Refer,true,111.08287587070213,103.5794159063692,106.15714251342239,106.9349655593321,noisy, noisy, noisy, ok, retry,6,93,130