patient_id,user_id,ear,attempt_id,site,f1_2khz,f1_3khz,f1_4khz,f1_5khz,f2_2khz,f2_3khz,f2_4khz,f2_5khz,oae_2khz,oae_3khz,oae_4khz,oae_5khz,2khz_selected,3khz_selected,4khz_selected,5khz_selected,2khz_f1_sig,3khz_f1_sig,4khz_f1_sig,5khz_f1_sig,2khz_f1_noise,3khz_f1_noise,4khz_f1_noise,5khz_f1_noise,2khz_f1_snr,3khz_f1_snr,4khz_f1_snr,5khz_f1_snr,2khz_f1_snr_result,3khz_f1_snr_result,4khz_f1_snr_result,5khz_f1_snr_result,2khz_f2_sig,3khz_f2_sig,4khz_f2_sig,5khz_f2_sig,2khz_f2_noise,3khz_f2_noise,4khz_f2_noise,5khz_f2_noise,2khz_f2_snr,3khz_f2_snr,4khz_f2_snr,5khz_f2_snr,2khz_f2_snr_result,3khz_f2_snr_result,4khz_f2_snr_result,5khz_f2_snr_result,sig_2khz,sig_3khz,sig_4khz,sig_5khz,noise_2khz,noise_3khz,noise_4khz,noise_5khz,snr_2khz,snr_3khz,snr_4khz,snr_5khz,2khz_result,3khz_result,4khz_result,5khz_result,test_result,test_complete,ambient_noise_2khz,ambient_noise_3khz,ambient_noise_4khz,ambient_noise_5khz,ambient_noise_result_2khz,ambient_noise_result_3khz,ambient_noise_result_4khz,ambient_noise_result_5khz,ambient_noise_result,tone_length,check_fit_val,check_fit_thresh
00,Name,right,1,Mathare,1557,2377,3196,4016,1900,2900,3900,4900,1214,1854,2492,3132,true,true,true,true,159.96196619841078,163.7218163680041,152.28103935798077,155.13978947795357,97.40191658919535,85.17804894274917,105.77395545350359,92.36411422882846,62.560049609215426,78.54376742525494,46.507083904477184,62.775675249125115,true,true,false,true,152.92257288787894,161.2041372639037,143.35079412873893,150.99726278304405,96.00494150946068,83.59900036053743,97.33416007479788,87.9310810430063,56.917631378418264,77.60513690336627,46.01663405394105,63.06618174003775,true,true,false,true,102.11354405887177,87.67160051969476,87.22316060344053,86.63965211407536,99.03595280327315,84.51598646907853,80.27214803431625,83.22929677636529,3.0775912555986196,3.1556140506162365,6.951012569124288,3.4103553377100724,false,false,false,false,Refer,true,102.76342934446322,93.09339293446166,104.16807390099333,91.05330823139751,noisy, ok, ok, ok, retry,6,170,130