patient_id,user_id,ear,attempt_id,site,f1_2khz,f1_3khz,f1_4khz,f1_5khz,f2_2khz,f2_3khz,f2_4khz,f2_5khz,oae_2khz,oae_3khz,oae_4khz,oae_5khz,2khz_selected,3khz_selected,4khz_selected,5khz_selected,2khz_f1_sig,3khz_f1_sig,4khz_f1_sig,5khz_f1_sig,2khz_f1_noise,3khz_f1_noise,4khz_f1_noise,5khz_f1_noise,2khz_f1_snr,3khz_f1_snr,4khz_f1_snr,5khz_f1_snr,2khz_f1_snr_result,3khz_f1_snr_result,4khz_f1_snr_result,5khz_f1_snr_result,2khz_f2_sig,3khz_f2_sig,4khz_f2_sig,5khz_f2_sig,2khz_f2_noise,3khz_f2_noise,4khz_f2_noise,5khz_f2_noise,2khz_f2_snr,3khz_f2_snr,4khz_f2_snr,5khz_f2_snr,2khz_f2_snr_result,3khz_f2_snr_result,4khz_f2_snr_result,5khz_f2_snr_result,sig_2khz,sig_3khz,sig_4khz,sig_5khz,noise_2khz,noise_3khz,noise_4khz,noise_5khz,snr_2khz,snr_3khz,snr_4khz,snr_5khz,2khz_result,3khz_result,4khz_result,5khz_result,test_result,test_complete,ambient_noise_2khz,ambient_noise_3khz,ambient_noise_4khz,ambient_noise_5khz,ambient_noise_result_2khz,ambient_noise_result_3khz,ambient_noise_result_4khz,ambient_noise_result_5khz,ambient_noise_result,tone_length,check_fit_val,check_fit_thresh
0025,Name,left,2,,1557,2377,3196,4016,1900,2900,3900,4900,1214,1854,2492,3132,true,true,true,true,162.94794917628778,158.2656802812677,152.58646222558735,145.60513236051864,87.56063087358149,84.85910803710651,116.97916124841122,113.61463120209109,75.38731830270629,73.40657224416118,35.60730097717614,31.99050115842755,true,true,false,false,149.83778022350594,158.3723231102752,145.59138427316464,142.31508870318996,82.69011039496891,88.05729860666642,109.46463204749357,110.29721728803835,67.14766982853703,70.31502450360878,36.12675222567107,32.0178714151516,true,true,false,false,97.30114080390726,90.94665835274371,101.85499738088794,91.58868318242213,88.53401102521852,87.19920301484564,100.35308460993787,83.83940231772485,8.76712977868874,3.7474553378980744,1.5019127709500708,7.749280864697283,true,false,false,false,Refer,true,93.6300162115441,100.18203199682208,107.1356653628045,104.53256034404487,ok, ok, noisy, ok, retry,6,177,130