patient_id,user_id,ear,attempt_id,site,f1_2khz,f1_3khz,f1_4khz,f1_5khz,f2_2khz,f2_3khz,f2_4khz,f2_5khz,oae_2khz,oae_3khz,oae_4khz,oae_5khz,2khz_selected,3khz_selected,4khz_selected,5khz_selected,2khz_f1_sig,3khz_f1_sig,4khz_f1_sig,5khz_f1_sig,2khz_f1_noise,3khz_f1_noise,4khz_f1_noise,5khz_f1_noise,2khz_f1_snr,3khz_f1_snr,4khz_f1_snr,5khz_f1_snr,2khz_f1_snr_result,3khz_f1_snr_result,4khz_f1_snr_result,5khz_f1_snr_result,2khz_f2_sig,3khz_f2_sig,4khz_f2_sig,5khz_f2_sig,2khz_f2_noise,3khz_f2_noise,4khz_f2_noise,5khz_f2_noise,2khz_f2_snr,3khz_f2_snr,4khz_f2_snr,5khz_f2_snr,2khz_f2_snr_result,3khz_f2_snr_result,4khz_f2_snr_result,5khz_f2_snr_result,sig_2khz,sig_3khz,sig_4khz,sig_5khz,noise_2khz,noise_3khz,noise_4khz,noise_5khz,snr_2khz,snr_3khz,snr_4khz,snr_5khz,2khz_result,3khz_result,4khz_result,5khz_result,test_result,test_complete,ambient_noise_2khz,ambient_noise_3khz,ambient_noise_4khz,ambient_noise_5khz,ambient_noise_result_2khz,ambient_noise_result_3khz,ambient_noise_result_4khz,ambient_noise_result_5khz,ambient_noise_result,tone_length,check_fit_val,check_fit_thresh
0008,EWG,left,1,KNH,1557,2377,3196,4016,1900,2900,3900,4900,1214,1854,2492,3132,true,true,true,true,160.89591756747285,159.9634866992562,158.82929236456712,154.32281348871155,99.29302550192489,76.81274222660781,78.6163369830125,79.3953469151303,61.60289206554796,83.1507444726484,80.21295538155462,74.92746657358124,true,true,true,true,145.26059244888995,158.0595856946692,149.77351184404148,155.90399770592936,84.63326466863688,75.3621036001291,70.0558908522775,80.81773384712181,60.62732778025307,82.6974820945401,79.71762099176398,75.08626385880754,true,true,true,true,99.83268993875429,94.49497134238436,75.59880732057913,70.40748940170796,75.86786448334597,61.893614341521555,60.644715024109544,59.00730273427384,23.964825455408317,32.601357000862805,14.954092296469582,11.40018666743412,true,true,true,true,Pass,true,82.96448190078502,81.57219557243539,82.49003125200103,91.01293955680515,ok, ok, ok, ok, noise-pass,6,150,130