patient_id,user_id,ear,attempt_id,site,f1_2khz,f1_3khz,f1_4khz,f1_5khz,f2_2khz,f2_3khz,f2_4khz,f2_5khz,oae_2khz,oae_3khz,oae_4khz,oae_5khz,2khz_selected,3khz_selected,4khz_selected,5khz_selected,2khz_f1_sig,3khz_f1_sig,4khz_f1_sig,5khz_f1_sig,2khz_f1_noise,3khz_f1_noise,4khz_f1_noise,5khz_f1_noise,2khz_f1_snr,3khz_f1_snr,4khz_f1_snr,5khz_f1_snr,2khz_f1_snr_result,3khz_f1_snr_result,4khz_f1_snr_result,5khz_f1_snr_result,2khz_f2_sig,3khz_f2_sig,4khz_f2_sig,5khz_f2_sig,2khz_f2_noise,3khz_f2_noise,4khz_f2_noise,5khz_f2_noise,2khz_f2_snr,3khz_f2_snr,4khz_f2_snr,5khz_f2_snr,2khz_f2_snr_result,3khz_f2_snr_result,4khz_f2_snr_result,5khz_f2_snr_result,sig_2khz,sig_3khz,sig_4khz,sig_5khz,noise_2khz,noise_3khz,noise_4khz,noise_5khz,snr_2khz,snr_3khz,snr_4khz,snr_5khz,2khz_result,3khz_result,4khz_result,5khz_result,test_result,test_complete,ambient_noise_2khz,ambient_noise_3khz,ambient_noise_4khz,ambient_noise_5khz,ambient_noise_result_2khz,ambient_noise_result_3khz,ambient_noise_result_4khz,ambient_noise_result_5khz,ambient_noise_result,tone_length,check_fit_val,check_fit_thresh
0010,EWG,left,1,KNH,1557,2377,3196,4016,1900,2900,3900,4900,1214,1854,2492,3132,true,true,true,true,146.21981572537373,159.14224935706966,158.05067424016994,147.45060480136965,73.60296496932973,77.8705564337206,85.43321739865252,90.283964952769,72.616850756044,81.27169292334906,72.61745684151742,57.16663984860065,true,true,true,false,130.3325219403798,157.02923207128578,144.44368657664316,148.79096935001502,70.59955627305328,75.88988597817075,76.23510519258691,91.64287684565858,59.73296566732651,81.13934609311502,68.20858138405625,57.14809250435644,true,true,true,true,75.87623209821827,77.02529962955886,77.26831548491185,61.259267034978464,74.72105106775037,72.90463545794849,76.20596453145495,58.997908911696335,1.1551810304679009,4.120664171610372,1.0623509534568996,2.261358123282129,false,false,false,false,Refer,true,84.79716370419862,91.54918089673404,98.81517676952764,93.09773279870757,ok, ok, ok, ok, noise-pass,6,276,130