patient_id,user_id,ear,attempt_id,site,f1_2khz,f1_3khz,f1_4khz,f1_5khz,f2_2khz,f2_3khz,f2_4khz,f2_5khz,oae_2khz,oae_3khz,oae_4khz,oae_5khz,2khz_selected,3khz_selected,4khz_selected,5khz_selected,2khz_f1_sig,3khz_f1_sig,4khz_f1_sig,5khz_f1_sig,2khz_f1_noise,3khz_f1_noise,4khz_f1_noise,5khz_f1_noise,2khz_f1_snr,3khz_f1_snr,4khz_f1_snr,5khz_f1_snr,2khz_f1_snr_result,3khz_f1_snr_result,4khz_f1_snr_result,5khz_f1_snr_result,2khz_f2_sig,3khz_f2_sig,4khz_f2_sig,5khz_f2_sig,2khz_f2_noise,3khz_f2_noise,4khz_f2_noise,5khz_f2_noise,2khz_f2_snr,3khz_f2_snr,4khz_f2_snr,5khz_f2_snr,2khz_f2_snr_result,3khz_f2_snr_result,4khz_f2_snr_result,5khz_f2_snr_result,sig_2khz,sig_3khz,sig_4khz,sig_5khz,noise_2khz,noise_3khz,noise_4khz,noise_5khz,snr_2khz,snr_3khz,snr_4khz,snr_5khz,2khz_result,3khz_result,4khz_result,5khz_result,test_result,test_complete,ambient_noise_2khz,ambient_noise_3khz,ambient_noise_4khz,ambient_noise_5khz,ambient_noise_result_2khz,ambient_noise_result_3khz,ambient_noise_result_4khz,ambient_noise_result_5khz,ambient_noise_result,tone_length,check_fit_val,check_fit_thresh
020001,Name,right,7,Mathare,1557,2377,3196,4016,1900,2900,3900,4900,1214,1854,2492,3132,true,true,true,true,164.47703012871568,159.59322767609166,158.18573314252666,156.60714009822166,99.03789758442059,90.38419856200564,88.77433819539547,91.86381107683206,65.43913254429509,69.20902911408602,69.41139494713119,64.7433290213896,true,true,true,true,151.56649995441913,161.13573294133982,151.02258020247655,144.4210808582813,87.67775554520716,88.06153785208394,91.48795038437439,80.36492201319517,63.88874440921197,73.07419508925588,59.53462981810216,64.05615884508613,true,true,true,true,103.00590095188949,89.25537416516171,92.77863619781459,90.24003667273833,97.92959527906048,85.41598951242901,87.07453765740907,87.05125527834467,5.076305672829008,3.8393846527327042,5.704098540405525,3.188781394393658,false,false,false,false,Refer,true,101.16913768088688,104.74670842955574,115.45098972960682,113.69957659597965,ok, ok, ok, ok, noise-pass,6,151,130