patient_id,user_id,ear,attempt_id,site,f1_2khz,f1_3khz,f1_4khz,f1_5khz,f2_2khz,f2_3khz,f2_4khz,f2_5khz,oae_2khz,oae_3khz,oae_4khz,oae_5khz,2khz_selected,3khz_selected,4khz_selected,5khz_selected,2khz_f1_sig,3khz_f1_sig,4khz_f1_sig,5khz_f1_sig,2khz_f1_noise,3khz_f1_noise,4khz_f1_noise,5khz_f1_noise,2khz_f1_snr,3khz_f1_snr,4khz_f1_snr,5khz_f1_snr,2khz_f1_snr_result,3khz_f1_snr_result,4khz_f1_snr_result,5khz_f1_snr_result,2khz_f2_sig,3khz_f2_sig,4khz_f2_sig,5khz_f2_sig,2khz_f2_noise,3khz_f2_noise,4khz_f2_noise,5khz_f2_noise,2khz_f2_snr,3khz_f2_snr,4khz_f2_snr,5khz_f2_snr,2khz_f2_snr_result,3khz_f2_snr_result,4khz_f2_snr_result,5khz_f2_snr_result,sig_2khz,sig_3khz,sig_4khz,sig_5khz,noise_2khz,noise_3khz,noise_4khz,noise_5khz,snr_2khz,snr_3khz,snr_4khz,snr_5khz,2khz_result,3khz_result,4khz_result,5khz_result,test_result,test_complete,ambient_noise_2khz,ambient_noise_3khz,ambient_noise_4khz,ambient_noise_5khz,ambient_noise_result_2khz,ambient_noise_result_3khz,ambient_noise_result_4khz,ambient_noise_result_5khz,ambient_noise_result,tone_length,check_fit_val,check_fit_thresh
0020,Name,right,1,KNH,1557,2377,3196,4016,1900,2900,3900,4900,1214,1854,2492,3132,true,true,true,true,156.25602363184444,156.72585782067958,156.85129734105675,154.73497221299687,91.21373720414182,98.836652222941,92.99171899465924,98.53903271484685,65.04228642770262,57.88920559773858,63.85957834639751,56.19593949815001,true,false,true,false,144.27752827559905,156.88518900831312,150.06602004090857,147.74362945254632,80.60816640633254,98.95812877424616,87.2648140579502,92.70648519546724,63.66936186926651,57.92706023406696,62.801205982958365,55.03714425707908,true,true,true,true,94.62523817588716,92.44459390612816,78.99834507261617,85.49238788866984,79.75906005140102,76.7986921481282,74.90326028284046,76.6910087974509,14.86617812448614,15.645901757999965,4.095084789775711,8.801379091218934,true,true,false,false,Refer,true,95.86675517048323,98.17820098483612,102.33475478929378,99.6837508057064,ok, ok, ok, ok, noise-pass,6,318,130