patient_id,user_id,ear,attempt_id,site,f1_2khz,f1_3khz,f1_4khz,f1_5khz,f2_2khz,f2_3khz,f2_4khz,f2_5khz,oae_2khz,oae_3khz,oae_4khz,oae_5khz,2khz_selected,3khz_selected,4khz_selected,5khz_selected,2khz_f1_sig,3khz_f1_sig,4khz_f1_sig,5khz_f1_sig,2khz_f1_noise,3khz_f1_noise,4khz_f1_noise,5khz_f1_noise,2khz_f1_snr,3khz_f1_snr,4khz_f1_snr,5khz_f1_snr,2khz_f1_snr_result,3khz_f1_snr_result,4khz_f1_snr_result,5khz_f1_snr_result,2khz_f2_sig,3khz_f2_sig,4khz_f2_sig,5khz_f2_sig,2khz_f2_noise,3khz_f2_noise,4khz_f2_noise,5khz_f2_noise,2khz_f2_snr,3khz_f2_snr,4khz_f2_snr,5khz_f2_snr,2khz_f2_snr_result,3khz_f2_snr_result,4khz_f2_snr_result,5khz_f2_snr_result,sig_2khz,sig_3khz,sig_4khz,sig_5khz,noise_2khz,noise_3khz,noise_4khz,noise_5khz,snr_2khz,snr_3khz,snr_4khz,snr_5khz,2khz_result,3khz_result,4khz_result,5khz_result,test_result,test_complete,ambient_noise_2khz,ambient_noise_3khz,ambient_noise_4khz,ambient_noise_5khz,ambient_noise_result_2khz,ambient_noise_result_3khz,ambient_noise_result_4khz,ambient_noise_result_5khz,ambient_noise_result,tone_length,check_fit_val,check_fit_thresh
0018,Name,right,5,,1557,2377,3196,4016,1900,2900,3900,4900,1214,1854,2492,3132,true,true,true,true,160.45404126059418,160.24794874011326,160.85379531717822,158.92747425889036,98.99158249195705,91.32249797152565,90.32479914156143,82.99423484120484,61.462458768637134,68.92545076858761,70.5289961756168,75.93323941768551,true,true,true,true,151.51700579925657,160.40291021788084,152.89467103097803,155.75520407310276,94.49901411720106,85.68354794498373,80.4080028881555,78.97853142043448,57.01799168205551,74.71936227289711,72.48666814282254,76.77667265266828,true,true,true,true,104.77160529859886,100.3289453889824,93.72695673227162,97.24806587910922,102.40322601863177,98.19489710613286,92.99039104085836,88.45930416376724,2.368379279967087,2.134048282849548,0.7365656914132614,8.788761715341977,false,false,false,false,Refer,true,105.66777840327693,109.0874696346107,112.74777305759008,108.07535959379287,noisy, noisy, ok, ok, retry,6,147,130