patient_id,user_id,ear,attempt_id,site,f1_2khz,f1_3khz,f1_4khz,f1_5khz,f2_2khz,f2_3khz,f2_4khz,f2_5khz,oae_2khz,oae_3khz,oae_4khz,oae_5khz,2khz_selected,3khz_selected,4khz_selected,5khz_selected,2khz_f1_sig,3khz_f1_sig,4khz_f1_sig,5khz_f1_sig,2khz_f1_noise,3khz_f1_noise,4khz_f1_noise,5khz_f1_noise,2khz_f1_snr,3khz_f1_snr,4khz_f1_snr,5khz_f1_snr,2khz_f1_snr_result,3khz_f1_snr_result,4khz_f1_snr_result,5khz_f1_snr_result,2khz_f2_sig,3khz_f2_sig,4khz_f2_sig,5khz_f2_sig,2khz_f2_noise,3khz_f2_noise,4khz_f2_noise,5khz_f2_noise,2khz_f2_snr,3khz_f2_snr,4khz_f2_snr,5khz_f2_snr,2khz_f2_snr_result,3khz_f2_snr_result,4khz_f2_snr_result,5khz_f2_snr_result,sig_2khz,sig_3khz,sig_4khz,sig_5khz,noise_2khz,noise_3khz,noise_4khz,noise_5khz,snr_2khz,snr_3khz,snr_4khz,snr_5khz,2khz_result,3khz_result,4khz_result,5khz_result,test_result,test_complete,ambient_noise_2khz,ambient_noise_3khz,ambient_noise_4khz,ambient_noise_5khz,ambient_noise_result_2khz,ambient_noise_result_3khz,ambient_noise_result_4khz,ambient_noise_result_5khz,ambient_noise_result,tone_length,check_fit_val,check_fit_thresh
0003,EWG,right,1,KNH,1557,2377,3196,4016,1900,2900,3900,4900,1214,1854,2492,3132,true,true,true,true,160.5659202404193,152.23686896924482,157.35477830255513,148.98212539930017,107.6462113857711,109.87153762118793,78.75419153561963,85.19680438617037,52.919708854648206,42.3653313480569,78.6005867669355,63.7853210131298,false,false,true,true,144.2638877370856,149.6746310028375,146.0195817975322,149.97555332167812,90.99445506463101,107.37838114271811,66.48858123389475,86.18960076763554,53.2694326724546,42.296249860119374,79.53100056363745,63.78595255404258,true,false,true,true,87.84689995396346,87.66194599937222,80.97268355460834,67.43191081397433,87.50967954668752,86.21589764667104,57.86635295633956,53.76712114098339,0.33722040727593594,1.4460483527011831,23.106330598268777,13.664789672990935,false,false,true,true,Refer,true,100.09181223071224,102.72611914702411,90.95614537589938,90.13152267064412,ok, ok, ok, ok, noise-pass,6,278,130