patient_id,user_id,ear,attempt_id,site,f1_2khz,f1_3khz,f1_4khz,f1_5khz,f2_2khz,f2_3khz,f2_4khz,f2_5khz,oae_2khz,oae_3khz,oae_4khz,oae_5khz,2khz_selected,3khz_selected,4khz_selected,5khz_selected,2khz_f1_sig,3khz_f1_sig,4khz_f1_sig,5khz_f1_sig,2khz_f1_noise,3khz_f1_noise,4khz_f1_noise,5khz_f1_noise,2khz_f1_snr,3khz_f1_snr,4khz_f1_snr,5khz_f1_snr,2khz_f1_snr_result,3khz_f1_snr_result,4khz_f1_snr_result,5khz_f1_snr_result,2khz_f2_sig,3khz_f2_sig,4khz_f2_sig,5khz_f2_sig,2khz_f2_noise,3khz_f2_noise,4khz_f2_noise,5khz_f2_noise,2khz_f2_snr,3khz_f2_snr,4khz_f2_snr,5khz_f2_snr,2khz_f2_snr_result,3khz_f2_snr_result,4khz_f2_snr_result,5khz_f2_snr_result,sig_2khz,sig_3khz,sig_4khz,sig_5khz,noise_2khz,noise_3khz,noise_4khz,noise_5khz,snr_2khz,snr_3khz,snr_4khz,snr_5khz,2khz_result,3khz_result,4khz_result,5khz_result,test_result,test_complete,ambient_noise_2khz,ambient_noise_3khz,ambient_noise_4khz,ambient_noise_5khz,ambient_noise_result_2khz,ambient_noise_result_3khz,ambient_noise_result_4khz,ambient_noise_result_5khz,ambient_noise_result,tone_length,check_fit_val,check_fit_thresh
0022,Name,right,1,,1557,2377,3196,4016,1900,2900,3900,4900,1214,1854,2492,3132,true,true,true,true,162.46062694458226,159.6390640334125,160.53052151519893,159.1050975447698,100.16647656548541,85.10911427288553,80.97293586132905,81.68691479212369,62.29415037909685,74.52994976052696,79.55758565386988,77.4181827526461,true,true,true,true,149.368582365467,159.8478921244773,153.552253034724,153.8465237848738,87.85479644830505,78.11138731692229,75.02254272145906,78.91709532114781,61.513785917161954,81.73650480755502,78.52971031326494,74.92942846372598,true,true,true,true,97.77156118947742,102.14171635964999,98.69853147620037,98.79568162037393,88.34958741037667,86.00403849179214,85.59081872111665,75.65335220596755,9.421973779100753,16.137677867857846,13.107712755083725,23.142329414406376,true,true,true,true,Pass,true,97.70882036104578,104.10199226951327,106.83886526108599,107.63192248569689,ok, ok, ok, ok, noise-pass,6,213,130