patient_id,user_id,ear,attempt_id,site,f1_2khz,f1_3khz,f1_4khz,f1_5khz,f2_2khz,f2_3khz,f2_4khz,f2_5khz,oae_2khz,oae_3khz,oae_4khz,oae_5khz,2khz_selected,3khz_selected,4khz_selected,5khz_selected,2khz_f1_sig,3khz_f1_sig,4khz_f1_sig,5khz_f1_sig,2khz_f1_noise,3khz_f1_noise,4khz_f1_noise,5khz_f1_noise,2khz_f1_snr,3khz_f1_snr,4khz_f1_snr,5khz_f1_snr,2khz_f1_snr_result,3khz_f1_snr_result,4khz_f1_snr_result,5khz_f1_snr_result,2khz_f2_sig,3khz_f2_sig,4khz_f2_sig,5khz_f2_sig,2khz_f2_noise,3khz_f2_noise,4khz_f2_noise,5khz_f2_noise,2khz_f2_snr,3khz_f2_snr,4khz_f2_snr,5khz_f2_snr,2khz_f2_snr_result,3khz_f2_snr_result,4khz_f2_snr_result,5khz_f2_snr_result,sig_2khz,sig_3khz,sig_4khz,sig_5khz,noise_2khz,noise_3khz,noise_4khz,noise_5khz,snr_2khz,snr_3khz,snr_4khz,snr_5khz,2khz_result,3khz_result,4khz_result,5khz_result,test_result,test_complete,ambient_noise_2khz,ambient_noise_3khz,ambient_noise_4khz,ambient_noise_5khz,ambient_noise_result_2khz,ambient_noise_result_3khz,ambient_noise_result_4khz,ambient_noise_result_5khz,ambient_noise_result,tone_length,check_fit_val,check_fit_thresh
0017,Name,right,1,KNH,1557,2377,3196,4016,1900,2900,3900,4900,1214,1854,2492,3132,true,true,true,true,156.4492340629366,158.01479166089496,159.22493134848605,157.777927257559,101.18767292200604,105.17421190550031,94.28356439004234,99.16649142831395,55.26156114093055,52.84057975539464,64.94136695844371,58.61143582924507,false,false,true,false,146.97400539083992,157.47299998468253,151.69583570186714,155.01817492355588,91.9044091960535,104.58796766776533,87.04346269024785,96.44477215044762,55.06959619478641,52.885032316917204,64.65237301161929,58.573402773108256,true,true,true,true,107.50993225888236,105.19990364688567,99.73209235066423,85.83683587790539,83.02765744671406,87.2472403074531,72.2657359526827,68.77836882480344,24.4822748121683,17.952663339432576,27.466356397981528,17.05846705310195,true,true,true,true,Pass,true,94.85344129662877,104.53254502552764,99.88864787399461,93.84575909800371,ok, ok, ok, ok, noise-pass,6,331,130