patient_id,user_id,ear,attempt_id,site,f1_2khz,f1_3khz,f1_4khz,f1_5khz,f2_2khz,f2_3khz,f2_4khz,f2_5khz,oae_2khz,oae_3khz,oae_4khz,oae_5khz,2khz_selected,3khz_selected,4khz_selected,5khz_selected,2khz_f1_sig,3khz_f1_sig,4khz_f1_sig,5khz_f1_sig,2khz_f1_noise,3khz_f1_noise,4khz_f1_noise,5khz_f1_noise,2khz_f1_snr,3khz_f1_snr,4khz_f1_snr,5khz_f1_snr,2khz_f1_snr_result,3khz_f1_snr_result,4khz_f1_snr_result,5khz_f1_snr_result,2khz_f2_sig,3khz_f2_sig,4khz_f2_sig,5khz_f2_sig,2khz_f2_noise,3khz_f2_noise,4khz_f2_noise,5khz_f2_noise,2khz_f2_snr,3khz_f2_snr,4khz_f2_snr,5khz_f2_snr,2khz_f2_snr_result,3khz_f2_snr_result,4khz_f2_snr_result,5khz_f2_snr_result,sig_2khz,sig_3khz,sig_4khz,sig_5khz,noise_2khz,noise_3khz,noise_4khz,noise_5khz,snr_2khz,snr_3khz,snr_4khz,snr_5khz,2khz_result,3khz_result,4khz_result,5khz_result,test_result,test_complete,ambient_noise_2khz,ambient_noise_3khz,ambient_noise_4khz,ambient_noise_5khz,ambient_noise_result_2khz,ambient_noise_result_3khz,ambient_noise_result_4khz,ambient_noise_result_5khz,ambient_noise_result,tone_length,check_fit_val,check_fit_thresh
00,Name,right,2,,1557,2377,3196,4016,1900,2900,3900,4900,1214,1854,2492,3132,true,true,true,true,163.11168879141977,163.32657164495348,159.26192531975784,157.9220074603525,88.98314166411717,74.0185201422152,71.39093384060938,70.02393574193492,74.1285471273026,89.30805150273828,87.87099147914846,87.89807171841757,true,true,true,true,154.32873825322886,161.48776515558234,151.1382806125741,153.97644452212498,79.98752571181426,72.09726582893711,65.3587332824667,70.79614476405341,74.3412125414146,89.39049932664523,85.7795473301074,83.18029975807157,true,true,true,true,88.42620095885964,92.65335011573335,69.52726121540837,73.22027992355612,72.23775637701368,68.17206727092281,62.649649267628476,53.77661070727724,16.188444581845957,24.481282844810536,6.877611947779897,19.443669216278877,true,true,false,true,Pass,true,80.9942934378848,80.30475515512934,85.48991820821884,83.13890333758981,ok, ok, ok, ok, noise-pass,6,176,130