patient_id,user_id,ear,attempt_id,site,f1_2khz,f1_3khz,f1_4khz,f1_5khz,f2_2khz,f2_3khz,f2_4khz,f2_5khz,oae_2khz,oae_3khz,oae_4khz,oae_5khz,2khz_selected,3khz_selected,4khz_selected,5khz_selected,2khz_f1_sig,3khz_f1_sig,4khz_f1_sig,5khz_f1_sig,2khz_f1_noise,3khz_f1_noise,4khz_f1_noise,5khz_f1_noise,2khz_f1_snr,3khz_f1_snr,4khz_f1_snr,5khz_f1_snr,2khz_f1_snr_result,3khz_f1_snr_result,4khz_f1_snr_result,5khz_f1_snr_result,2khz_f2_sig,3khz_f2_sig,4khz_f2_sig,5khz_f2_sig,2khz_f2_noise,3khz_f2_noise,4khz_f2_noise,5khz_f2_noise,2khz_f2_snr,3khz_f2_snr,4khz_f2_snr,5khz_f2_snr,2khz_f2_snr_result,3khz_f2_snr_result,4khz_f2_snr_result,5khz_f2_snr_result,sig_2khz,sig_3khz,sig_4khz,sig_5khz,noise_2khz,noise_3khz,noise_4khz,noise_5khz,snr_2khz,snr_3khz,snr_4khz,snr_5khz,2khz_result,3khz_result,4khz_result,5khz_result,test_result,test_complete,ambient_noise_2khz,ambient_noise_3khz,ambient_noise_4khz,ambient_noise_5khz,ambient_noise_result_2khz,ambient_noise_result_3khz,ambient_noise_result_4khz,ambient_noise_result_5khz,ambient_noise_result,tone_length,check_fit_val,check_fit_thresh
0001,EWG,left,1,KNH,1557,2377,3196,4016,1900,2900,3900,4900,1214,1854,2492,3132,true,true,true,true,160.582097186153,160.4740330932654,158.80622763402513,152.83367331518338,102.83732108259278,94.48654552762589,85.0055726521861,83.03643094125829,57.74477610356021,65.98748756563951,73.80065498183903,69.79724237392509,false,true,true,true,145.6527842966331,157.0042553710224,148.70244996166412,150.4063438969127,88.00017587603256,91.09522910605399,75.2442529176035,79.61589824929459,57.65260842060053,65.9090262649684,73.45819704406061,70.7904456476181,true,true,true,true,92.43596179921461,91.27723869830047,81.22154042469231,72.69875775192591,74.15977064558739,73.29720468284667,62.783911664570134,53.843225097193404,18.276191153627224,17.980034015453796,18.437628760122173,18.855532654732507,true,true,true,true,Pass,true,86.33364396439599,98.10250143298697,97.54372356419084,93.69176992200943,ok, ok, ok, ok, noise-pass,6,171,130