patient_id,user_id,ear,attempt_id,site,f1_2khz,f1_3khz,f1_4khz,f1_5khz,f2_2khz,f2_3khz,f2_4khz,f2_5khz,oae_2khz,oae_3khz,oae_4khz,oae_5khz,2khz_selected,3khz_selected,4khz_selected,5khz_selected,2khz_f1_sig,3khz_f1_sig,4khz_f1_sig,5khz_f1_sig,2khz_f1_noise,3khz_f1_noise,4khz_f1_noise,5khz_f1_noise,2khz_f1_snr,3khz_f1_snr,4khz_f1_snr,5khz_f1_snr,2khz_f1_snr_result,3khz_f1_snr_result,4khz_f1_snr_result,5khz_f1_snr_result,2khz_f2_sig,3khz_f2_sig,4khz_f2_sig,5khz_f2_sig,2khz_f2_noise,3khz_f2_noise,4khz_f2_noise,5khz_f2_noise,2khz_f2_snr,3khz_f2_snr,4khz_f2_snr,5khz_f2_snr,2khz_f2_snr_result,3khz_f2_snr_result,4khz_f2_snr_result,5khz_f2_snr_result,sig_2khz,sig_3khz,sig_4khz,sig_5khz,noise_2khz,noise_3khz,noise_4khz,noise_5khz,snr_2khz,snr_3khz,snr_4khz,snr_5khz,2khz_result,3khz_result,4khz_result,5khz_result,test_result,test_complete,ambient_noise_2khz,ambient_noise_3khz,ambient_noise_4khz,ambient_noise_5khz,ambient_noise_result_2khz,ambient_noise_result_3khz,ambient_noise_result_4khz,ambient_noise_result_5khz,ambient_noise_result,tone_length,check_fit_val,check_fit_thresh
1,Name,left,1,,1557,2377,3196,4016,1900,2900,3900,4900,1214,1854,2492,3132,true,true,true,true,157.5742663909565,162.77492492267402,160.64270922432803,158.72537683491825,99.24654154359143,78.58387130379288,75.10133749135102,73.75376221841704,58.32772484736506,84.19105361888114,85.54137173297701,84.97161461650121,false,true,true,true,152.68165417773164,158.9553494463379,152.7693260142599,155.79376715803227,94.50720605283524,74.55261806883051,67.66510350598435,71.30698209085853,58.1744481248964,84.40273137750738,85.10422250827554,84.48678506717374,true,true,true,true,96.70793170156337,82.60492846791514,81.01370147377216,77.558672868859,75.91638933124503,74.41196766636995,66.34322354778037,55.18274147773161,20.79154237031834,8.192960801545198,14.67047792599179,22.375931391127395,true,true,true,true,Pass,true,79.04685360829711,79.58421920591167,76.11556271322954,76.69607388953712,ok, ok, ok, ok, noise-pass,6,48,130