patient_id,user_id,ear,attempt_id,site,f1_2khz,f1_3khz,f1_4khz,f1_5khz,f2_2khz,f2_3khz,f2_4khz,f2_5khz,oae_2khz,oae_3khz,oae_4khz,oae_5khz,2khz_selected,3khz_selected,4khz_selected,5khz_selected,2khz_f1_sig,3khz_f1_sig,4khz_f1_sig,5khz_f1_sig,2khz_f1_noise,3khz_f1_noise,4khz_f1_noise,5khz_f1_noise,2khz_f1_snr,3khz_f1_snr,4khz_f1_snr,5khz_f1_snr,2khz_f1_snr_result,3khz_f1_snr_result,4khz_f1_snr_result,5khz_f1_snr_result,2khz_f2_sig,3khz_f2_sig,4khz_f2_sig,5khz_f2_sig,2khz_f2_noise,3khz_f2_noise,4khz_f2_noise,5khz_f2_noise,2khz_f2_snr,3khz_f2_snr,4khz_f2_snr,5khz_f2_snr,2khz_f2_snr_result,3khz_f2_snr_result,4khz_f2_snr_result,5khz_f2_snr_result,sig_2khz,sig_3khz,sig_4khz,sig_5khz,noise_2khz,noise_3khz,noise_4khz,noise_5khz,snr_2khz,snr_3khz,snr_4khz,snr_5khz,2khz_result,3khz_result,4khz_result,5khz_result,test_result,test_complete,ambient_noise_2khz,ambient_noise_3khz,ambient_noise_4khz,ambient_noise_5khz,ambient_noise_result_2khz,ambient_noise_result_3khz,ambient_noise_result_4khz,ambient_noise_result_5khz,ambient_noise_result,tone_length,check_fit_val,check_fit_thresh
0,Name,right,1,Mathare,1557,2377,3196,4016,1900,2900,3900,4900,1214,1854,2492,3132,true,true,true,true,132.58536573059467,147.5443425032667,150.85648157462236,151.80534638123453,84.32136614110132,90.35510865139852,84.83255481738371,99.25162436349076,48.26399958949335,57.18923385186818,66.02392675723866,52.553722017743766,false,false,true,false,139.99632779297036,149.0313137187777,146.43106109464057,147.93623915545282,78.84247090480555,91.47308021152789,81.30904317023928,95.63372724351402,61.15385688816481,57.558233507249824,65.12201792440129,52.30251191193881,true,true,true,true,87.572917577341,85.74651917066853,85.40187401691712,84.44890272078995,84.7660580197396,75.44366543708,74.92363426097414,77.05926218716384,2.806859557601399,10.302853733588535,10.47823975594298,7.389640533626107,false,true,false,false,Refer,true,93.56593418471795,95.88576906602286,95.97616738518582,101.85860390038195,ok, ok, ok, ok, noise-pass,6,73,130