patient_id,user_id,ear,attempt_id,site,f1_2khz,f1_3khz,f1_4khz,f1_5khz,f2_2khz,f2_3khz,f2_4khz,f2_5khz,oae_2khz,oae_3khz,oae_4khz,oae_5khz,2khz_selected,3khz_selected,4khz_selected,5khz_selected,2khz_f1_sig,3khz_f1_sig,4khz_f1_sig,5khz_f1_sig,2khz_f1_noise,3khz_f1_noise,4khz_f1_noise,5khz_f1_noise,2khz_f1_snr,3khz_f1_snr,4khz_f1_snr,5khz_f1_snr,2khz_f1_snr_result,3khz_f1_snr_result,4khz_f1_snr_result,5khz_f1_snr_result,2khz_f2_sig,3khz_f2_sig,4khz_f2_sig,5khz_f2_sig,2khz_f2_noise,3khz_f2_noise,4khz_f2_noise,5khz_f2_noise,2khz_f2_snr,3khz_f2_snr,4khz_f2_snr,5khz_f2_snr,2khz_f2_snr_result,3khz_f2_snr_result,4khz_f2_snr_result,5khz_f2_snr_result,sig_2khz,sig_3khz,sig_4khz,sig_5khz,noise_2khz,noise_3khz,noise_4khz,noise_5khz,snr_2khz,snr_3khz,snr_4khz,snr_5khz,2khz_result,3khz_result,4khz_result,5khz_result,test_result,test_complete,ambient_noise_2khz,ambient_noise_3khz,ambient_noise_4khz,ambient_noise_5khz,ambient_noise_result_2khz,ambient_noise_result_3khz,ambient_noise_result_4khz,ambient_noise_result_5khz,ambient_noise_result,tone_length,check_fit_val,check_fit_thresh
0005,EWG,right,1,KNH,1557,2377,3196,4016,1900,2900,3900,4900,1214,1854,2492,3132,true,true,true,true,142.36847339632132,156.75397720139156,158.76862092524914,155.5924320428448,71.41628983231574,77.95238495803186,80.95577178297921,78.12640385656154,70.95218356400558,78.8015922433597,77.81284914226993,77.46602818628325,true,true,true,true,130.77448382774566,158.57189962612347,148.59336175220415,154.84553526843217,60.678377323308005,79.96003812284923,71.1935624341998,78.00969950350839,70.09610650443764,78.61186150327424,77.39979931800434,76.83583576492379,true,true,true,true,68.35263279913546,70.36978020397764,70.81864409518926,68.66047203801456,68.01649870727019,64.48280895620289,62.64944803864523,60.41068353862762,0.33613409186527576,5.886971247774753,8.169196056544024,8.249788499386938,false,false,false,false,Refer,true,83.41956047344846,87.99881074526925,92.51869045469475,86.90307416054364,ok, ok, ok, ok, noise-pass,6,257,130