patient_id,user_id,ear,attempt_id,site,f1_2khz,f1_3khz,f1_4khz,f1_5khz,f2_2khz,f2_3khz,f2_4khz,f2_5khz,oae_2khz,oae_3khz,oae_4khz,oae_5khz,2khz_selected,3khz_selected,4khz_selected,5khz_selected,2khz_f1_sig,3khz_f1_sig,4khz_f1_sig,5khz_f1_sig,2khz_f1_noise,3khz_f1_noise,4khz_f1_noise,5khz_f1_noise,2khz_f1_snr,3khz_f1_snr,4khz_f1_snr,5khz_f1_snr,2khz_f1_snr_result,3khz_f1_snr_result,4khz_f1_snr_result,5khz_f1_snr_result,2khz_f2_sig,3khz_f2_sig,4khz_f2_sig,5khz_f2_sig,2khz_f2_noise,3khz_f2_noise,4khz_f2_noise,5khz_f2_noise,2khz_f2_snr,3khz_f2_snr,4khz_f2_snr,5khz_f2_snr,2khz_f2_snr_result,3khz_f2_snr_result,4khz_f2_snr_result,5khz_f2_snr_result,sig_2khz,sig_3khz,sig_4khz,sig_5khz,noise_2khz,noise_3khz,noise_4khz,noise_5khz,snr_2khz,snr_3khz,snr_4khz,snr_5khz,2khz_result,3khz_result,4khz_result,5khz_result,test_result,test_complete,ambient_noise_2khz,ambient_noise_3khz,ambient_noise_4khz,ambient_noise_5khz,ambient_noise_result_2khz,ambient_noise_result_3khz,ambient_noise_result_4khz,ambient_noise_result_5khz,ambient_noise_result,tone_length,check_fit_val,check_fit_thresh
0,Name,right,3,,1557,2377,3196,4016,1900,2900,3900,4900,1214,1854,2492,3132,true,true,true,true,159.24211571477147,163.1286401805997,161.2420813182885,159.25714873906793,85.75174225265954,82.55176942641098,77.18109986739763,84.86931754857093,73.49037346211193,80.5768707541887,84.06098145089088,74.387831190497,true,true,true,true,153.40373778465073,160.1040564664591,153.78641260468126,156.65246094540998,76.42039055333156,79.81689476735612,70.23753929031014,82.32993562290163,76.98334723131917,80.28716169910298,83.54887331437112,74.32252532250835,true,true,true,true,100.99721620362119,97.69815588784239,76.63903307413618,71.167916135371,72.28054527184925,69.65195748681015,65.93294580181761,56.65802510677338,28.716670931771944,28.046198401032242,10.70608727231857,14.509891028597622,true,true,false,true,Pass,true,88.09394943920219,87.91816608591941,88.73835497199279,90.42139170552954,ok, ok, ok, ok, noise-pass,6,202,130