patient_id,user_id,ear,attempt_id,site,f1_2khz,f1_3khz,f1_4khz,f1_5khz,f2_2khz,f2_3khz,f2_4khz,f2_5khz,oae_2khz,oae_3khz,oae_4khz,oae_5khz,2khz_selected,3khz_selected,4khz_selected,5khz_selected,2khz_f1_sig,3khz_f1_sig,4khz_f1_sig,5khz_f1_sig,2khz_f1_noise,3khz_f1_noise,4khz_f1_noise,5khz_f1_noise,2khz_f1_snr,3khz_f1_snr,4khz_f1_snr,5khz_f1_snr,2khz_f1_snr_result,3khz_f1_snr_result,4khz_f1_snr_result,5khz_f1_snr_result,2khz_f2_sig,3khz_f2_sig,4khz_f2_sig,5khz_f2_sig,2khz_f2_noise,3khz_f2_noise,4khz_f2_noise,5khz_f2_noise,2khz_f2_snr,3khz_f2_snr,4khz_f2_snr,5khz_f2_snr,2khz_f2_snr_result,3khz_f2_snr_result,4khz_f2_snr_result,5khz_f2_snr_result,sig_2khz,sig_3khz,sig_4khz,sig_5khz,noise_2khz,noise_3khz,noise_4khz,noise_5khz,snr_2khz,snr_3khz,snr_4khz,snr_5khz,2khz_result,3khz_result,4khz_result,5khz_result,test_result,test_complete,ambient_noise_2khz,ambient_noise_3khz,ambient_noise_4khz,ambient_noise_5khz,ambient_noise_result_2khz,ambient_noise_result_3khz,ambient_noise_result_4khz,ambient_noise_result_5khz,ambient_noise_result,tone_length,check_fit_val,check_fit_thresh
0019,Name,right,1,KNH,1557,2377,3196,4016,1900,2900,3900,4900,1214,1854,2492,3132,true,true,true,true,150.94444120546265,157.55622580844738,157.5528981029382,156.7214563146402,98.53258490270143,98.64826427916641,98.34938554520764,97.97670728894865,52.41185630276122,58.90796152928097,59.20351255773056,58.74474902569155,false,false,false,false,142.8291685057953,157.50412320957264,150.22289401144712,153.67635285759707,92.74453782344297,98.6220878181382,91.10445107992388,94.65687453128135,50.08463068235234,58.88203539143444,59.11844293152325,59.01947832631572,true,true,true,true,96.88080404058095,100.49000837314497,91.28998336839744,83.50656808819978,89.19735001786115,74.41480907771836,68.79488559796626,77.54908922767183,7.6834540227198005,26.075199295426614,22.495097770431187,5.9574788605279565,true,true,true,false,Pass,true,102.49062446466257,96.52693155226443,92.89922740030127,96.46981817477405,ok, ok, ok, ok, noise-pass,6,254,130