patient_id,user_id,ear,attempt_id,site,f1_2khz,f1_3khz,f1_4khz,f1_5khz,f2_2khz,f2_3khz,f2_4khz,f2_5khz,oae_2khz,oae_3khz,oae_4khz,oae_5khz,2khz_selected,3khz_selected,4khz_selected,5khz_selected,2khz_f1_sig,3khz_f1_sig,4khz_f1_sig,5khz_f1_sig,2khz_f1_noise,3khz_f1_noise,4khz_f1_noise,5khz_f1_noise,2khz_f1_snr,3khz_f1_snr,4khz_f1_snr,5khz_f1_snr,2khz_f1_snr_result,3khz_f1_snr_result,4khz_f1_snr_result,5khz_f1_snr_result,2khz_f2_sig,3khz_f2_sig,4khz_f2_sig,5khz_f2_sig,2khz_f2_noise,3khz_f2_noise,4khz_f2_noise,5khz_f2_noise,2khz_f2_snr,3khz_f2_snr,4khz_f2_snr,5khz_f2_snr,2khz_f2_snr_result,3khz_f2_snr_result,4khz_f2_snr_result,5khz_f2_snr_result,sig_2khz,sig_3khz,sig_4khz,sig_5khz,noise_2khz,noise_3khz,noise_4khz,noise_5khz,snr_2khz,snr_3khz,snr_4khz,snr_5khz,2khz_result,3khz_result,4khz_result,5khz_result,test_result,test_complete,ambient_noise_2khz,ambient_noise_3khz,ambient_noise_4khz,ambient_noise_5khz,ambient_noise_result_2khz,ambient_noise_result_3khz,ambient_noise_result_4khz,ambient_noise_result_5khz,ambient_noise_result,tone_length,check_fit_val,check_fit_thresh
2,Name,right,1,,1557,2377,3196,4016,1900,2900,3900,4900,1214,1854,2492,3132,true,true,true,true,159.24945462845574,157.7010046200784,159.8545579083083,157.183624393319,106.05665076335605,79.17354659529403,87.08691623707124,84.07612725368013,53.19280386509969,78.52745802478438,72.76764167123706,73.10749713963888,false,true,true,true,146.92757148127217,158.54186514137535,151.3589133306484,150.17727414021428,94.33868960049602,80.03788607963082,81.27914774418878,80.27849907114026,52.58888188077614,78.50397906174453,70.07976558645962,69.89877506907402,true,true,true,true,97.3910554751892,83.03100898120009,76.86195085625472,87.46475487886318,81.6563803661212,63.956584198571214,67.16413204715886,67.29086839417118,15.734675109068007,19.074424782628874,9.697818809095864,20.17388648469199,true,true,false,true,Pass,true,80.27557670707037,76.7094203509781,90.4492875980971,87.09017711554023,ok, ok, ok, ok, noise-pass,6,267,130