patient_id,user_id,ear,attempt_id,site,f1_2khz,f1_3khz,f1_4khz,f1_5khz,f2_2khz,f2_3khz,f2_4khz,f2_5khz,oae_2khz,oae_3khz,oae_4khz,oae_5khz,2khz_selected,3khz_selected,4khz_selected,5khz_selected,2khz_f1_sig,3khz_f1_sig,4khz_f1_sig,5khz_f1_sig,2khz_f1_noise,3khz_f1_noise,4khz_f1_noise,5khz_f1_noise,2khz_f1_snr,3khz_f1_snr,4khz_f1_snr,5khz_f1_snr,2khz_f1_snr_result,3khz_f1_snr_result,4khz_f1_snr_result,5khz_f1_snr_result,2khz_f2_sig,3khz_f2_sig,4khz_f2_sig,5khz_f2_sig,2khz_f2_noise,3khz_f2_noise,4khz_f2_noise,5khz_f2_noise,2khz_f2_snr,3khz_f2_snr,4khz_f2_snr,5khz_f2_snr,2khz_f2_snr_result,3khz_f2_snr_result,4khz_f2_snr_result,5khz_f2_snr_result,sig_2khz,sig_3khz,sig_4khz,sig_5khz,noise_2khz,noise_3khz,noise_4khz,noise_5khz,snr_2khz,snr_3khz,snr_4khz,snr_5khz,2khz_result,3khz_result,4khz_result,5khz_result,test_result,test_complete,ambient_noise_2khz,ambient_noise_3khz,ambient_noise_4khz,ambient_noise_5khz,ambient_noise_result_2khz,ambient_noise_result_3khz,ambient_noise_result_4khz,ambient_noise_result_5khz,ambient_noise_result,tone_length,check_fit_val,check_fit_thresh
0003,EWG,left,1,KNH,1557,2377,3196,4016,1900,2900,3900,4900,1214,1854,2492,3132,true,true,true,true,158.50395590028012,156.09791392927087,155.24935551701037,151.85418947152,104.20479681390358,100.03522723650185,86.4403340639,94.25625139071252,54.299159086376534,56.06268669276902,68.80902145311038,57.59793808080747,false,false,true,false,142.1048092029056,153.35115349553374,146.97487996330526,153.015996044749,88.68714044035316,95.04439250047683,75.63206450949363,90.14691830575222,53.41766876255245,58.306760995056905,71.34281545381162,62.869077738996765,true,true,true,true,83.80524569137353,109.48954821085951,76.87681507558048,74.87533304225003,80.90753629480277,107.50772296701014,72.95367530559065,68.96484896399213,2.897709396570761,1.9818252438493715,3.923139769989831,5.910484078257909,false,false,false,false,Refer,true,86.88161346147027,114.68128156415659,93.20164112405159,99.13488825603649,ok, noisy, ok, ok, retry,6,274,130