patient_id,user_id,ear,attempt_id,site,f1_2khz,f1_3khz,f1_4khz,f1_5khz,f2_2khz,f2_3khz,f2_4khz,f2_5khz,oae_2khz,oae_3khz,oae_4khz,oae_5khz,2khz_selected,3khz_selected,4khz_selected,5khz_selected,2khz_f1_sig,3khz_f1_sig,4khz_f1_sig,5khz_f1_sig,2khz_f1_noise,3khz_f1_noise,4khz_f1_noise,5khz_f1_noise,2khz_f1_snr,3khz_f1_snr,4khz_f1_snr,5khz_f1_snr,2khz_f1_snr_result,3khz_f1_snr_result,4khz_f1_snr_result,5khz_f1_snr_result,2khz_f2_sig,3khz_f2_sig,4khz_f2_sig,5khz_f2_sig,2khz_f2_noise,3khz_f2_noise,4khz_f2_noise,5khz_f2_noise,2khz_f2_snr,3khz_f2_snr,4khz_f2_snr,5khz_f2_snr,2khz_f2_snr_result,3khz_f2_snr_result,4khz_f2_snr_result,5khz_f2_snr_result,sig_2khz,sig_3khz,sig_4khz,sig_5khz,noise_2khz,noise_3khz,noise_4khz,noise_5khz,snr_2khz,snr_3khz,snr_4khz,snr_5khz,2khz_result,3khz_result,4khz_result,5khz_result,test_result,test_complete,ambient_noise_2khz,ambient_noise_3khz,ambient_noise_4khz,ambient_noise_5khz,ambient_noise_result_2khz,ambient_noise_result_3khz,ambient_noise_result_4khz,ambient_noise_result_5khz,ambient_noise_result,tone_length,check_fit_val,check_fit_thresh
0010,EWG,left,2,KNH,1557,2377,3196,4016,1900,2900,3900,4900,1214,1854,2492,3132,true,true,true,true,146.71741520447702,159.2668414085474,158.0163126664807,149.5493669132194,66.56395946349508,78.89941789368413,90.37463635752671,79.5112326704546,80.15345574098194,80.36742351486328,67.64167630895399,70.03813424276478,true,true,true,true,130.802097575804,157.38686393708136,142.37253373528998,151.1779662199088,60.16424264997197,76.95555273387684,77.7235633078468,81.12274636787237,70.63785492583203,80.43131120320452,64.64897042744317,70.05521985203643,true,true,true,true,63.5589170530417,71.63670323643521,81.18354216565776,64.01031023211007,60.044605159242906,63.72150777414697,81.14396656825477,62.04031845579132,3.5143118937987907,7.915195462288239,0.03957559740298677,1.96999177631875,false,true,false,false,Refer,true,69.1417770905809,81.23356508276142,91.41391923003978,89.32495655085296,ok, ok, ok, ok, noise-pass,6,278,130