patient_id,user_id,ear,attempt_id,site,f1_2khz,f1_3khz,f1_4khz,f1_5khz,f2_2khz,f2_3khz,f2_4khz,f2_5khz,oae_2khz,oae_3khz,oae_4khz,oae_5khz,2khz_selected,3khz_selected,4khz_selected,5khz_selected,2khz_f1_sig,3khz_f1_sig,4khz_f1_sig,5khz_f1_sig,2khz_f1_noise,3khz_f1_noise,4khz_f1_noise,5khz_f1_noise,2khz_f1_snr,3khz_f1_snr,4khz_f1_snr,5khz_f1_snr,2khz_f1_snr_result,3khz_f1_snr_result,4khz_f1_snr_result,5khz_f1_snr_result,2khz_f2_sig,3khz_f2_sig,4khz_f2_sig,5khz_f2_sig,2khz_f2_noise,3khz_f2_noise,4khz_f2_noise,5khz_f2_noise,2khz_f2_snr,3khz_f2_snr,4khz_f2_snr,5khz_f2_snr,2khz_f2_snr_result,3khz_f2_snr_result,4khz_f2_snr_result,5khz_f2_snr_result,sig_2khz,sig_3khz,sig_4khz,sig_5khz,noise_2khz,noise_3khz,noise_4khz,noise_5khz,snr_2khz,snr_3khz,snr_4khz,snr_5khz,2khz_result,3khz_result,4khz_result,5khz_result,test_result,test_complete,ambient_noise_2khz,ambient_noise_3khz,ambient_noise_4khz,ambient_noise_5khz,ambient_noise_result_2khz,ambient_noise_result_3khz,ambient_noise_result_4khz,ambient_noise_result_5khz,ambient_noise_result,tone_length,check_fit_val,check_fit_thresh
00,Name,right,8,,1557,2377,3196,4016,1900,2900,3900,4900,1214,1854,2492,3132,true,true,true,true,128.06778745492022,146.52703477815007,152.91322749774434,155.0879103892707,79.98776553205691,90.75985126701163,85.50305399200235,84.44719086177209,48.08002192286331,55.76718351113844,67.410173505742,70.6407195274986,false,false,true,true,133.11527610181517,145.29347170732785,148.44761580782605,151.3918106587405,82.79387669705079,88.80211484378982,81.13817546655116,80.75016358114956,50.32139940476438,56.49135686353803,67.3094403412749,70.64164707759093,true,true,true,true,81.76734366593786,93.89567681460574,81.47733717557969,75.52709780646876,81.05906016252982,89.15854680026884,73.90802012884753,63.778580783741006,0.7082835034080404,4.737130014336898,7.569317046732166,11.748517022727754,false,false,false,true,Refer,true,102.15471898766253,102.6994091548313,90.81704988655731,91.7961956950395,ok, ok, ok, ok, noise-pass,6,177,130