patient_id,user_id,ear,attempt_id,site,f1_2khz,f1_3khz,f1_4khz,f1_5khz,f2_2khz,f2_3khz,f2_4khz,f2_5khz,oae_2khz,oae_3khz,oae_4khz,oae_5khz,2khz_selected,3khz_selected,4khz_selected,5khz_selected,2khz_f1_sig,3khz_f1_sig,4khz_f1_sig,5khz_f1_sig,2khz_f1_noise,3khz_f1_noise,4khz_f1_noise,5khz_f1_noise,2khz_f1_snr,3khz_f1_snr,4khz_f1_snr,5khz_f1_snr,2khz_f1_snr_result,3khz_f1_snr_result,4khz_f1_snr_result,5khz_f1_snr_result,2khz_f2_sig,3khz_f2_sig,4khz_f2_sig,5khz_f2_sig,2khz_f2_noise,3khz_f2_noise,4khz_f2_noise,5khz_f2_noise,2khz_f2_snr,3khz_f2_snr,4khz_f2_snr,5khz_f2_snr,2khz_f2_snr_result,3khz_f2_snr_result,4khz_f2_snr_result,5khz_f2_snr_result,sig_2khz,sig_3khz,sig_4khz,sig_5khz,noise_2khz,noise_3khz,noise_4khz,noise_5khz,snr_2khz,snr_3khz,snr_4khz,snr_5khz,2khz_result,3khz_result,4khz_result,5khz_result,test_result,test_complete,ambient_noise_2khz,ambient_noise_3khz,ambient_noise_4khz,ambient_noise_5khz,ambient_noise_result_2khz,ambient_noise_result_3khz,ambient_noise_result_4khz,ambient_noise_result_5khz,ambient_noise_result,tone_length,check_fit_val,check_fit_thresh
0018,Name,right,4,,1557,2377,3196,4016,1900,2900,3900,4900,1214,1854,2492,3132,true,true,true,true,159.65497481239152,160.05508287107654,160.4393000614364,158.98720678668144,105.9831311582046,90.49404730253667,89.09199688813595,80.83647966372834,53.671843654186915,69.56103556853986,71.34730317330045,78.1507271229531,false,true,true,true,151.56122112732024,160.30831273920677,152.4834554969771,155.81501818934504,100.814189345843,89.25868490290212,83.08293274680402,77.92626368377734,50.74703178147723,71.04962783630465,69.40052275017307,77.8887545055677,true,true,true,true,113.21477847024744,97.65180145594312,100.640113028859,87.35367197861335,109.18341728529927,92.84343151587697,94.09155348458685,78.6993637091915,4.031361184948167,4.808369940066143,6.548559544272152,8.654308269421847,false,false,false,false,Refer,true,109.01273789203958,106.81642420652096,111.42177923678175,101.77420717113145,noisy, ok, ok, ok, retry,6,176,130