patient_id,user_id,ear,attempt_id,site,f1_2khz,f1_3khz,f1_4khz,f1_5khz,f2_2khz,f2_3khz,f2_4khz,f2_5khz,oae_2khz,oae_3khz,oae_4khz,oae_5khz,2khz_selected,3khz_selected,4khz_selected,5khz_selected,2khz_f1_sig,3khz_f1_sig,4khz_f1_sig,5khz_f1_sig,2khz_f1_noise,3khz_f1_noise,4khz_f1_noise,5khz_f1_noise,2khz_f1_snr,3khz_f1_snr,4khz_f1_snr,5khz_f1_snr,2khz_f1_snr_result,3khz_f1_snr_result,4khz_f1_snr_result,5khz_f1_snr_result,2khz_f2_sig,3khz_f2_sig,4khz_f2_sig,5khz_f2_sig,2khz_f2_noise,3khz_f2_noise,4khz_f2_noise,5khz_f2_noise,2khz_f2_snr,3khz_f2_snr,4khz_f2_snr,5khz_f2_snr,2khz_f2_snr_result,3khz_f2_snr_result,4khz_f2_snr_result,5khz_f2_snr_result,sig_2khz,sig_3khz,sig_4khz,sig_5khz,noise_2khz,noise_3khz,noise_4khz,noise_5khz,snr_2khz,snr_3khz,snr_4khz,snr_5khz,2khz_result,3khz_result,4khz_result,5khz_result,test_result,test_complete,ambient_noise_2khz,ambient_noise_3khz,ambient_noise_4khz,ambient_noise_5khz,ambient_noise_result_2khz,ambient_noise_result_3khz,ambient_noise_result_4khz,ambient_noise_result_5khz,ambient_noise_result,tone_length,check_fit_val,check_fit_thresh
0029,Name,right,7,,1557,2377,3196,4016,1900,2900,3900,4900,1214,1854,2492,3132,true,true,true,true,157.31677768344883,158.97712149500504,159.3353678137314,157.59779219993484,94.19029795740883,98.46646691075195,95.13958084350095,94.88476220720719,63.12647972604,60.51065458425309,64.19578697023046,62.713029992727655,true,true,true,true,148.39951578719166,158.7434630354414,152.35119236610097,151.68558536159637,85.80926501733825,97.96823341956794,89.24121551510393,87.48443220880051,62.59025076985341,60.77522961587347,63.10997685099704,64.20115315279585,true,true,true,true,93.33907349091095,92.90643020493876,80.44895655497108,82.98358885905502,78.775313459696,79.72658267702022,72.85458483896045,72.28166496117865,14.563760031214954,13.17984752791854,7.594371716010627,10.70192389787637,true,true,false,true,Pass,true,98.44029167291899,101.68530106229463,99.14717220707793,98.38008338764277,ok, ok, ok, ok, noise-pass,6,300,130