patient_id,user_id,ear,attempt_id,site,f1_2khz,f1_3khz,f1_4khz,f1_5khz,f2_2khz,f2_3khz,f2_4khz,f2_5khz,oae_2khz,oae_3khz,oae_4khz,oae_5khz,2khz_selected,3khz_selected,4khz_selected,5khz_selected,2khz_f1_sig,3khz_f1_sig,4khz_f1_sig,5khz_f1_sig,2khz_f1_noise,3khz_f1_noise,4khz_f1_noise,5khz_f1_noise,2khz_f1_snr,3khz_f1_snr,4khz_f1_snr,5khz_f1_snr,2khz_f1_snr_result,3khz_f1_snr_result,4khz_f1_snr_result,5khz_f1_snr_result,2khz_f2_sig,3khz_f2_sig,4khz_f2_sig,5khz_f2_sig,2khz_f2_noise,3khz_f2_noise,4khz_f2_noise,5khz_f2_noise,2khz_f2_snr,3khz_f2_snr,4khz_f2_snr,5khz_f2_snr,2khz_f2_snr_result,3khz_f2_snr_result,4khz_f2_snr_result,5khz_f2_snr_result,sig_2khz,sig_3khz,sig_4khz,sig_5khz,noise_2khz,noise_3khz,noise_4khz,noise_5khz,snr_2khz,snr_3khz,snr_4khz,snr_5khz,2khz_result,3khz_result,4khz_result,5khz_result,test_result,test_complete,ambient_noise_2khz,ambient_noise_3khz,ambient_noise_4khz,ambient_noise_5khz,ambient_noise_result_2khz,ambient_noise_result_3khz,ambient_noise_result_4khz,ambient_noise_result_5khz,ambient_noise_result,tone_length,check_fit_val,check_fit_thresh
0009,EWG,left,2,KNH,1557,2377,3196,4016,1900,2900,3900,4900,1214,1854,2492,3132,true,true,true,true,163.11583424456217,158.3268444912481,159.39138733662398,152.05995205518906,95.6253515369595,99.29043051079744,85.17197424686606,93.42023799129308,67.49048270760267,59.03641398045066,74.21941308975792,58.63971406389598,true,false,true,false,147.2912042756545,156.6853991803632,149.12904203322398,151.6772151592397,83.01800974490176,99.11009072462072,75.33844689844086,93.01787581634393,64.27319453075275,57.57530845574247,73.79059513478312,58.65933934289576,true,true,true,true,104.39237107965886,101.59448482826876,84.68846367120815,78.98763566219559,82.59320808379232,90.94118692614934,66.64309865522213,56.33504020286777,21.79916299586654,10.65329790211942,18.04536501598602,22.652595459327813,true,true,true,true,Pass,true,97.22743925448032,113.52942326477945,95.73900840734842,106.35004179209147,ok, ok, ok, ok, noise-pass,6,235,130