patient_id,user_id,ear,attempt_id,site,f1_2khz,f1_3khz,f1_4khz,f1_5khz,f2_2khz,f2_3khz,f2_4khz,f2_5khz,oae_2khz,oae_3khz,oae_4khz,oae_5khz,2khz_selected,3khz_selected,4khz_selected,5khz_selected,2khz_f1_sig,3khz_f1_sig,4khz_f1_sig,5khz_f1_sig,2khz_f1_noise,3khz_f1_noise,4khz_f1_noise,5khz_f1_noise,2khz_f1_snr,3khz_f1_snr,4khz_f1_snr,5khz_f1_snr,2khz_f1_snr_result,3khz_f1_snr_result,4khz_f1_snr_result,5khz_f1_snr_result,2khz_f2_sig,3khz_f2_sig,4khz_f2_sig,5khz_f2_sig,2khz_f2_noise,3khz_f2_noise,4khz_f2_noise,5khz_f2_noise,2khz_f2_snr,3khz_f2_snr,4khz_f2_snr,5khz_f2_snr,2khz_f2_snr_result,3khz_f2_snr_result,4khz_f2_snr_result,5khz_f2_snr_result,sig_2khz,sig_3khz,sig_4khz,sig_5khz,noise_2khz,noise_3khz,noise_4khz,noise_5khz,snr_2khz,snr_3khz,snr_4khz,snr_5khz,2khz_result,3khz_result,4khz_result,5khz_result,test_result,test_complete,ambient_noise_2khz,ambient_noise_3khz,ambient_noise_4khz,ambient_noise_5khz,ambient_noise_result_2khz,ambient_noise_result_3khz,ambient_noise_result_4khz,ambient_noise_result_5khz,ambient_noise_result,tone_length,check_fit_val,check_fit_thresh
0026,Name,right,2,,1557,2377,3196,4016,1900,2900,3900,4900,1214,1854,2492,3132,true,true,true,true,155.9026243089069,159.452606866065,161.16867660905885,159.07051459044604,107.7788141028006,112.1915756990653,92.6818357468969,94.27413099839646,48.1238102061063,47.2610311669997,68.48684086216196,64.79638359204958,false,false,true,true,151.32077654518756,158.7206755994903,154.5054838792679,156.35607994997102,100.11186859086072,111.40634471804421,86.8335747633378,92.49301151446741,51.20890795432683,47.3143308814461,67.6719091159301,63.86306843550361,true,false,true,true,115.16932298175588,99.59839436504794,84.4348203181171,77.34363530817895,109.08472820903069,92.61266468328719,81.78908114019721,72.2541695126539,6.084594772725197,6.985729681760745,2.645739177919893,5.089465795525044,true,true,false,false,Refer,true,105.94930232042955,105.33420521876045,105.02050996351284,108.55075027615113,ok, ok, ok, ok, noise-pass,6,233,130