patient_id,user_id,ear,attempt_id,site,f1_2khz,f1_3khz,f1_4khz,f1_5khz,f2_2khz,f2_3khz,f2_4khz,f2_5khz,oae_2khz,oae_3khz,oae_4khz,oae_5khz,2khz_selected,3khz_selected,4khz_selected,5khz_selected,2khz_f1_sig,3khz_f1_sig,4khz_f1_sig,5khz_f1_sig,2khz_f1_noise,3khz_f1_noise,4khz_f1_noise,5khz_f1_noise,2khz_f1_snr,3khz_f1_snr,4khz_f1_snr,5khz_f1_snr,2khz_f1_snr_result,3khz_f1_snr_result,4khz_f1_snr_result,5khz_f1_snr_result,2khz_f2_sig,3khz_f2_sig,4khz_f2_sig,5khz_f2_sig,2khz_f2_noise,3khz_f2_noise,4khz_f2_noise,5khz_f2_noise,2khz_f2_snr,3khz_f2_snr,4khz_f2_snr,5khz_f2_snr,2khz_f2_snr_result,3khz_f2_snr_result,4khz_f2_snr_result,5khz_f2_snr_result,sig_2khz,sig_3khz,sig_4khz,sig_5khz,noise_2khz,noise_3khz,noise_4khz,noise_5khz,snr_2khz,snr_3khz,snr_4khz,snr_5khz,2khz_result,3khz_result,4khz_result,5khz_result,test_result,test_complete,ambient_noise_2khz,ambient_noise_3khz,ambient_noise_4khz,ambient_noise_5khz,ambient_noise_result_2khz,ambient_noise_result_3khz,ambient_noise_result_4khz,ambient_noise_result_5khz,ambient_noise_result,tone_length,check_fit_val,check_fit_thresh
0023,Name,right,1,,1557,2377,3196,4016,1900,2900,3900,4900,1214,1854,2492,3132,true,true,true,true,163.3375342410249,159.73469561858445,160.47173329660615,157.5488867753607,86.77060494187279,94.77415089544385,83.10758385686823,97.93048843681629,76.56692929915212,64.9605447231406,77.36414943973791,59.61839833854441,true,true,true,false,151.45032016191007,159.6102216681753,153.36559315539387,153.50757822616185,81.71848802578621,91.22460593221248,77.06021655025239,94.05745351877934,69.73183213612386,68.38561573596283,76.30537660514148,59.450124707382514,true,true,true,true,101.57036180671321,104.46121438497812,99.62380981490087,92.85727669109662,89.77312021551299,97.87662299949338,82.35912187300974,83.47719895716605,11.797241591200219,6.584591385484742,17.264687941891125,9.380077733930563,true,true,true,false,Pass,true,100.78578362572466,111.61309908254653,102.76637145665208,109.48288589847076,ok, ok, ok, ok, noise-pass,6,140,130