patient_id,user_id,ear,attempt_id,site,f1_2khz,f1_3khz,f1_4khz,f1_5khz,f2_2khz,f2_3khz,f2_4khz,f2_5khz,oae_2khz,oae_3khz,oae_4khz,oae_5khz,2khz_selected,3khz_selected,4khz_selected,5khz_selected,2khz_f1_sig,3khz_f1_sig,4khz_f1_sig,5khz_f1_sig,2khz_f1_noise,3khz_f1_noise,4khz_f1_noise,5khz_f1_noise,2khz_f1_snr,3khz_f1_snr,4khz_f1_snr,5khz_f1_snr,2khz_f1_snr_result,3khz_f1_snr_result,4khz_f1_snr_result,5khz_f1_snr_result,2khz_f2_sig,3khz_f2_sig,4khz_f2_sig,5khz_f2_sig,2khz_f2_noise,3khz_f2_noise,4khz_f2_noise,5khz_f2_noise,2khz_f2_snr,3khz_f2_snr,4khz_f2_snr,5khz_f2_snr,2khz_f2_snr_result,3khz_f2_snr_result,4khz_f2_snr_result,5khz_f2_snr_result,sig_2khz,sig_3khz,sig_4khz,sig_5khz,noise_2khz,noise_3khz,noise_4khz,noise_5khz,snr_2khz,snr_3khz,snr_4khz,snr_5khz,2khz_result,3khz_result,4khz_result,5khz_result,test_result,test_complete,ambient_noise_2khz,ambient_noise_3khz,ambient_noise_4khz,ambient_noise_5khz,ambient_noise_result_2khz,ambient_noise_result_3khz,ambient_noise_result_4khz,ambient_noise_result_5khz,ambient_noise_result,tone_length,check_fit_val,check_fit_thresh
0021,Name,left,2,,1557,2377,3196,4016,1900,2900,3900,4900,1214,1854,2492,3132,true,true,true,true,162.32248049759275,159.87824370959498,161.0770359091889,159.9751442936102,88.87460604125026,76.47236046660484,69.69030475779545,73.43404380363273,73.44787445634249,83.40588324299014,91.38673115139346,86.54110048997748,true,true,true,true,150.46176452092,160.53478709567955,154.25246086035,155.86017958315304,82.57220791711133,70.85876546236392,64.55426903570759,72.49218869951486,67.88955660380869,89.67602163331563,89.69819182464241,83.36799088363819,true,true,true,true,101.90618119278761,101.00072288182135,92.05423098891066,91.68401275243959,92.86977185807218,84.18374292649153,71.17970210519947,65.53203405949513,9.03640933471543,16.816979955329813,20.874528883711193,26.151978692944454,true,true,true,true,Pass,true,94.01092743339112,91.55425681388971,90.87313201945598,94.91310619173028,ok, ok, ok, ok, noise-pass,6,173,130