patient_id,user_id,ear,attempt_id,site,f1_2khz,f1_3khz,f1_4khz,f1_5khz,f2_2khz,f2_3khz,f2_4khz,f2_5khz,oae_2khz,oae_3khz,oae_4khz,oae_5khz,2khz_selected,3khz_selected,4khz_selected,5khz_selected,2khz_f1_sig,3khz_f1_sig,4khz_f1_sig,5khz_f1_sig,2khz_f1_noise,3khz_f1_noise,4khz_f1_noise,5khz_f1_noise,2khz_f1_snr,3khz_f1_snr,4khz_f1_snr,5khz_f1_snr,2khz_f1_snr_result,3khz_f1_snr_result,4khz_f1_snr_result,5khz_f1_snr_result,2khz_f2_sig,3khz_f2_sig,4khz_f2_sig,5khz_f2_sig,2khz_f2_noise,3khz_f2_noise,4khz_f2_noise,5khz_f2_noise,2khz_f2_snr,3khz_f2_snr,4khz_f2_snr,5khz_f2_snr,2khz_f2_snr_result,3khz_f2_snr_result,4khz_f2_snr_result,5khz_f2_snr_result,sig_2khz,sig_3khz,sig_4khz,sig_5khz,noise_2khz,noise_3khz,noise_4khz,noise_5khz,snr_2khz,snr_3khz,snr_4khz,snr_5khz,2khz_result,3khz_result,4khz_result,5khz_result,test_result,test_complete,ambient_noise_2khz,ambient_noise_3khz,ambient_noise_4khz,ambient_noise_5khz,ambient_noise_result_2khz,ambient_noise_result_3khz,ambient_noise_result_4khz,ambient_noise_result_5khz,ambient_noise_result,tone_length,check_fit_val,check_fit_thresh
27,Name,right,1,,1557,2377,3196,4016,1900,2900,3900,4900,1214,1854,2492,3132,true,true,true,true,143.8192318890085,153.14745359366913,156.09473854282555,156.05894696024274,103.73733154318508,94.84955260592815,84.47610796578118,75.9858553967061,40.08190034582343,58.297900987740974,71.61863057704437,80.07309156353664,false,false,true,true,146.99257069359774,145.84092647338446,150.33270330570377,152.03348950498633,104.33094926223147,84.9835581860194,84.37186844796196,66.06924316956751,42.66162143136627,60.85736828736506,65.96083485774182,85.96424633541882,false,true,true,true,101.73435196736469,103.74420586622844,98.61719508133882,96.89168113021246,101.4063257055889,98.51213287237755,92.02586361371509,80.29070799177845,0.32802626177578986,5.232072993850892,6.591331467623732,16.600973138434014,false,false,false,true,Refer,true,103.5604248838606,101.31797365384888,99.3544827156511,99.69556553106355,noisy, ok, ok, ok, retry,6,17,130