patient_id,user_id,ear,attempt_id,site,f1_2khz,f1_3khz,f1_4khz,f1_5khz,f2_2khz,f2_3khz,f2_4khz,f2_5khz,oae_2khz,oae_3khz,oae_4khz,oae_5khz,2khz_selected,3khz_selected,4khz_selected,5khz_selected,2khz_f1_sig,3khz_f1_sig,4khz_f1_sig,5khz_f1_sig,2khz_f1_noise,3khz_f1_noise,4khz_f1_noise,5khz_f1_noise,2khz_f1_snr,3khz_f1_snr,4khz_f1_snr,5khz_f1_snr,2khz_f1_snr_result,3khz_f1_snr_result,4khz_f1_snr_result,5khz_f1_snr_result,2khz_f2_sig,3khz_f2_sig,4khz_f2_sig,5khz_f2_sig,2khz_f2_noise,3khz_f2_noise,4khz_f2_noise,5khz_f2_noise,2khz_f2_snr,3khz_f2_snr,4khz_f2_snr,5khz_f2_snr,2khz_f2_snr_result,3khz_f2_snr_result,4khz_f2_snr_result,5khz_f2_snr_result,sig_2khz,sig_3khz,sig_4khz,sig_5khz,noise_2khz,noise_3khz,noise_4khz,noise_5khz,snr_2khz,snr_3khz,snr_4khz,snr_5khz,2khz_result,3khz_result,4khz_result,5khz_result,test_result,test_complete,ambient_noise_2khz,ambient_noise_3khz,ambient_noise_4khz,ambient_noise_5khz,ambient_noise_result_2khz,ambient_noise_result_3khz,ambient_noise_result_4khz,ambient_noise_result_5khz,ambient_noise_result,tone_length,check_fit_val,check_fit_thresh
0024,Name,left,1,,1557,2377,3196,4016,1900,2900,3900,4900,1214,1854,2492,3132,true,true,true,true,160.6785756721393,157.28883831010313,159.93188636620846,158.91015624880427,107.1544927980081,92.97659924528638,96.03954491656134,96.46183250852665,53.52408287413118,64.31223906481675,63.89234144964712,62.448323740277615,false,true,true,true,149.92119483384351,157.79494973343276,153.3669578051247,151.76831767047193,96.68727967585343,93.66553567816042,89.68501635806425,90.04886461891225,53.23391515799008,64.12941405527233,63.68194144706047,61.71945305155968,true,true,true,true,99.8998721374752,97.86603727258382,83.83084098702874,92.63752224104846,89.85224446086576,78.50691056088381,74.33045850135517,61.202698359711256,10.047627676609437,19.359126711700014,9.500382485673569,31.434823881337202,true,true,false,true,Pass,true,97.02784217474324,98.22409930554774,100.15814772466133,96.62538417174397,ok, ok, ok, ok, noise-pass,6,282,130