patient_id,user_id,ear,attempt_id,site,f1_2khz,f1_3khz,f1_4khz,f1_5khz,f2_2khz,f2_3khz,f2_4khz,f2_5khz,oae_2khz,oae_3khz,oae_4khz,oae_5khz,2khz_selected,3khz_selected,4khz_selected,5khz_selected,2khz_f1_sig,3khz_f1_sig,4khz_f1_sig,5khz_f1_sig,2khz_f1_noise,3khz_f1_noise,4khz_f1_noise,5khz_f1_noise,2khz_f1_snr,3khz_f1_snr,4khz_f1_snr,5khz_f1_snr,2khz_f1_snr_result,3khz_f1_snr_result,4khz_f1_snr_result,5khz_f1_snr_result,2khz_f2_sig,3khz_f2_sig,4khz_f2_sig,5khz_f2_sig,2khz_f2_noise,3khz_f2_noise,4khz_f2_noise,5khz_f2_noise,2khz_f2_snr,3khz_f2_snr,4khz_f2_snr,5khz_f2_snr,2khz_f2_snr_result,3khz_f2_snr_result,4khz_f2_snr_result,5khz_f2_snr_result,sig_2khz,sig_3khz,sig_4khz,sig_5khz,noise_2khz,noise_3khz,noise_4khz,noise_5khz,snr_2khz,snr_3khz,snr_4khz,snr_5khz,2khz_result,3khz_result,4khz_result,5khz_result,test_result,test_complete,ambient_noise_2khz,ambient_noise_3khz,ambient_noise_4khz,ambient_noise_5khz,ambient_noise_result_2khz,ambient_noise_result_3khz,ambient_noise_result_4khz,ambient_noise_result_5khz,ambient_noise_result,tone_length,check_fit_val,check_fit_thresh
0027,Name,right,11,,1557,2377,3196,4016,1900,2900,3900,4900,1214,1854,2492,3132,true,true,true,true,165.13143117758767,162.56117395536558,157.45147119776553,159.37107758158015,112.84798096794454,107.84490559646387,112.10199386352429,90.69878774222741,52.283450209643135,54.7162683589017,45.34947733424124,68.67228983935274,false,false,false,true,154.35014938410723,160.45516574734398,150.46094576175213,156.74814800547347,113.08709391985671,103.99328673408412,109.62455028159053,90.21168383510906,41.26305546425051,56.46187901325986,40.8363954801616,66.53646417036441,false,true,false,true,109.14562073710886,121.40636626506448,111.96746422152758,96.5314270235404,105.68659522932884,117.43880372383722,110.95756926656831,94.35473858470046,3.4590255077800123,3.9675625412272524,1.0098949549592646,2.176688438839946,false,false,false,false,Refer,true,108.24532855861582,114.18369105783682,121.66412990229576,111.48876294988254,noisy, noisy, noisy, ok, retry,6,281,130