patient_id,user_id,ear,attempt_id,site,f1_2khz,f1_3khz,f1_4khz,f1_5khz,f2_2khz,f2_3khz,f2_4khz,f2_5khz,oae_2khz,oae_3khz,oae_4khz,oae_5khz,2khz_selected,3khz_selected,4khz_selected,5khz_selected,2khz_f1_sig,3khz_f1_sig,4khz_f1_sig,5khz_f1_sig,2khz_f1_noise,3khz_f1_noise,4khz_f1_noise,5khz_f1_noise,2khz_f1_snr,3khz_f1_snr,4khz_f1_snr,5khz_f1_snr,2khz_f1_snr_result,3khz_f1_snr_result,4khz_f1_snr_result,5khz_f1_snr_result,2khz_f2_sig,3khz_f2_sig,4khz_f2_sig,5khz_f2_sig,2khz_f2_noise,3khz_f2_noise,4khz_f2_noise,5khz_f2_noise,2khz_f2_snr,3khz_f2_snr,4khz_f2_snr,5khz_f2_snr,2khz_f2_snr_result,3khz_f2_snr_result,4khz_f2_snr_result,5khz_f2_snr_result,sig_2khz,sig_3khz,sig_4khz,sig_5khz,noise_2khz,noise_3khz,noise_4khz,noise_5khz,snr_2khz,snr_3khz,snr_4khz,snr_5khz,2khz_result,3khz_result,4khz_result,5khz_result,test_result,test_complete,ambient_noise_2khz,ambient_noise_3khz,ambient_noise_4khz,ambient_noise_5khz,ambient_noise_result_2khz,ambient_noise_result_3khz,ambient_noise_result_4khz,ambient_noise_result_5khz,ambient_noise_result,tone_length,check_fit_val,check_fit_thresh
0030,Name,right,7,,1557,2377,3196,4016,1900,2900,3900,4900,1214,1854,2492,3132,true,true,true,true,158.68826144747982,159.48597167041345,161.09711504595657,159.48769605998152,85.49934589730448,79.43938114326909,86.93045031375758,83.10629407147998,73.18891555017534,80.04659052714436,74.166664732199,76.38140198850154,true,true,true,true,146.95900598210875,161.25282567515882,153.7973978748806,155.87533301480673,76.90856398220764,80.52875800687637,79.96095524137068,80.08471439402159,70.05044199990111,80.72406766828244,73.83644263350992,75.79061862078514,true,true,true,true,100.4869116658182,101.54613186899252,91.13435547442768,82.1341929004723,81.06659786315913,73.95090409443424,70.94922044943254,68.78302935757377,19.420313802659066,27.595227774558282,20.185135024995134,13.351163542898533,true,true,true,true,Pass,true,94.35832732523764,89.7887625834331,93.36368556039605,94.90924101040054,ok, ok, ok, ok, noise-pass,6,280,130