patient_id,user_id,ear,attempt_id,site,f1_2khz,f1_3khz,f1_4khz,f1_5khz,f2_2khz,f2_3khz,f2_4khz,f2_5khz,oae_2khz,oae_3khz,oae_4khz,oae_5khz,2khz_selected,3khz_selected,4khz_selected,5khz_selected,2khz_f1_sig,3khz_f1_sig,4khz_f1_sig,5khz_f1_sig,2khz_f1_noise,3khz_f1_noise,4khz_f1_noise,5khz_f1_noise,2khz_f1_snr,3khz_f1_snr,4khz_f1_snr,5khz_f1_snr,2khz_f1_snr_result,3khz_f1_snr_result,4khz_f1_snr_result,5khz_f1_snr_result,2khz_f2_sig,3khz_f2_sig,4khz_f2_sig,5khz_f2_sig,2khz_f2_noise,3khz_f2_noise,4khz_f2_noise,5khz_f2_noise,2khz_f2_snr,3khz_f2_snr,4khz_f2_snr,5khz_f2_snr,2khz_f2_snr_result,3khz_f2_snr_result,4khz_f2_snr_result,5khz_f2_snr_result,sig_2khz,sig_3khz,sig_4khz,sig_5khz,noise_2khz,noise_3khz,noise_4khz,noise_5khz,snr_2khz,snr_3khz,snr_4khz,snr_5khz,2khz_result,3khz_result,4khz_result,5khz_result,test_result,test_complete,ambient_noise_2khz,ambient_noise_3khz,ambient_noise_4khz,ambient_noise_5khz,ambient_noise_result_2khz,ambient_noise_result_3khz,ambient_noise_result_4khz,ambient_noise_result_5khz,ambient_noise_result,tone_length,check_fit_val,check_fit_thresh
0022,Name,left,1,,1557,2377,3196,4016,1900,2900,3900,4900,1214,1854,2492,3132,true,true,true,true,163.4334882873989,159.5082325965632,160.82822246514985,159.69280359272628,101.3484014903515,80.77205344080257,77.101353012666,74.60755546053723,62.08508679704738,78.73617915576064,83.72686945248385,85.08524813218905,true,true,true,true,150.52886029155763,159.966713916735,153.80973031807994,152.1728628053612,88.35605564840077,78.0291787757207,76.92371423105192,68.79450578663588,62.172804643156866,81.9375351410143,76.88601608702803,83.37835701872532,true,true,true,true,96.70581012273784,95.63493771855028,92.40553928913084,102.30320351999919,82.48430802037777,80.33942212942442,79.35063669458273,70.36760806354322,14.221502102360077,15.295515589125856,13.05490259454811,31.93559545645597,true,true,true,true,Pass,true,92.10534366673427,96.36216675288318,95.39558121884525,94.90697279286076,ok, ok, ok, ok, noise-pass,6,205,130