patient_id,user_id,ear,attempt_id,site,f1_2khz,f1_3khz,f1_4khz,f1_5khz,f2_2khz,f2_3khz,f2_4khz,f2_5khz,oae_2khz,oae_3khz,oae_4khz,oae_5khz,2khz_selected,3khz_selected,4khz_selected,5khz_selected,2khz_f1_sig,3khz_f1_sig,4khz_f1_sig,5khz_f1_sig,2khz_f1_noise,3khz_f1_noise,4khz_f1_noise,5khz_f1_noise,2khz_f1_snr,3khz_f1_snr,4khz_f1_snr,5khz_f1_snr,2khz_f1_snr_result,3khz_f1_snr_result,4khz_f1_snr_result,5khz_f1_snr_result,2khz_f2_sig,3khz_f2_sig,4khz_f2_sig,5khz_f2_sig,2khz_f2_noise,3khz_f2_noise,4khz_f2_noise,5khz_f2_noise,2khz_f2_snr,3khz_f2_snr,4khz_f2_snr,5khz_f2_snr,2khz_f2_snr_result,3khz_f2_snr_result,4khz_f2_snr_result,5khz_f2_snr_result,sig_2khz,sig_3khz,sig_4khz,sig_5khz,noise_2khz,noise_3khz,noise_4khz,noise_5khz,snr_2khz,snr_3khz,snr_4khz,snr_5khz,2khz_result,3khz_result,4khz_result,5khz_result,test_result,test_complete,ambient_noise_2khz,ambient_noise_3khz,ambient_noise_4khz,ambient_noise_5khz,ambient_noise_result_2khz,ambient_noise_result_3khz,ambient_noise_result_4khz,ambient_noise_result_5khz,ambient_noise_result,tone_length,check_fit_val,check_fit_thresh
0027,Name,right,9,,1557,2377,3196,4016,1900,2900,3900,4900,1214,1854,2492,3132,true,true,true,true,157.14425100138953,154.077726619524,156.63510133755375,154.75436534157149,86.17777888275018,88.46034454738853,86.10177081404595,81.46202057799346,70.96647211863936,65.61738207213546,70.5333305235078,73.29234476357803,true,true,true,true,145.0291821686029,154.87668105946113,148.63398486915366,153.34953662024984,78.20639069590521,88.08717452653362,77.77698077472346,80.59021537376896,66.82279147269767,66.78950653292752,70.85700409443021,72.75932124648088,true,true,true,true,89.78567963859635,89.69625544693137,82.7586274671072,79.54607848518886,84.97986391946506,86.17019561230515,80.80850519215346,74.82121828028427,4.805815719131289,3.526059834626224,1.950122274953742,4.724860204904587,false,false,false,false,Refer,true,101.5754131208267,110.44694640884698,102.73699867420167,106.45607459638673,ok, ok, ok, ok, noise-pass,6,248,130