patient_id,user_id,ear,attempt_id,site,f1_2khz,f1_3khz,f1_4khz,f1_5khz,f2_2khz,f2_3khz,f2_4khz,f2_5khz,oae_2khz,oae_3khz,oae_4khz,oae_5khz,2khz_selected,3khz_selected,4khz_selected,5khz_selected,2khz_f1_sig,3khz_f1_sig,4khz_f1_sig,5khz_f1_sig,2khz_f1_noise,3khz_f1_noise,4khz_f1_noise,5khz_f1_noise,2khz_f1_snr,3khz_f1_snr,4khz_f1_snr,5khz_f1_snr,2khz_f1_snr_result,3khz_f1_snr_result,4khz_f1_snr_result,5khz_f1_snr_result,2khz_f2_sig,3khz_f2_sig,4khz_f2_sig,5khz_f2_sig,2khz_f2_noise,3khz_f2_noise,4khz_f2_noise,5khz_f2_noise,2khz_f2_snr,3khz_f2_snr,4khz_f2_snr,5khz_f2_snr,2khz_f2_snr_result,3khz_f2_snr_result,4khz_f2_snr_result,5khz_f2_snr_result,sig_2khz,sig_3khz,sig_4khz,sig_5khz,noise_2khz,noise_3khz,noise_4khz,noise_5khz,snr_2khz,snr_3khz,snr_4khz,snr_5khz,2khz_result,3khz_result,4khz_result,5khz_result,test_result,test_complete,ambient_noise_2khz,ambient_noise_3khz,ambient_noise_4khz,ambient_noise_5khz,ambient_noise_result_2khz,ambient_noise_result_3khz,ambient_noise_result_4khz,ambient_noise_result_5khz,ambient_noise_result,tone_length,check_fit_val,check_fit_thresh
0004,EWG,right,1,KNH,1557,2377,3196,4016,1900,2900,3900,4900,1214,1854,2492,3132,true,true,true,true,159.16774621101706,154.61622070618475,157.10780199521923,148.7033152109492,100.3651880858957,99.72843864785654,93.06734813521803,94.15047807429403,58.802558125121365,54.88778205832821,64.04045386000121,54.55283713665517,false,false,true,false,143.71921940124327,153.2942024039358,147.07076977301102,148.30409582724008,86.92656557721911,98.50017851793127,83.13834589930809,93.8025233931959,56.79265382402416,54.794023886004524,63.93242387370293,54.50157243404418,true,true,true,true,98.4458183027594,91.18200637609553,92.48847833423503,83.43054348667519,87.06333427692043,78.29842298821139,74.91233110793972,63.88758204978373,11.382484025838977,12.883583387884144,17.576147226295305,19.54296143689146,true,true,true,true,Pass,true,104.76656507073233,109.1289447535223,100.82607877637645,108.21058563950022,ok, ok, ok, ok, noise-pass,6,198,130