patient_id,user_id,ear,attempt_id,site,f1_2khz,f1_3khz,f1_4khz,f1_5khz,f2_2khz,f2_3khz,f2_4khz,f2_5khz,oae_2khz,oae_3khz,oae_4khz,oae_5khz,2khz_selected,3khz_selected,4khz_selected,5khz_selected,2khz_f1_sig,3khz_f1_sig,4khz_f1_sig,5khz_f1_sig,2khz_f1_noise,3khz_f1_noise,4khz_f1_noise,5khz_f1_noise,2khz_f1_snr,3khz_f1_snr,4khz_f1_snr,5khz_f1_snr,2khz_f1_snr_result,3khz_f1_snr_result,4khz_f1_snr_result,5khz_f1_snr_result,2khz_f2_sig,3khz_f2_sig,4khz_f2_sig,5khz_f2_sig,2khz_f2_noise,3khz_f2_noise,4khz_f2_noise,5khz_f2_noise,2khz_f2_snr,3khz_f2_snr,4khz_f2_snr,5khz_f2_snr,2khz_f2_snr_result,3khz_f2_snr_result,4khz_f2_snr_result,5khz_f2_snr_result,sig_2khz,sig_3khz,sig_4khz,sig_5khz,noise_2khz,noise_3khz,noise_4khz,noise_5khz,snr_2khz,snr_3khz,snr_4khz,snr_5khz,2khz_result,3khz_result,4khz_result,5khz_result,test_result,test_complete,ambient_noise_2khz,ambient_noise_3khz,ambient_noise_4khz,ambient_noise_5khz,ambient_noise_result_2khz,ambient_noise_result_3khz,ambient_noise_result_4khz,ambient_noise_result_5khz,ambient_noise_result,tone_length,check_fit_val,check_fit_thresh
1,Name,right,1,,1557,2377,3196,4016,1900,2900,3900,4900,1214,1854,2492,3132,true,true,true,true,158.30436423610286,163.55825411376085,161.4213283819251,159.46080576214936,88.44459434073214,89.41217572352762,85.36260158697266,87.91963478483494,69.85976989537072,74.14607839023323,76.05872679495243,71.54117097731442,true,true,true,true,153.52125743822452,160.08719084478412,153.63108209468277,156.64162202324243,83.8999400325497,86.01493654696066,77.7274381486709,85.2601376536267,69.62131740567483,74.07225429782346,75.90364394601187,71.38148436961573,true,true,true,true,96.40778398328689,81.8087128478632,70.20963125270745,65.9552311639156,73.06861491566356,66.47055937493134,62.639355873597964,55.843754336643336,23.33916906762333,15.338153472931864,7.570275379109489,10.111476827272263,true,true,false,true,Pass,true,87.12860458903127,79.16005247728235,81.10398841261633,81.57901322141758,ok, ok, ok, ok, noise-pass,6,170,130