patient_id,user_id,ear,attempt_id,site,f1_2khz,f1_3khz,f1_4khz,f1_5khz,f2_2khz,f2_3khz,f2_4khz,f2_5khz,oae_2khz,oae_3khz,oae_4khz,oae_5khz,2khz_selected,3khz_selected,4khz_selected,5khz_selected,2khz_f1_sig,3khz_f1_sig,4khz_f1_sig,5khz_f1_sig,2khz_f1_noise,3khz_f1_noise,4khz_f1_noise,5khz_f1_noise,2khz_f1_snr,3khz_f1_snr,4khz_f1_snr,5khz_f1_snr,2khz_f1_snr_result,3khz_f1_snr_result,4khz_f1_snr_result,5khz_f1_snr_result,2khz_f2_sig,3khz_f2_sig,4khz_f2_sig,5khz_f2_sig,2khz_f2_noise,3khz_f2_noise,4khz_f2_noise,5khz_f2_noise,2khz_f2_snr,3khz_f2_snr,4khz_f2_snr,5khz_f2_snr,2khz_f2_snr_result,3khz_f2_snr_result,4khz_f2_snr_result,5khz_f2_snr_result,sig_2khz,sig_3khz,sig_4khz,sig_5khz,noise_2khz,noise_3khz,noise_4khz,noise_5khz,snr_2khz,snr_3khz,snr_4khz,snr_5khz,2khz_result,3khz_result,4khz_result,5khz_result,test_result,test_complete,ambient_noise_2khz,ambient_noise_3khz,ambient_noise_4khz,ambient_noise_5khz,ambient_noise_result_2khz,ambient_noise_result_3khz,ambient_noise_result_4khz,ambient_noise_result_5khz,ambient_noise_result,tone_length,check_fit_val,check_fit_thresh
00,Name,right,4,,1557,2377,3196,4016,1900,2900,3900,4900,1214,1854,2492,3132,true,true,true,true,155.8787101957316,159.45491100038586,158.9669007875555,157.60606030987321,90.27019622915402,80.43631508457237,77.76095277121209,72.63627509404903,65.60851396657758,79.01859591581349,81.2059480163434,84.96978521582419,true,true,true,true,151.10780201760232,155.45382998886504,151.23027736596035,154.76403791885573,85.82920169098301,76.3129172116407,71.52607284716723,73.39735796831636,65.27860032661931,79.14091277722434,79.70420451879312,81.36667995053938,true,true,true,true,89.39912950015392,88.03944439414565,91.43796165744945,101.3305704676887,76.97933261289545,72.64731046484863,73.76115012410254,68.76124013503942,12.419796887258471,15.392133929297017,17.676811533346907,32.56933033264929,true,true,true,true,Pass,true,86.37161136919818,89.28453311684507,94.45986867495989,98.47796730540627,ok, ok, ok, ok, noise-pass,6,133,130