patient_id,user_id,ear,attempt_id,site,f1_2khz,f1_3khz,f1_4khz,f1_5khz,f2_2khz,f2_3khz,f2_4khz,f2_5khz,oae_2khz,oae_3khz,oae_4khz,oae_5khz,2khz_selected,3khz_selected,4khz_selected,5khz_selected,2khz_f1_sig,3khz_f1_sig,4khz_f1_sig,5khz_f1_sig,2khz_f1_noise,3khz_f1_noise,4khz_f1_noise,5khz_f1_noise,2khz_f1_snr,3khz_f1_snr,4khz_f1_snr,5khz_f1_snr,2khz_f1_snr_result,3khz_f1_snr_result,4khz_f1_snr_result,5khz_f1_snr_result,2khz_f2_sig,3khz_f2_sig,4khz_f2_sig,5khz_f2_sig,2khz_f2_noise,3khz_f2_noise,4khz_f2_noise,5khz_f2_noise,2khz_f2_snr,3khz_f2_snr,4khz_f2_snr,5khz_f2_snr,2khz_f2_snr_result,3khz_f2_snr_result,4khz_f2_snr_result,5khz_f2_snr_result,sig_2khz,sig_3khz,sig_4khz,sig_5khz,noise_2khz,noise_3khz,noise_4khz,noise_5khz,snr_2khz,snr_3khz,snr_4khz,snr_5khz,2khz_result,3khz_result,4khz_result,5khz_result,test_result,test_complete,ambient_noise_2khz,ambient_noise_3khz,ambient_noise_4khz,ambient_noise_5khz,ambient_noise_result_2khz,ambient_noise_result_3khz,ambient_noise_result_4khz,ambient_noise_result_5khz,ambient_noise_result,tone_length,check_fit_val,check_fit_thresh
0005,EWG,right,3,KNH,1557,2377,3196,4016,1900,2900,3900,4900,1214,1854,2492,3132,true,true,true,true,161.4510833856441,159.46389494653042,154.84661253787044,148.99916221627953,94.46751606301615,80.74013341788111,104.59195404665934,100.68673097606747,66.98356732262795,78.7237615286493,50.2546584912111,48.312431240212064,true,true,false,false,145.38513554278575,157.21677613369758,145.07680450522878,148.78421940524493,83.4655470675793,76.02746591672796,95.22959536152763,100.78071883053912,61.91958847520645,81.18931021696962,49.84720914370115,48.00350057470581,true,true,false,false,91.66869399275919,76.3255226853248,101.4030741975183,101.46667129958608,87.7884056307817,72.07945587973472,99.38087988442474,96.57773147842767,3.8802883619774917,4.246066805590075,2.02219431309355,4.8889398211584165,false,false,false,false,Refer,true,97.80942981116864,94.59064133179415,111.424717088114,105.98590988627639,ok, ok, noisy, ok, retry,6,247,130