patient_id,user_id,ear,attempt_id,site,f1_2khz,f1_3khz,f1_4khz,f1_5khz,f2_2khz,f2_3khz,f2_4khz,f2_5khz,oae_2khz,oae_3khz,oae_4khz,oae_5khz,2khz_selected,3khz_selected,4khz_selected,5khz_selected,2khz_f1_sig,3khz_f1_sig,4khz_f1_sig,5khz_f1_sig,2khz_f1_noise,3khz_f1_noise,4khz_f1_noise,5khz_f1_noise,2khz_f1_snr,3khz_f1_snr,4khz_f1_snr,5khz_f1_snr,2khz_f1_snr_result,3khz_f1_snr_result,4khz_f1_snr_result,5khz_f1_snr_result,2khz_f2_sig,3khz_f2_sig,4khz_f2_sig,5khz_f2_sig,2khz_f2_noise,3khz_f2_noise,4khz_f2_noise,5khz_f2_noise,2khz_f2_snr,3khz_f2_snr,4khz_f2_snr,5khz_f2_snr,2khz_f2_snr_result,3khz_f2_snr_result,4khz_f2_snr_result,5khz_f2_snr_result,sig_2khz,sig_3khz,sig_4khz,sig_5khz,noise_2khz,noise_3khz,noise_4khz,noise_5khz,snr_2khz,snr_3khz,snr_4khz,snr_5khz,2khz_result,3khz_result,4khz_result,5khz_result,test_result,test_complete,ambient_noise_2khz,ambient_noise_3khz,ambient_noise_4khz,ambient_noise_5khz,ambient_noise_result_2khz,ambient_noise_result_3khz,ambient_noise_result_4khz,ambient_noise_result_5khz,ambient_noise_result,tone_length,check_fit_val,check_fit_thresh
0027,Name,right,4,,1557,2377,3196,4016,1900,2900,3900,4900,1214,1854,2492,3132,true,true,true,true,162.69399903879602,160.23061404854036,160.7203674687331,159.9109002775408,86.78979138199233,84.47661672787063,87.13020299025311,91.10856927139122,75.90420765680369,75.75399732066973,73.59016447847998,68.80233100614959,true,true,true,true,152.7779672350307,159.89944836416637,154.0949552400669,156.06197886898326,81.79724750568286,80.86261910299383,79.6321459622767,93.58111888852407,70.98071972934784,79.03682926117254,74.4628092777902,62.480859980459186,true,true,true,true,103.24799199825733,100.58893553545082,88.21649328721229,98.30502033378829,88.86075832471789,85.25236178294588,84.75682339587092,95.41216324117056,14.387233673539441,15.336573752504933,3.4596698913413633,2.8928570926177315,true,true,false,false,Refer,true,101.21954692907505,102.67635840842483,106.84182250461411,110.20207526685215,ok, ok, ok, ok, noise-pass,6,156,130