patient_id,user_id,ear,attempt_id,site,f1_2khz,f1_3khz,f1_4khz,f1_5khz,f2_2khz,f2_3khz,f2_4khz,f2_5khz,oae_2khz,oae_3khz,oae_4khz,oae_5khz,2khz_selected,3khz_selected,4khz_selected,5khz_selected,2khz_f1_sig,3khz_f1_sig,4khz_f1_sig,5khz_f1_sig,2khz_f1_noise,3khz_f1_noise,4khz_f1_noise,5khz_f1_noise,2khz_f1_snr,3khz_f1_snr,4khz_f1_snr,5khz_f1_snr,2khz_f1_snr_result,3khz_f1_snr_result,4khz_f1_snr_result,5khz_f1_snr_result,2khz_f2_sig,3khz_f2_sig,4khz_f2_sig,5khz_f2_sig,2khz_f2_noise,3khz_f2_noise,4khz_f2_noise,5khz_f2_noise,2khz_f2_snr,3khz_f2_snr,4khz_f2_snr,5khz_f2_snr,2khz_f2_snr_result,3khz_f2_snr_result,4khz_f2_snr_result,5khz_f2_snr_result,sig_2khz,sig_3khz,sig_4khz,sig_5khz,noise_2khz,noise_3khz,noise_4khz,noise_5khz,snr_2khz,snr_3khz,snr_4khz,snr_5khz,2khz_result,3khz_result,4khz_result,5khz_result,test_result,test_complete,ambient_noise_2khz,ambient_noise_3khz,ambient_noise_4khz,ambient_noise_5khz,ambient_noise_result_2khz,ambient_noise_result_3khz,ambient_noise_result_4khz,ambient_noise_result_5khz,ambient_noise_result,tone_length,check_fit_val,check_fit_thresh
26,Name,right,1,,1557,2377,3196,4016,1900,2900,3900,4900,1214,1854,2492,3132,true,true,true,true,164.48830779831974,163.28454058991116,161.60502789370918,159.95105641006762,108.6601739153175,98.00460451505543,88.54587351754671,90.26933033435415,55.82813388300224,65.27993607485573,73.05915437616247,69.68172607571347,false,true,true,true,155.98620751685243,160.71363847083032,154.4238319219939,157.05395233683328,111.04568779724016,94.98657806927447,85.78928845092713,85.78203427013648,44.94051971961227,65.72706040155585,68.63454347106676,71.2719180666968,false,true,true,true,109.5505563532333,104.45454113733005,98.4933623073111,96.94578171617937,107.82510393269888,101.83449737332154,95.09661467544889,94.22069261857462,1.725452420534424,2.620043764008514,3.396747631862212,2.7250890976047515,false,false,false,false,Refer,true,111.54813410500329,107.29241604640751,108.23194127329998,115.27014161667041,noisy, noisy, ok, ok, retry,6,75,130