patient_id,user_id,ear,attempt_id,site,f1_2khz,f1_3khz,f1_4khz,f1_5khz,f2_2khz,f2_3khz,f2_4khz,f2_5khz,oae_2khz,oae_3khz,oae_4khz,oae_5khz,2khz_selected,3khz_selected,4khz_selected,5khz_selected,2khz_f1_sig,3khz_f1_sig,4khz_f1_sig,5khz_f1_sig,2khz_f1_noise,3khz_f1_noise,4khz_f1_noise,5khz_f1_noise,2khz_f1_snr,3khz_f1_snr,4khz_f1_snr,5khz_f1_snr,2khz_f1_snr_result,3khz_f1_snr_result,4khz_f1_snr_result,5khz_f1_snr_result,2khz_f2_sig,3khz_f2_sig,4khz_f2_sig,5khz_f2_sig,2khz_f2_noise,3khz_f2_noise,4khz_f2_noise,5khz_f2_noise,2khz_f2_snr,3khz_f2_snr,4khz_f2_snr,5khz_f2_snr,2khz_f2_snr_result,3khz_f2_snr_result,4khz_f2_snr_result,5khz_f2_snr_result,sig_2khz,sig_3khz,sig_4khz,sig_5khz,noise_2khz,noise_3khz,noise_4khz,noise_5khz,snr_2khz,snr_3khz,snr_4khz,snr_5khz,2khz_result,3khz_result,4khz_result,5khz_result,test_result,test_complete,ambient_noise_2khz,ambient_noise_3khz,ambient_noise_4khz,ambient_noise_5khz,ambient_noise_result_2khz,ambient_noise_result_3khz,ambient_noise_result_4khz,ambient_noise_result_5khz,ambient_noise_result,tone_length,check_fit_val,check_fit_thresh
00,Name,right,5,,1557,2377,3196,4016,1900,2900,3900,4900,1214,1854,2492,3132,true,true,true,true,149.08015970660924,156.44106110135897,155.33951611653848,154.2761360572586,95.35658951292882,100.32150830820221,107.65300226118944,106.9307205523019,53.723570193680416,56.11955279315676,47.686513855349034,47.345415504956705,false,false,false,false,144.21387336406195,151.1775398684833,147.8838523197918,150.94733990540877,90.70848455688655,95.3030526865806,100.26401594056796,103.60049344691781,53.50538880717541,55.87448718190271,47.61983637922384,47.34684645849096,true,true,false,false,95.79064940764385,103.65260454842591,92.92572850381356,94.41082576742642,83.55431242862856,83.05925549597842,82.12740904872157,76.47089398488765,12.236336979015292,20.593349052447493,10.798319455091985,17.939931782538764,true,true,false,true,Pass,true,93.71544736599759,94.95256304651825,95.72984189962588,93.75998748090744,ok, ok, ok, ok, noise-pass,6,191,130