patient_id,user_id,ear,attempt_id,site,f1_2khz,f1_3khz,f1_4khz,f1_5khz,f2_2khz,f2_3khz,f2_4khz,f2_5khz,oae_2khz,oae_3khz,oae_4khz,oae_5khz,2khz_selected,3khz_selected,4khz_selected,5khz_selected,2khz_f1_sig,3khz_f1_sig,4khz_f1_sig,5khz_f1_sig,2khz_f1_noise,3khz_f1_noise,4khz_f1_noise,5khz_f1_noise,2khz_f1_snr,3khz_f1_snr,4khz_f1_snr,5khz_f1_snr,2khz_f1_snr_result,3khz_f1_snr_result,4khz_f1_snr_result,5khz_f1_snr_result,2khz_f2_sig,3khz_f2_sig,4khz_f2_sig,5khz_f2_sig,2khz_f2_noise,3khz_f2_noise,4khz_f2_noise,5khz_f2_noise,2khz_f2_snr,3khz_f2_snr,4khz_f2_snr,5khz_f2_snr,2khz_f2_snr_result,3khz_f2_snr_result,4khz_f2_snr_result,5khz_f2_snr_result,sig_2khz,sig_3khz,sig_4khz,sig_5khz,noise_2khz,noise_3khz,noise_4khz,noise_5khz,snr_2khz,snr_3khz,snr_4khz,snr_5khz,2khz_result,3khz_result,4khz_result,5khz_result,test_result,test_complete,ambient_noise_2khz,ambient_noise_3khz,ambient_noise_4khz,ambient_noise_5khz,ambient_noise_result_2khz,ambient_noise_result_3khz,ambient_noise_result_4khz,ambient_noise_result_5khz,ambient_noise_result,tone_length,check_fit_val,check_fit_thresh
0023,Name,left,4,,1557,2377,3196,4016,1900,2900,3900,4900,1214,1854,2492,3132,true,true,true,true,154.9135541322638,155.95701130771636,159.04268305146454,156.49920015348,113.72938723918482,93.75774057255447,94.80570812469367,92.57852332003645,41.184166893078995,62.19927073516189,64.23697492677087,63.92067683344354,false,true,true,true,144.05555332685938,157.22795116586713,152.4122147327395,152.93692694417064,103.26774520921008,94.35733138206729,87.82854855675359,89.17138813346803,40.787808117649305,62.87061978379984,64.58366617598591,63.76553881070261,false,true,true,true,101.93862119753541,90.89758618231157,80.08065079279105,78.14088490303979,93.18674674605978,85.0045589355033,75.99198546197849,68.9396099851846,8.75187445147563,5.893027246808273,4.08866533081256,9.201274917855187,true,false,false,false,Pass,true,105.93445980721741,102.20359528335449,95.65818179675084,95.2892891820941,ok, ok, ok, ok, noise-pass,6,292,130