patient_id,user_id,ear,attempt_id,site,f1_2khz,f1_3khz,f1_4khz,f1_5khz,f2_2khz,f2_3khz,f2_4khz,f2_5khz,oae_2khz,oae_3khz,oae_4khz,oae_5khz,2khz_selected,3khz_selected,4khz_selected,5khz_selected,2khz_f1_sig,3khz_f1_sig,4khz_f1_sig,5khz_f1_sig,2khz_f1_noise,3khz_f1_noise,4khz_f1_noise,5khz_f1_noise,2khz_f1_snr,3khz_f1_snr,4khz_f1_snr,5khz_f1_snr,2khz_f1_snr_result,3khz_f1_snr_result,4khz_f1_snr_result,5khz_f1_snr_result,2khz_f2_sig,3khz_f2_sig,4khz_f2_sig,5khz_f2_sig,2khz_f2_noise,3khz_f2_noise,4khz_f2_noise,5khz_f2_noise,2khz_f2_snr,3khz_f2_snr,4khz_f2_snr,5khz_f2_snr,2khz_f2_snr_result,3khz_f2_snr_result,4khz_f2_snr_result,5khz_f2_snr_result,sig_2khz,sig_3khz,sig_4khz,sig_5khz,noise_2khz,noise_3khz,noise_4khz,noise_5khz,snr_2khz,snr_3khz,snr_4khz,snr_5khz,2khz_result,3khz_result,4khz_result,5khz_result,test_result,test_complete,ambient_noise_2khz,ambient_noise_3khz,ambient_noise_4khz,ambient_noise_5khz,ambient_noise_result_2khz,ambient_noise_result_3khz,ambient_noise_result_4khz,ambient_noise_result_5khz,ambient_noise_result,tone_length,check_fit_val,check_fit_thresh
0027,Name,right,10,,1557,2377,3196,4016,1900,2900,3900,4900,1214,1854,2492,3132,true,true,true,true,162.56442497769572,162.65168445877262,158.40114671407432,159.96208537103308,120.20775571219156,92.96649607927314,104.45254050135198,82.35230610869021,42.356669265504166,69.68518837949948,53.94860621272234,77.60977926234287,false,true,false,true,152.0114966345895,160.50125065469686,151.2812758401613,157.31945446037636,121.47658585359139,89.65357297474328,97.55330057641834,81.32927085559643,30.534910780998104,70.84767767995358,53.72797526374296,75.99018360477993,false,true,true,true,116.2625675932955,104.97596486883529,94.77735089708789,87.63066659289613,115.64805966417852,100.76611799013048,89.33293705291142,84.29421332283925,0.6145079291169822,4.209846878704809,5.4444138441764665,3.3364532700568788,false,false,false,false,Refer,true,119.20245826496175,107.21790992477015,99.39471202260107,101.61789085719987,noisy, noisy, ok, ok, retry,6,151,130