patient_id,user_id,ear,attempt_id,site,f1_2khz,f1_3khz,f1_4khz,f1_5khz,f2_2khz,f2_3khz,f2_4khz,f2_5khz,oae_2khz,oae_3khz,oae_4khz,oae_5khz,2khz_selected,3khz_selected,4khz_selected,5khz_selected,2khz_f1_sig,3khz_f1_sig,4khz_f1_sig,5khz_f1_sig,2khz_f1_noise,3khz_f1_noise,4khz_f1_noise,5khz_f1_noise,2khz_f1_snr,3khz_f1_snr,4khz_f1_snr,5khz_f1_snr,2khz_f1_snr_result,3khz_f1_snr_result,4khz_f1_snr_result,5khz_f1_snr_result,2khz_f2_sig,3khz_f2_sig,4khz_f2_sig,5khz_f2_sig,2khz_f2_noise,3khz_f2_noise,4khz_f2_noise,5khz_f2_noise,2khz_f2_snr,3khz_f2_snr,4khz_f2_snr,5khz_f2_snr,2khz_f2_snr_result,3khz_f2_snr_result,4khz_f2_snr_result,5khz_f2_snr_result,sig_2khz,sig_3khz,sig_4khz,sig_5khz,noise_2khz,noise_3khz,noise_4khz,noise_5khz,snr_2khz,snr_3khz,snr_4khz,snr_5khz,2khz_result,3khz_result,4khz_result,5khz_result,test_result,test_complete,ambient_noise_2khz,ambient_noise_3khz,ambient_noise_4khz,ambient_noise_5khz,ambient_noise_result_2khz,ambient_noise_result_3khz,ambient_noise_result_4khz,ambient_noise_result_5khz,ambient_noise_result,tone_length,check_fit_val,check_fit_thresh
0008,EWG,right,2,KNH,1557,2377,3196,4016,1900,2900,3900,4900,1214,1854,2492,3132,true,true,true,true,163.25487390105235,161.69337204940572,159.40862245306636,153.9083596726954,87.89392455419345,84.50035888965962,78.48779897896274,85.51077551762269,75.3609493468589,77.1930131597461,80.92082347410361,68.39758415507272,true,true,true,true,148.3505805238314,158.08007573490335,149.0237247269277,154.88137876153579,77.61036679975103,81.36561365205337,69.69235582645483,86.59600206694846,70.74021372408038,76.71446208284998,79.33136890047287,68.28537669458733,true,true,true,true,101.25496490327154,94.72023646002704,96.96998728649666,91.79836177399338,80.80863122919864,85.3055830963143,70.73998875289844,62.84152020044467,20.446333674072903,9.414653363712745,26.22999853359822,28.956841573548708,true,true,true,true,Pass,true,91.9586139707412,96.26446074777371,91.331378723058,96.6420144131895,ok, ok, ok, ok, noise-pass,6,147,130