patient_id,user_id,ear,attempt_id,site,f1_2khz,f1_3khz,f1_4khz,f1_5khz,f2_2khz,f2_3khz,f2_4khz,f2_5khz,oae_2khz,oae_3khz,oae_4khz,oae_5khz,2khz_selected,3khz_selected,4khz_selected,5khz_selected,2khz_f1_sig,3khz_f1_sig,4khz_f1_sig,5khz_f1_sig,2khz_f1_noise,3khz_f1_noise,4khz_f1_noise,5khz_f1_noise,2khz_f1_snr,3khz_f1_snr,4khz_f1_snr,5khz_f1_snr,2khz_f1_snr_result,3khz_f1_snr_result,4khz_f1_snr_result,5khz_f1_snr_result,2khz_f2_sig,3khz_f2_sig,4khz_f2_sig,5khz_f2_sig,2khz_f2_noise,3khz_f2_noise,4khz_f2_noise,5khz_f2_noise,2khz_f2_snr,3khz_f2_snr,4khz_f2_snr,5khz_f2_snr,2khz_f2_snr_result,3khz_f2_snr_result,4khz_f2_snr_result,5khz_f2_snr_result,sig_2khz,sig_3khz,sig_4khz,sig_5khz,noise_2khz,noise_3khz,noise_4khz,noise_5khz,snr_2khz,snr_3khz,snr_4khz,snr_5khz,2khz_result,3khz_result,4khz_result,5khz_result,test_result,test_complete,ambient_noise_2khz,ambient_noise_3khz,ambient_noise_4khz,ambient_noise_5khz,ambient_noise_result_2khz,ambient_noise_result_3khz,ambient_noise_result_4khz,ambient_noise_result_5khz,ambient_noise_result,tone_length,check_fit_val,check_fit_thresh
00,Name,left,4,,1557,2377,3196,4016,1900,2900,3900,4900,1214,1854,2492,3132,true,true,true,true,162.36928958537902,163.61354461158598,159.34105049569806,157.97905348359782,84.95582150520143,81.13500750974393,78.35709929211075,82.71138252958212,77.4134680801776,82.47853710184205,80.98395120358731,75.2676709540157,true,true,true,true,154.95101875023093,161.45536242527274,151.20216296558328,153.45726843883168,79.32413998909999,79.11435034144415,73.79360168601106,76.79792378345562,75.62687876113094,82.34101208382859,77.40856127957223,76.65934465537606,true,true,true,true,93.83129127940262,89.11914344371029,77.5494629542857,83.51951076246883,76.77600642348303,73.08398512003126,73.47604942617251,78.66261815114544,17.055284855919595,16.035158323679028,4.073413528113193,4.856892611323389,true,true,false,false,Refer,true,84.61697218072443,84.01436405391506,90.47579635213573,95.72634814242275,ok, ok, ok, ok, noise-pass,6,165,130