patient_id,user_id,ear,attempt_id,site,f1_2khz,f1_3khz,f1_4khz,f1_5khz,f2_2khz,f2_3khz,f2_4khz,f2_5khz,oae_2khz,oae_3khz,oae_4khz,oae_5khz,2khz_selected,3khz_selected,4khz_selected,5khz_selected,2khz_f1_sig,3khz_f1_sig,4khz_f1_sig,5khz_f1_sig,2khz_f1_noise,3khz_f1_noise,4khz_f1_noise,5khz_f1_noise,2khz_f1_snr,3khz_f1_snr,4khz_f1_snr,5khz_f1_snr,2khz_f1_snr_result,3khz_f1_snr_result,4khz_f1_snr_result,5khz_f1_snr_result,2khz_f2_sig,3khz_f2_sig,4khz_f2_sig,5khz_f2_sig,2khz_f2_noise,3khz_f2_noise,4khz_f2_noise,5khz_f2_noise,2khz_f2_snr,3khz_f2_snr,4khz_f2_snr,5khz_f2_snr,2khz_f2_snr_result,3khz_f2_snr_result,4khz_f2_snr_result,5khz_f2_snr_result,sig_2khz,sig_3khz,sig_4khz,sig_5khz,noise_2khz,noise_3khz,noise_4khz,noise_5khz,snr_2khz,snr_3khz,snr_4khz,snr_5khz,2khz_result,3khz_result,4khz_result,5khz_result,test_result,test_complete,ambient_noise_2khz,ambient_noise_3khz,ambient_noise_4khz,ambient_noise_5khz,ambient_noise_result_2khz,ambient_noise_result_3khz,ambient_noise_result_4khz,ambient_noise_result_5khz,ambient_noise_result,tone_length,check_fit_val,check_fit_thresh
0020,Name,left,2,KNH,1557,2377,3196,4016,1900,2900,3900,4900,1214,1854,2492,3132,true,true,true,true,155.58611369079594,156.13315369310516,145.68210062189425,148.20333822178605,110.58202241249008,101.19235056380813,109.54677168217744,108.46659601441134,45.004091278305864,54.940803129297024,36.135328939716814,39.73674220737472,false,false,false,false,145.65783021269488,156.37293290000318,138.05054051690374,141.5712519082746,101.22913483371795,101.4397125068489,102.19870472852043,101.73281181876133,44.428695378976926,54.93322039315427,35.85183578838331,39.83844008951327,false,true,false,false,102.78367036945639,98.01962339805837,89.72565507220946,94.361765740431,93.23347915659797,83.65202153940744,83.92040331831508,83.37642668925405,9.550191212858422,14.367601858650929,5.805251753894382,10.98533905117695,true,true,false,true,Pass,true,102.31991332440599,103.98742045435438,108.0323535606059,101.49854627548416,ok, ok, ok, ok, noise-pass,6,307,130