patient_id,user_id,ear,attempt_id,site,f1_2khz,f1_3khz,f1_4khz,f1_5khz,f2_2khz,f2_3khz,f2_4khz,f2_5khz,oae_2khz,oae_3khz,oae_4khz,oae_5khz,2khz_selected,3khz_selected,4khz_selected,5khz_selected,2khz_f1_sig,3khz_f1_sig,4khz_f1_sig,5khz_f1_sig,2khz_f1_noise,3khz_f1_noise,4khz_f1_noise,5khz_f1_noise,2khz_f1_snr,3khz_f1_snr,4khz_f1_snr,5khz_f1_snr,2khz_f1_snr_result,3khz_f1_snr_result,4khz_f1_snr_result,5khz_f1_snr_result,2khz_f2_sig,3khz_f2_sig,4khz_f2_sig,5khz_f2_sig,2khz_f2_noise,3khz_f2_noise,4khz_f2_noise,5khz_f2_noise,2khz_f2_snr,3khz_f2_snr,4khz_f2_snr,5khz_f2_snr,2khz_f2_snr_result,3khz_f2_snr_result,4khz_f2_snr_result,5khz_f2_snr_result,sig_2khz,sig_3khz,sig_4khz,sig_5khz,noise_2khz,noise_3khz,noise_4khz,noise_5khz,snr_2khz,snr_3khz,snr_4khz,snr_5khz,2khz_result,3khz_result,4khz_result,5khz_result,test_result,test_complete,ambient_noise_2khz,ambient_noise_3khz,ambient_noise_4khz,ambient_noise_5khz,ambient_noise_result_2khz,ambient_noise_result_3khz,ambient_noise_result_4khz,ambient_noise_result_5khz,ambient_noise_result,tone_length,check_fit_val,check_fit_thresh
3,Name,right,1,,1557,2377,3196,4016,1900,2900,3900,4900,1214,1854,2492,3132,true,true,true,true,162.9527377653122,164.32949944059453,161.9234472216721,159.83086297430785,103.28034003294532,84.80808033855863,70.9694433349924,76.12554839097541,59.67239773236689,79.5214191020359,90.95400388667969,83.70531458333244,false,true,true,true,156.41146465107857,160.93887796170338,154.25628844610293,157.01452690358445,97.9779396803709,73.45841469224032,66.3659842720967,73.21401939368764,58.43352497070768,87.48046326946306,87.89030417400623,83.80050750989682,true,true,true,true,92.74861047868498,91.25082161577083,82.81441974743538,79.24209027249286,89.06999026405934,86.65106021680252,80.88580950199243,75.06786787903874,3.6786202146256386,4.599761398968312,1.928610245442954,4.174222393454116,false,false,false,false,Refer,true,95.7385362269808,88.43825643257719,91.91822701659237,97.11389271017445,ok, ok, ok, ok, noise-pass,6,69,130