patient_id,user_id,ear,attempt_id,site,f1_2khz,f1_3khz,f1_4khz,f1_5khz,f2_2khz,f2_3khz,f2_4khz,f2_5khz,oae_2khz,oae_3khz,oae_4khz,oae_5khz,2khz_selected,3khz_selected,4khz_selected,5khz_selected,2khz_f1_sig,3khz_f1_sig,4khz_f1_sig,5khz_f1_sig,2khz_f1_noise,3khz_f1_noise,4khz_f1_noise,5khz_f1_noise,2khz_f1_snr,3khz_f1_snr,4khz_f1_snr,5khz_f1_snr,2khz_f1_snr_result,3khz_f1_snr_result,4khz_f1_snr_result,5khz_f1_snr_result,2khz_f2_sig,3khz_f2_sig,4khz_f2_sig,5khz_f2_sig,2khz_f2_noise,3khz_f2_noise,4khz_f2_noise,5khz_f2_noise,2khz_f2_snr,3khz_f2_snr,4khz_f2_snr,5khz_f2_snr,2khz_f2_snr_result,3khz_f2_snr_result,4khz_f2_snr_result,5khz_f2_snr_result,sig_2khz,sig_3khz,sig_4khz,sig_5khz,noise_2khz,noise_3khz,noise_4khz,noise_5khz,snr_2khz,snr_3khz,snr_4khz,snr_5khz,2khz_result,3khz_result,4khz_result,5khz_result,test_result,test_complete,ambient_noise_2khz,ambient_noise_3khz,ambient_noise_4khz,ambient_noise_5khz,ambient_noise_result_2khz,ambient_noise_result_3khz,ambient_noise_result_4khz,ambient_noise_result_5khz,ambient_noise_result,tone_length,check_fit_val,check_fit_thresh
0009,EWG,left,1,KNH,1557,2377,3196,4016,1900,2900,3900,4900,1214,1854,2492,3132,true,true,true,true,161.69091824233783,159.1633287489186,157.64428869906178,142.36309047683008,96.58031620762094,73.70102402774806,79.25963038640225,67.99812306425142,65.11060203471689,85.46230472117053,78.38465831265952,74.36496741257866,true,true,true,true,145.7509654026232,156.90644868156778,144.4979509538143,143.47693998988044,78.59107946728744,72.23091755560498,72.96864552036917,66.6535282848414,67.15988593533575,84.6755311259628,71.52930543344513,76.82341170503904,true,true,true,true,75.70849043271542,70.04421463647489,66.69813715126013,75.07573338244462,73.57428186876848,62.38641192679641,63.50324243883045,71.53553304519092,2.1342085639469417,7.657802709678478,3.1948947124296794,3.540200337253708,false,true,false,false,Refer,true,84.36117206691189,84.21019600891483,91.8040750726103,92.92743240363565,ok, ok, ok, ok, noise-pass,6,344,130