patient_id,user_id,ear,attempt_id,site,f1_2khz,f1_3khz,f1_4khz,f1_5khz,f2_2khz,f2_3khz,f2_4khz,f2_5khz,oae_2khz,oae_3khz,oae_4khz,oae_5khz,2khz_selected,3khz_selected,4khz_selected,5khz_selected,2khz_f1_sig,3khz_f1_sig,4khz_f1_sig,5khz_f1_sig,2khz_f1_noise,3khz_f1_noise,4khz_f1_noise,5khz_f1_noise,2khz_f1_snr,3khz_f1_snr,4khz_f1_snr,5khz_f1_snr,2khz_f1_snr_result,3khz_f1_snr_result,4khz_f1_snr_result,5khz_f1_snr_result,2khz_f2_sig,3khz_f2_sig,4khz_f2_sig,5khz_f2_sig,2khz_f2_noise,3khz_f2_noise,4khz_f2_noise,5khz_f2_noise,2khz_f2_snr,3khz_f2_snr,4khz_f2_snr,5khz_f2_snr,2khz_f2_snr_result,3khz_f2_snr_result,4khz_f2_snr_result,5khz_f2_snr_result,sig_2khz,sig_3khz,sig_4khz,sig_5khz,noise_2khz,noise_3khz,noise_4khz,noise_5khz,snr_2khz,snr_3khz,snr_4khz,snr_5khz,2khz_result,3khz_result,4khz_result,5khz_result,test_result,test_complete,ambient_noise_2khz,ambient_noise_3khz,ambient_noise_4khz,ambient_noise_5khz,ambient_noise_result_2khz,ambient_noise_result_3khz,ambient_noise_result_4khz,ambient_noise_result_5khz,ambient_noise_result,tone_length,check_fit_val,check_fit_thresh
0018,Name,left,4,,1557,2377,3196,4016,1900,2900,3900,4900,1214,1854,2492,3132,true,true,true,true,154.29710627951528,161.7528220712444,160.42239665365253,158.70613042605257,101.05240320542066,86.96200099957764,86.68352800647267,84.9673780157945,53.244703074094616,74.79082107166676,73.73886864717986,73.73875241025807,false,true,true,true,144.15238497910863,160.41390125516642,151.48922492826392,154.5209753827179,92.9946706663771,86.46977551383215,87.7309468928479,79.06937291894297,51.15771431273153,73.94412574133428,63.758278035416026,75.45160246377492,true,true,true,true,106.99381532240275,98.63106106891624,91.25529797105209,88.6580133065747,101.65811567733815,91.81943241961791,88.88189359446025,76.25327896293345,5.335699645064608,6.811628649298328,2.373404376591836,12.404734343641252,false,true,false,true,Pass,true,108.10064826141412,104.58387242359633,110.8978950818916,98.68506537004146,ok, ok, ok, ok, noise-pass,6,254,130