patient_id,user_id,ear,attempt_id,site,f1_2khz,f1_3khz,f1_4khz,f1_5khz,f2_2khz,f2_3khz,f2_4khz,f2_5khz,oae_2khz,oae_3khz,oae_4khz,oae_5khz,2khz_selected,3khz_selected,4khz_selected,5khz_selected,2khz_f1_sig,3khz_f1_sig,4khz_f1_sig,5khz_f1_sig,2khz_f1_noise,3khz_f1_noise,4khz_f1_noise,5khz_f1_noise,2khz_f1_snr,3khz_f1_snr,4khz_f1_snr,5khz_f1_snr,2khz_f1_snr_result,3khz_f1_snr_result,4khz_f1_snr_result,5khz_f1_snr_result,2khz_f2_sig,3khz_f2_sig,4khz_f2_sig,5khz_f2_sig,2khz_f2_noise,3khz_f2_noise,4khz_f2_noise,5khz_f2_noise,2khz_f2_snr,3khz_f2_snr,4khz_f2_snr,5khz_f2_snr,2khz_f2_snr_result,3khz_f2_snr_result,4khz_f2_snr_result,5khz_f2_snr_result,sig_2khz,sig_3khz,sig_4khz,sig_5khz,noise_2khz,noise_3khz,noise_4khz,noise_5khz,snr_2khz,snr_3khz,snr_4khz,snr_5khz,2khz_result,3khz_result,4khz_result,5khz_result,test_result,test_complete,ambient_noise_2khz,ambient_noise_3khz,ambient_noise_4khz,ambient_noise_5khz,ambient_noise_result_2khz,ambient_noise_result_3khz,ambient_noise_result_4khz,ambient_noise_result_5khz,ambient_noise_result,tone_length,check_fit_val,check_fit_thresh
0019,Name,left,2,KNH,1557,2377,3196,4016,1900,2900,3900,4900,1214,1854,2492,3132,true,true,true,true,156.28349842494234,159.0419441717226,159.30497480879066,156.36852640218927,93.70183577731113,92.09721203826058,95.95378778073452,94.31564008493739,62.581662647631205,66.94473213346203,63.351187028056145,62.05288631725189,true,true,true,true,147.48715381637206,159.7781261555002,152.02331857798177,152.54134902743746,85.81993056549571,92.83030863671797,88.90989918536518,90.54468896504108,61.66722325087635,66.94781751878222,63.11341939261659,61.99666006239639,true,true,true,true,104.78784626184549,106.35298447269817,98.69793901242625,83.05383807902798,78.44628151785332,74.66105660730244,74.9885532618272,63.34689986092273,26.341564743992166,31.691927865395726,23.70938575059904,19.70693821810525,true,true,true,true,Pass,true,96.5445979725374,95.94306918261334,96.1322742435687,96.25968305779321,ok, ok, ok, ok, noise-pass,6,213,130