patient_id,user_id,ear,attempt_id,site,f1_2khz,f1_3khz,f1_4khz,f1_5khz,f2_2khz,f2_3khz,f2_4khz,f2_5khz,oae_2khz,oae_3khz,oae_4khz,oae_5khz,2khz_selected,3khz_selected,4khz_selected,5khz_selected,2khz_f1_sig,3khz_f1_sig,4khz_f1_sig,5khz_f1_sig,2khz_f1_noise,3khz_f1_noise,4khz_f1_noise,5khz_f1_noise,2khz_f1_snr,3khz_f1_snr,4khz_f1_snr,5khz_f1_snr,2khz_f1_snr_result,3khz_f1_snr_result,4khz_f1_snr_result,5khz_f1_snr_result,2khz_f2_sig,3khz_f2_sig,4khz_f2_sig,5khz_f2_sig,2khz_f2_noise,3khz_f2_noise,4khz_f2_noise,5khz_f2_noise,2khz_f2_snr,3khz_f2_snr,4khz_f2_snr,5khz_f2_snr,2khz_f2_snr_result,3khz_f2_snr_result,4khz_f2_snr_result,5khz_f2_snr_result,sig_2khz,sig_3khz,sig_4khz,sig_5khz,noise_2khz,noise_3khz,noise_4khz,noise_5khz,snr_2khz,snr_3khz,snr_4khz,snr_5khz,2khz_result,3khz_result,4khz_result,5khz_result,test_result,test_complete,ambient_noise_2khz,ambient_noise_3khz,ambient_noise_4khz,ambient_noise_5khz,ambient_noise_result_2khz,ambient_noise_result_3khz,ambient_noise_result_4khz,ambient_noise_result_5khz,ambient_noise_result,tone_length,check_fit_val,check_fit_thresh
020001,Name,left,2,Mathare,1557,2377,3196,4016,1900,2900,3900,4900,1214,1854,2492,3132,true,true,true,true,163.77020592381126,161.35508577642912,158.81131590134277,156.36149558077426,97.19701334055102,82.91220172829127,76.12729469845506,99.54210177304654,66.57319258326024,78.44288404813786,82.6840212028877,56.81939380772772,true,true,true,false,153.3423962284766,161.16957434240987,149.5269857753916,151.68217218403916,91.56861130945698,78.64022654622016,69.85331771620865,94.87706398076442,61.773784919019604,82.52934779618971,79.67366805918296,56.80510820327474,true,true,true,true,99.58485844212933,101.72869966168982,77.60340591391244,74.1313568659437,91.21464304664245,90.12700072037532,65.97662330675008,62.7650977819376,8.37021539548688,11.601698941314496,11.626782607162355,11.366259084006103,true,true,true,true,Pass,true,97.2837763260008,97.13714021548913,95.02934756405168,96.77569461707031,ok, ok, ok, ok, noise-pass,6,147,130