patient_id,user_id,ear,attempt_id,site,f1_2khz,f1_3khz,f1_4khz,f1_5khz,f2_2khz,f2_3khz,f2_4khz,f2_5khz,oae_2khz,oae_3khz,oae_4khz,oae_5khz,2khz_selected,3khz_selected,4khz_selected,5khz_selected,2khz_f1_sig,3khz_f1_sig,4khz_f1_sig,5khz_f1_sig,2khz_f1_noise,3khz_f1_noise,4khz_f1_noise,5khz_f1_noise,2khz_f1_snr,3khz_f1_snr,4khz_f1_snr,5khz_f1_snr,2khz_f1_snr_result,3khz_f1_snr_result,4khz_f1_snr_result,5khz_f1_snr_result,2khz_f2_sig,3khz_f2_sig,4khz_f2_sig,5khz_f2_sig,2khz_f2_noise,3khz_f2_noise,4khz_f2_noise,5khz_f2_noise,2khz_f2_snr,3khz_f2_snr,4khz_f2_snr,5khz_f2_snr,2khz_f2_snr_result,3khz_f2_snr_result,4khz_f2_snr_result,5khz_f2_snr_result,sig_2khz,sig_3khz,sig_4khz,sig_5khz,noise_2khz,noise_3khz,noise_4khz,noise_5khz,snr_2khz,snr_3khz,snr_4khz,snr_5khz,2khz_result,3khz_result,4khz_result,5khz_result,test_result,test_complete,ambient_noise_2khz,ambient_noise_3khz,ambient_noise_4khz,ambient_noise_5khz,ambient_noise_result_2khz,ambient_noise_result_3khz,ambient_noise_result_4khz,ambient_noise_result_5khz,ambient_noise_result,tone_length,check_fit_val,check_fit_thresh
0004,EWG,left,2,KNH,1557,2377,3196,4016,1900,2900,3900,4900,1214,1854,2492,3132,true,true,true,true,161.53625215885694,161.20264400421348,158.5720003547545,153.0460029048823,92.67836487204379,86.27728723838315,89.91779572781455,83.43517878116513,68.85788728681315,74.92535676583033,68.65420462693994,69.61082412371717,true,true,true,true,148.82093710644244,157.76309576199284,148.28373266304504,153.80960737904118,81.06305528942576,83.06065169758632,79.66853309350486,83.79828388739273,67.75788181701668,74.70244406440652,68.61519956954018,70.01132349164845,true,true,true,true,99.89938975705968,99.16375058556025,101.24987110071638,93.54289461723589,88.53675586515405,72.2760465027425,64.04603120402649,74.41119908296952,11.362633891905631,26.88770408281775,37.203839896689885,19.13169553426637,true,true,true,true,Pass,true,96.49815278720737,90.99629420157795,93.4048857384719,102.59620410107036,ok, ok, ok, ok, noise-pass,6,231,130