patient_id,user_id,ear,attempt_id,site,f1_2khz,f1_3khz,f1_4khz,f1_5khz,f2_2khz,f2_3khz,f2_4khz,f2_5khz,oae_2khz,oae_3khz,oae_4khz,oae_5khz,2khz_selected,3khz_selected,4khz_selected,5khz_selected,2khz_f1_sig,3khz_f1_sig,4khz_f1_sig,5khz_f1_sig,2khz_f1_noise,3khz_f1_noise,4khz_f1_noise,5khz_f1_noise,2khz_f1_snr,3khz_f1_snr,4khz_f1_snr,5khz_f1_snr,2khz_f1_snr_result,3khz_f1_snr_result,4khz_f1_snr_result,5khz_f1_snr_result,2khz_f2_sig,3khz_f2_sig,4khz_f2_sig,5khz_f2_sig,2khz_f2_noise,3khz_f2_noise,4khz_f2_noise,5khz_f2_noise,2khz_f2_snr,3khz_f2_snr,4khz_f2_snr,5khz_f2_snr,2khz_f2_snr_result,3khz_f2_snr_result,4khz_f2_snr_result,5khz_f2_snr_result,sig_2khz,sig_3khz,sig_4khz,sig_5khz,noise_2khz,noise_3khz,noise_4khz,noise_5khz,snr_2khz,snr_3khz,snr_4khz,snr_5khz,2khz_result,3khz_result,4khz_result,5khz_result,test_result,test_complete,ambient_noise_2khz,ambient_noise_3khz,ambient_noise_4khz,ambient_noise_5khz,ambient_noise_result_2khz,ambient_noise_result_3khz,ambient_noise_result_4khz,ambient_noise_result_5khz,ambient_noise_result,tone_length,check_fit_val,check_fit_thresh
0017,Name,left,1,KNH,1557,2377,3196,4016,1900,2900,3900,4900,1214,1854,2492,3132,true,true,true,true,159.29259041609674,159.5327388668792,160.93899401601038,161.4995092863722,98.72306714184367,90.71558441621085,106.71265129680401,89.11328728356145,60.56952327425307,68.81715445066837,54.22634271920637,72.38622200281074,true,true,false,true,147.13507875849228,160.3980661065744,155.45745725497528,151.43094538017345,83.85233163474895,89.3998818113821,103.15744786170146,84.24351237800317,63.282747123743334,70.99818429519229,52.300009393273825,67.18743300217028,true,true,true,true,100.26764854355389,98.35816866097068,97.21477613362951,84.27489522535517,76.83826038819407,74.13384539611909,91.29823139341528,73.02764158459992,23.429388155359817,24.22432326485159,5.916544740214235,11.247253640755247,true,true,false,true,Pass,true,91.1949304725117,89.31128265378176,103.99521759089049,95.57544359541173,ok, ok, ok, ok, noise-pass,6,289,130