patient_id,user_id,ear,attempt_id,site,f1_2khz,f1_3khz,f1_4khz,f1_5khz,f2_2khz,f2_3khz,f2_4khz,f2_5khz,oae_2khz,oae_3khz,oae_4khz,oae_5khz,2khz_selected,3khz_selected,4khz_selected,5khz_selected,2khz_f1_sig,3khz_f1_sig,4khz_f1_sig,5khz_f1_sig,2khz_f1_noise,3khz_f1_noise,4khz_f1_noise,5khz_f1_noise,2khz_f1_snr,3khz_f1_snr,4khz_f1_snr,5khz_f1_snr,2khz_f1_snr_result,3khz_f1_snr_result,4khz_f1_snr_result,5khz_f1_snr_result,2khz_f2_sig,3khz_f2_sig,4khz_f2_sig,5khz_f2_sig,2khz_f2_noise,3khz_f2_noise,4khz_f2_noise,5khz_f2_noise,2khz_f2_snr,3khz_f2_snr,4khz_f2_snr,5khz_f2_snr,2khz_f2_snr_result,3khz_f2_snr_result,4khz_f2_snr_result,5khz_f2_snr_result,sig_2khz,sig_3khz,sig_4khz,sig_5khz,noise_2khz,noise_3khz,noise_4khz,noise_5khz,snr_2khz,snr_3khz,snr_4khz,snr_5khz,2khz_result,3khz_result,4khz_result,5khz_result,test_result,test_complete,ambient_noise_2khz,ambient_noise_3khz,ambient_noise_4khz,ambient_noise_5khz,ambient_noise_result_2khz,ambient_noise_result_3khz,ambient_noise_result_4khz,ambient_noise_result_5khz,ambient_noise_result,tone_length,check_fit_val,check_fit_thresh
0,Name,right,2,,1557,2377,3196,4016,1900,2900,3900,4900,1214,1854,2492,3132,true,true,true,true,157.30685947533942,159.36584577023987,157.14156682198814,157.73241783557486,94.94658379387369,124.81046364673551,120.94178118766183,115.37390990700621,62.36027568146574,34.55538212350436,36.199785634326304,42.358507928568656,true,false,false,false,151.89777615729105,156.82016172069478,149.5836652792401,154.51323094387425,91.73063993754815,122.26595317584496,113.3949538882265,112.15526959483708,60.1671362197429,34.55420854484983,36.18871139101361,42.35796134903717,true,false,false,false,95.57098070262414,100.26265727536381,102.64547459783037,100.71148257428221,89.08471064519759,92.59407119351212,92.84980685845716,86.956836100389,6.486270057426552,7.668586081851686,9.795667739373215,13.754646473893217,true,true,false,true,Pass,true,100.47208957328792,103.71428166408579,103.07432343656295,99.82478781556709,ok, ok, ok, ok, noise-pass,6,204,130