patient_id,user_id,ear,attempt_id,site,f1_2khz,f1_3khz,f1_4khz,f1_5khz,f2_2khz,f2_3khz,f2_4khz,f2_5khz,oae_2khz,oae_3khz,oae_4khz,oae_5khz,2khz_selected,3khz_selected,4khz_selected,5khz_selected,2khz_f1_sig,3khz_f1_sig,4khz_f1_sig,5khz_f1_sig,2khz_f1_noise,3khz_f1_noise,4khz_f1_noise,5khz_f1_noise,2khz_f1_snr,3khz_f1_snr,4khz_f1_snr,5khz_f1_snr,2khz_f1_snr_result,3khz_f1_snr_result,4khz_f1_snr_result,5khz_f1_snr_result,2khz_f2_sig,3khz_f2_sig,4khz_f2_sig,5khz_f2_sig,2khz_f2_noise,3khz_f2_noise,4khz_f2_noise,5khz_f2_noise,2khz_f2_snr,3khz_f2_snr,4khz_f2_snr,5khz_f2_snr,2khz_f2_snr_result,3khz_f2_snr_result,4khz_f2_snr_result,5khz_f2_snr_result,sig_2khz,sig_3khz,sig_4khz,sig_5khz,noise_2khz,noise_3khz,noise_4khz,noise_5khz,snr_2khz,snr_3khz,snr_4khz,snr_5khz,2khz_result,3khz_result,4khz_result,5khz_result,test_result,test_complete,ambient_noise_2khz,ambient_noise_3khz,ambient_noise_4khz,ambient_noise_5khz,ambient_noise_result_2khz,ambient_noise_result_3khz,ambient_noise_result_4khz,ambient_noise_result_5khz,ambient_noise_result,tone_length,check_fit_val,check_fit_thresh
0001,EWG,left,1,KNH,1557,2377,3196,4016,1900,2900,3900,4900,1214,1854,2492,3132,true,true,true,true,160.01029105068628,157.6386781647791,149.14280498304305,153.59570104554643,94.44123387262212,89.17778561090417,119.45508068705061,85.5852481257889,65.56905717806416,68.46089255387493,29.68772429599244,68.01045291975754,true,true,false,true,148.03014703814455,159.14283923550389,140.1528815693978,154.18435550818228,82.3656891858974,90.70595896545879,110.87047158186195,87.30224138093503,65.66445785224715,68.4368802700451,29.282409987535857,66.88211412724725,true,true,false,true,81.16024200232039,74.64773369074759,96.2327970527943,67.87686307620783,75.54941693215515,70.22749245048334,87.98078779328077,65.08197333247273,5.610825070165234,4.420241240264247,8.252009259513528,2.794889743735098,false,false,false,false,Refer,true,91.24663618508762,92.14186285154534,107.32276720688853,93.3157259462502,ok, ok, ok, ok, noise-pass,6,308,130