patient_id,user_id,ear,attempt_id,site,f1_2khz,f1_3khz,f1_4khz,f1_5khz,f2_2khz,f2_3khz,f2_4khz,f2_5khz,oae_2khz,oae_3khz,oae_4khz,oae_5khz,2khz_selected,3khz_selected,4khz_selected,5khz_selected,2khz_f1_sig,3khz_f1_sig,4khz_f1_sig,5khz_f1_sig,2khz_f1_noise,3khz_f1_noise,4khz_f1_noise,5khz_f1_noise,2khz_f1_snr,3khz_f1_snr,4khz_f1_snr,5khz_f1_snr,2khz_f1_snr_result,3khz_f1_snr_result,4khz_f1_snr_result,5khz_f1_snr_result,2khz_f2_sig,3khz_f2_sig,4khz_f2_sig,5khz_f2_sig,2khz_f2_noise,3khz_f2_noise,4khz_f2_noise,5khz_f2_noise,2khz_f2_snr,3khz_f2_snr,4khz_f2_snr,5khz_f2_snr,2khz_f2_snr_result,3khz_f2_snr_result,4khz_f2_snr_result,5khz_f2_snr_result,sig_2khz,sig_3khz,sig_4khz,sig_5khz,noise_2khz,noise_3khz,noise_4khz,noise_5khz,snr_2khz,snr_3khz,snr_4khz,snr_5khz,2khz_result,3khz_result,4khz_result,5khz_result,test_result,test_complete,ambient_noise_2khz,ambient_noise_3khz,ambient_noise_4khz,ambient_noise_5khz,ambient_noise_result_2khz,ambient_noise_result_3khz,ambient_noise_result_4khz,ambient_noise_result_5khz,ambient_noise_result,tone_length,check_fit_val,check_fit_thresh
0027,Name,left,1,,1557,2377,3196,4016,1900,2900,3900,4900,1214,1854,2492,3132,true,true,true,true,159.59663503231116,152.44737132184773,158.16583779177262,153.2785177316364,110.04456445058567,99.9336346647744,97.64375467036552,107.28655310695346,49.55207058172549,52.51373665707332,60.52208312140709,45.99196462468295,false,false,true,false,151.09238876906434,152.1955798814222,150.96516109373633,150.0260736835892,101.30809592828543,99.61762201904017,90.6678541079266,103.98617770874208,49.78429284077892,52.57795786238202,60.297306985809726,46.03989597484713,false,true,true,false,101.77928712783176,92.54737357003086,93.75024126738182,89.76295480310151,95.1417252983289,90.89445611756574,78.8441826314535,88.06114018430917,6.6375618295028715,1.6529174524651182,14.906058635928318,1.7018146187923406,true,false,true,false,Refer,true,99.92011445710489,108.54858558603615,104.95822887495864,115.87353930317819,ok, ok, ok, ok, noise-pass,6,308,130