patient_id,user_id,ear,attempt_id,site,f1_2khz,f1_3khz,f1_4khz,f1_5khz,f2_2khz,f2_3khz,f2_4khz,f2_5khz,oae_2khz,oae_3khz,oae_4khz,oae_5khz,2khz_selected,3khz_selected,4khz_selected,5khz_selected,2khz_f1_sig,3khz_f1_sig,4khz_f1_sig,5khz_f1_sig,2khz_f1_noise,3khz_f1_noise,4khz_f1_noise,5khz_f1_noise,2khz_f1_snr,3khz_f1_snr,4khz_f1_snr,5khz_f1_snr,2khz_f1_snr_result,3khz_f1_snr_result,4khz_f1_snr_result,5khz_f1_snr_result,2khz_f2_sig,3khz_f2_sig,4khz_f2_sig,5khz_f2_sig,2khz_f2_noise,3khz_f2_noise,4khz_f2_noise,5khz_f2_noise,2khz_f2_snr,3khz_f2_snr,4khz_f2_snr,5khz_f2_snr,2khz_f2_snr_result,3khz_f2_snr_result,4khz_f2_snr_result,5khz_f2_snr_result,sig_2khz,sig_3khz,sig_4khz,sig_5khz,noise_2khz,noise_3khz,noise_4khz,noise_5khz,snr_2khz,snr_3khz,snr_4khz,snr_5khz,2khz_result,3khz_result,4khz_result,5khz_result,test_result,test_complete,ambient_noise_2khz,ambient_noise_3khz,ambient_noise_4khz,ambient_noise_5khz,ambient_noise_result_2khz,ambient_noise_result_3khz,ambient_noise_result_4khz,ambient_noise_result_5khz,ambient_noise_result,tone_length,check_fit_val,check_fit_thresh
9,Name,left,2,,1557,2377,3196,4016,1900,2900,3900,4900,1214,1854,2492,3132,true,true,true,true,154.95680175064103,163.09518627841553,161.20925195268828,159.3551850592699,95.80900405150132,87.73081430117907,88.66274479804572,81.58442529750575,59.147797699139716,75.36437197723646,72.54650715464255,77.77075976176415,false,true,true,true,147.76085767402182,160.19704922129307,153.53499031598517,156.5308613743083,89.6367561820722,79.68772220687013,82.85102535535331,79.92189215064285,58.12410149194962,80.50932701442294,70.68396496063185,76.60896922366545,true,true,true,true,99.14309785637457,103.8394119410846,102.44382796219685,91.00202781309326,86.83535075983431,89.10242357604872,98.94930228777936,81.79620471438972,12.307747096540254,14.736988365035884,3.4945256744174884,9.205823098703547,true,true,false,false,Pass,true,92.80579016677015,93.33056604202724,108.32790523052005,105.02759743823141,ok, ok, noisy, ok, retry,6,194,130