patient_id,user_id,ear,attempt_id,site,f1_2khz,f1_3khz,f1_4khz,f1_5khz,f2_2khz,f2_3khz,f2_4khz,f2_5khz,oae_2khz,oae_3khz,oae_4khz,oae_5khz,2khz_selected,3khz_selected,4khz_selected,5khz_selected,2khz_f1_sig,3khz_f1_sig,4khz_f1_sig,5khz_f1_sig,2khz_f1_noise,3khz_f1_noise,4khz_f1_noise,5khz_f1_noise,2khz_f1_snr,3khz_f1_snr,4khz_f1_snr,5khz_f1_snr,2khz_f1_snr_result,3khz_f1_snr_result,4khz_f1_snr_result,5khz_f1_snr_result,2khz_f2_sig,3khz_f2_sig,4khz_f2_sig,5khz_f2_sig,2khz_f2_noise,3khz_f2_noise,4khz_f2_noise,5khz_f2_noise,2khz_f2_snr,3khz_f2_snr,4khz_f2_snr,5khz_f2_snr,2khz_f2_snr_result,3khz_f2_snr_result,4khz_f2_snr_result,5khz_f2_snr_result,sig_2khz,sig_3khz,sig_4khz,sig_5khz,noise_2khz,noise_3khz,noise_4khz,noise_5khz,snr_2khz,snr_3khz,snr_4khz,snr_5khz,2khz_result,3khz_result,4khz_result,5khz_result,test_result,test_complete,ambient_noise_2khz,ambient_noise_3khz,ambient_noise_4khz,ambient_noise_5khz,ambient_noise_result_2khz,ambient_noise_result_3khz,ambient_noise_result_4khz,ambient_noise_result_5khz,ambient_noise_result,tone_length,check_fit_val,check_fit_thresh
0,Name,right,1,,1557,2377,3196,4016,1900,2900,3900,4900,1214,1854,2492,3132,true,true,true,true,163.8666566165515,163.43529595247392,161.52605683208893,159.41297638062832,107.9608431265755,101.06358950983415,90.79591317383624,81.32407282352395,55.905813489976,62.37170644263978,70.73014365825269,78.08890355710437,false,true,true,true,155.85184968027795,160.76622338578002,154.1031178601726,156.50894708246682,105.21007332165398,89.00309363099296,82.25458229412547,75.61076344114781,50.64177635862397,71.76312975478706,71.84853556604713,80.89818364131901,true,true,true,true,111.26834876949104,106.35765816229112,101.8592501014108,91.53619960529957,109.00753270415504,105.14741781247852,98.91344207469035,89.46373878545774,2.2608160653360017,1.2102403498125938,2.9458080267204423,2.0724608198418366,false,false,false,false,Refer,true,110.02447170846116,104.97164769910896,107.89359710363236,110.50833915582497,noisy, noisy, noisy, ok, retry,6,70,130