patient_id,user_id,ear,attempt_id,site,f1_2khz,f1_3khz,f1_4khz,f1_5khz,f2_2khz,f2_3khz,f2_4khz,f2_5khz,oae_2khz,oae_3khz,oae_4khz,oae_5khz,2khz_selected,3khz_selected,4khz_selected,5khz_selected,2khz_f1_sig,3khz_f1_sig,4khz_f1_sig,5khz_f1_sig,2khz_f1_noise,3khz_f1_noise,4khz_f1_noise,5khz_f1_noise,2khz_f1_snr,3khz_f1_snr,4khz_f1_snr,5khz_f1_snr,2khz_f1_snr_result,3khz_f1_snr_result,4khz_f1_snr_result,5khz_f1_snr_result,2khz_f2_sig,3khz_f2_sig,4khz_f2_sig,5khz_f2_sig,2khz_f2_noise,3khz_f2_noise,4khz_f2_noise,5khz_f2_noise,2khz_f2_snr,3khz_f2_snr,4khz_f2_snr,5khz_f2_snr,2khz_f2_snr_result,3khz_f2_snr_result,4khz_f2_snr_result,5khz_f2_snr_result,sig_2khz,sig_3khz,sig_4khz,sig_5khz,noise_2khz,noise_3khz,noise_4khz,noise_5khz,snr_2khz,snr_3khz,snr_4khz,snr_5khz,2khz_result,3khz_result,4khz_result,5khz_result,test_result,test_complete,ambient_noise_2khz,ambient_noise_3khz,ambient_noise_4khz,ambient_noise_5khz,ambient_noise_result_2khz,ambient_noise_result_3khz,ambient_noise_result_4khz,ambient_noise_result_5khz,ambient_noise_result,tone_length,check_fit_val,check_fit_thresh
0012,Name,left,3,KNH,1557,2377,3196,4016,1900,2900,3900,4900,1214,1854,2492,3132,true,true,true,true,159.4986908774403,154.47852244664898,157.14306533352809,156.59133659896224,97.8497017500432,96.35946367256231,95.92921208836222,96.22915546268096,61.648989127397115,58.11905877408667,61.213853245165865,60.36218113628128,true,false,true,true,147.79899188697928,155.23199302490826,149.1380878378914,152.66788993701357,92.15744084292298,97.05875865575226,88.18634107178306,92.68520979379619,55.6415510440563,58.173234369156006,60.95174676610833,59.98268014321738,true,true,true,true,108.98247874123798,100.68830090483067,94.88480872699304,99.57118106716447,95.44806744659014,79.47436429186436,77.10817918424063,69.83516212915384,13.534411294647839,21.213936612966307,17.776629542752417,29.73601893801063,true,true,true,true,Pass,true,104.96438669205472,108.31822595660267,105.66184204145002,99.65687222247232,ok, ok, ok, ok, noise-pass,6,291,130