patient_id,user_id,ear,attempt_id,site,f1_2khz,f1_3khz,f1_4khz,f1_5khz,f2_2khz,f2_3khz,f2_4khz,f2_5khz,oae_2khz,oae_3khz,oae_4khz,oae_5khz,2khz_selected,3khz_selected,4khz_selected,5khz_selected,2khz_f1_sig,3khz_f1_sig,4khz_f1_sig,5khz_f1_sig,2khz_f1_noise,3khz_f1_noise,4khz_f1_noise,5khz_f1_noise,2khz_f1_snr,3khz_f1_snr,4khz_f1_snr,5khz_f1_snr,2khz_f1_snr_result,3khz_f1_snr_result,4khz_f1_snr_result,5khz_f1_snr_result,2khz_f2_sig,3khz_f2_sig,4khz_f2_sig,5khz_f2_sig,2khz_f2_noise,3khz_f2_noise,4khz_f2_noise,5khz_f2_noise,2khz_f2_snr,3khz_f2_snr,4khz_f2_snr,5khz_f2_snr,2khz_f2_snr_result,3khz_f2_snr_result,4khz_f2_snr_result,5khz_f2_snr_result,sig_2khz,sig_3khz,sig_4khz,sig_5khz,noise_2khz,noise_3khz,noise_4khz,noise_5khz,snr_2khz,snr_3khz,snr_4khz,snr_5khz,2khz_result,3khz_result,4khz_result,5khz_result,test_result,test_complete,ambient_noise_2khz,ambient_noise_3khz,ambient_noise_4khz,ambient_noise_5khz,ambient_noise_result_2khz,ambient_noise_result_3khz,ambient_noise_result_4khz,ambient_noise_result_5khz,ambient_noise_result,tone_length,check_fit_val,check_fit_thresh
0005,EWG,right,3,KNH,1557,2377,3196,4016,1900,2900,3900,4900,1214,1854,2492,3132,true,true,true,true,142.21786163579463,156.4809492757927,158.8986388482125,154.12098432768755,67.03522659287368,115.47785236560593,88.83417397169086,85.91062355014014,75.18263504292095,41.003096910186784,70.06446487652164,68.21036077754741,true,false,true,true,130.62412765666886,157.98948737805364,148.36929976476287,153.41294193301943,56.5557700370408,115.5493889506439,81.07241313189711,86.06062786071924,74.06835761962806,42.44009842740974,67.29688663286576,67.35231407230019,true,false,true,true,59.93166766444879,87.53639923090844,65.9519614516463,70.46727451871384,58.062966429607805,87.06730293635316,64.0483052187483,69.08963242492916,1.8687012348409837,0.46909629455528545,1.9036562328980011,1.3776420937846723,false,false,false,false,Refer,true,71.31601146054369,108.38572058719794,96.21670835467481,96.8062135616135,ok, ok, ok, ok, noise-pass,6,262,130