patient_id,user_id,ear,attempt_id,site,f1_2khz,f1_3khz,f1_4khz,f1_5khz,f2_2khz,f2_3khz,f2_4khz,f2_5khz,oae_2khz,oae_3khz,oae_4khz,oae_5khz,2khz_selected,3khz_selected,4khz_selected,5khz_selected,2khz_f1_sig,3khz_f1_sig,4khz_f1_sig,5khz_f1_sig,2khz_f1_noise,3khz_f1_noise,4khz_f1_noise,5khz_f1_noise,2khz_f1_snr,3khz_f1_snr,4khz_f1_snr,5khz_f1_snr,2khz_f1_snr_result,3khz_f1_snr_result,4khz_f1_snr_result,5khz_f1_snr_result,2khz_f2_sig,3khz_f2_sig,4khz_f2_sig,5khz_f2_sig,2khz_f2_noise,3khz_f2_noise,4khz_f2_noise,5khz_f2_noise,2khz_f2_snr,3khz_f2_snr,4khz_f2_snr,5khz_f2_snr,2khz_f2_snr_result,3khz_f2_snr_result,4khz_f2_snr_result,5khz_f2_snr_result,sig_2khz,sig_3khz,sig_4khz,sig_5khz,noise_2khz,noise_3khz,noise_4khz,noise_5khz,snr_2khz,snr_3khz,snr_4khz,snr_5khz,2khz_result,3khz_result,4khz_result,5khz_result,test_result,test_complete,ambient_noise_2khz,ambient_noise_3khz,ambient_noise_4khz,ambient_noise_5khz,ambient_noise_result_2khz,ambient_noise_result_3khz,ambient_noise_result_4khz,ambient_noise_result_5khz,ambient_noise_result,tone_length,check_fit_val,check_fit_thresh
0008,EWG,right,1,KNH,1557,2377,3196,4016,1900,2900,3900,4900,1214,1854,2492,3132,true,true,true,true,160.1685308894977,159.21188755109623,157.54306180476019,150.66864043847752,105.99128359778886,91.59351332793456,90.1484765938517,96.23630501930563,54.17724729170884,67.61837422316167,67.39458521090849,54.43233541917189,false,true,true,false,144.26940775552643,157.18109704566913,143.24847555543815,152.01454670456877,90.46591073657271,89.75684314120855,75.8655298262967,97.29172623367634,53.80349701895372,67.42425390446058,67.38294572914145,54.72282047089243,true,true,true,true,88.97494563733866,69.38235904871567,70.63067634285983,93.1267962405746,82.38983561138689,65.80179936541296,63.288808092029214,79.87474139650249,6.585110025951778,3.5805596833027096,7.341868250830615,13.25205484407212,true,false,false,true,Refer,true,88.51969044619332,87.71882796498514,88.72915815360119,105.5282669617078,ok, ok, ok, ok, noise-pass,6,370,130