patient_id,user_id,ear,attempt_id,site,f1_2khz,f1_3khz,f1_4khz,f1_5khz,f2_2khz,f2_3khz,f2_4khz,f2_5khz,oae_2khz,oae_3khz,oae_4khz,oae_5khz,2khz_selected,3khz_selected,4khz_selected,5khz_selected,2khz_f1_sig,3khz_f1_sig,4khz_f1_sig,5khz_f1_sig,2khz_f1_noise,3khz_f1_noise,4khz_f1_noise,5khz_f1_noise,2khz_f1_snr,3khz_f1_snr,4khz_f1_snr,5khz_f1_snr,2khz_f1_snr_result,3khz_f1_snr_result,4khz_f1_snr_result,5khz_f1_snr_result,2khz_f2_sig,3khz_f2_sig,4khz_f2_sig,5khz_f2_sig,2khz_f2_noise,3khz_f2_noise,4khz_f2_noise,5khz_f2_noise,2khz_f2_snr,3khz_f2_snr,4khz_f2_snr,5khz_f2_snr,2khz_f2_snr_result,3khz_f2_snr_result,4khz_f2_snr_result,5khz_f2_snr_result,sig_2khz,sig_3khz,sig_4khz,sig_5khz,noise_2khz,noise_3khz,noise_4khz,noise_5khz,snr_2khz,snr_3khz,snr_4khz,snr_5khz,2khz_result,3khz_result,4khz_result,5khz_result,test_result,test_complete,ambient_noise_2khz,ambient_noise_3khz,ambient_noise_4khz,ambient_noise_5khz,ambient_noise_result_2khz,ambient_noise_result_3khz,ambient_noise_result_4khz,ambient_noise_result_5khz,ambient_noise_result,tone_length,check_fit_val,check_fit_thresh
0027,Name,right,8,,1557,2377,3196,4016,1900,2900,3900,4900,1214,1854,2492,3132,true,true,true,true,160.65097821833078,156.57647919842788,156.30070383338938,153.08785302131258,85.52980802976026,85.36788844512657,93.18969287069001,91.11894022966968,75.12117018857052,71.20859075330131,63.11101096269937,61.96891279164291,true,true,true,true,148.5569267943795,157.42308171831115,148.58793409535753,151.5393112960851,77.68661912024213,89.00828673106363,87.18785447593191,89.66860720998326,70.87030767413738,68.41479498724752,61.40007961942561,61.870704086101824,true,true,true,true,88.1771573366204,85.7015841150372,83.1502470489991,87.41036733262646,82.75118205077396,85.04752330012869,83.07868966568273,87.12417414738897,5.425975285846434,0.6540608149085188,0.07155738331637451,0.2861931852374937,false,false,false,false,Refer,true,99.69622051625379,105.25857448937397,103.71027352577393,114.99797345818844,ok, ok, ok, ok, noise-pass,6,261,130