patient_id,user_id,ear,attempt_id,site,f1_2khz,f1_3khz,f1_4khz,f1_5khz,f2_2khz,f2_3khz,f2_4khz,f2_5khz,oae_2khz,oae_3khz,oae_4khz,oae_5khz,2khz_selected,3khz_selected,4khz_selected,5khz_selected,2khz_f1_sig,3khz_f1_sig,4khz_f1_sig,5khz_f1_sig,2khz_f1_noise,3khz_f1_noise,4khz_f1_noise,5khz_f1_noise,2khz_f1_snr,3khz_f1_snr,4khz_f1_snr,5khz_f1_snr,2khz_f1_snr_result,3khz_f1_snr_result,4khz_f1_snr_result,5khz_f1_snr_result,2khz_f2_sig,3khz_f2_sig,4khz_f2_sig,5khz_f2_sig,2khz_f2_noise,3khz_f2_noise,4khz_f2_noise,5khz_f2_noise,2khz_f2_snr,3khz_f2_snr,4khz_f2_snr,5khz_f2_snr,2khz_f2_snr_result,3khz_f2_snr_result,4khz_f2_snr_result,5khz_f2_snr_result,sig_2khz,sig_3khz,sig_4khz,sig_5khz,noise_2khz,noise_3khz,noise_4khz,noise_5khz,snr_2khz,snr_3khz,snr_4khz,snr_5khz,2khz_result,3khz_result,4khz_result,5khz_result,test_result,test_complete,ambient_noise_2khz,ambient_noise_3khz,ambient_noise_4khz,ambient_noise_5khz,ambient_noise_result_2khz,ambient_noise_result_3khz,ambient_noise_result_4khz,ambient_noise_result_5khz,ambient_noise_result,tone_length,check_fit_val,check_fit_thresh
0007,EWG,left,2,KNH,1557,2377,3196,4016,1900,2900,3900,4900,1214,1854,2492,3132,true,true,true,true,162.7387551767549,158.16859750040032,159.04368376344283,156.2327967892137,102.46203009843137,94.99688506801897,93.7294186161226,98.5625761427488,60.27672507832352,63.171712432381355,65.31426514732023,57.6702206464649,true,true,true,false,149.9948192051926,159.63320158628895,149.43382557640004,154.05057901893196,87.15034326278784,93.35897877346605,88.39901640992814,85.96127367745446,62.84447594240477,66.2742228128229,61.0348091664719,68.0893053414775,true,true,true,true,88.89430858653144,84.99606831843528,84.63086136767748,64.44829238212995,85.68025969290994,78.2378697788474,84.47780078919068,62.90411200109169,3.214048893621495,6.75819853958788,0.15306057848680155,1.5441803810382595,false,true,false,false,Refer,true,96.15091470031913,93.65973767542606,100.4335644934057,96.91151213245064,ok, ok, ok, ok, noise-pass,6,160,130