patient_id,user_id,ear,attempt_id,site,f1_2khz,f1_3khz,f1_4khz,f1_5khz,f2_2khz,f2_3khz,f2_4khz,f2_5khz,oae_2khz,oae_3khz,oae_4khz,oae_5khz,2khz_selected,3khz_selected,4khz_selected,5khz_selected,2khz_f1_sig,3khz_f1_sig,4khz_f1_sig,5khz_f1_sig,2khz_f1_noise,3khz_f1_noise,4khz_f1_noise,5khz_f1_noise,2khz_f1_snr,3khz_f1_snr,4khz_f1_snr,5khz_f1_snr,2khz_f1_snr_result,3khz_f1_snr_result,4khz_f1_snr_result,5khz_f1_snr_result,2khz_f2_sig,3khz_f2_sig,4khz_f2_sig,5khz_f2_sig,2khz_f2_noise,3khz_f2_noise,4khz_f2_noise,5khz_f2_noise,2khz_f2_snr,3khz_f2_snr,4khz_f2_snr,5khz_f2_snr,2khz_f2_snr_result,3khz_f2_snr_result,4khz_f2_snr_result,5khz_f2_snr_result,sig_2khz,sig_3khz,sig_4khz,sig_5khz,noise_2khz,noise_3khz,noise_4khz,noise_5khz,snr_2khz,snr_3khz,snr_4khz,snr_5khz,2khz_result,3khz_result,4khz_result,5khz_result,test_result,test_complete,ambient_noise_2khz,ambient_noise_3khz,ambient_noise_4khz,ambient_noise_5khz,ambient_noise_result_2khz,ambient_noise_result_3khz,ambient_noise_result_4khz,ambient_noise_result_5khz,ambient_noise_result,tone_length,check_fit_val,check_fit_thresh
0009,EWG,right,1,KNH,1557,2377,3196,4016,1900,2900,3900,4900,1214,1854,2492,3132,true,true,true,true,159.8820362685449,159.7616471854271,157.54255041962324,153.30548454569265,85.98150747944244,80.63974298682531,82.87400342379847,88.83568259042512,73.90052878910247,79.1219041986018,74.66854699582477,64.46980195526753,true,true,true,true,144.52306911023786,157.0585877236425,147.49659402873684,154.057419961336,71.97563568357003,78.42657178540465,74.61528687494287,89.88696231830215,72.54743342666782,78.63201593823784,72.88130715379397,64.17045764303384,true,true,true,true,103.91940361972688,102.76497761663416,71.41712232864849,90.78633691864482,72.5538115955043,64.2062215061044,66.2161310728988,71.76482267543696,31.36559202422258,38.55875611052976,5.200991255749685,19.02151424320786,true,true,false,true,Pass,true,89.8970173711085,89.99644202248803,93.22252687237597,104.09096637264905,ok, ok, ok, ok, noise-pass,6,269,130