patient_id,user_id,ear,attempt_id,site,f1_2khz,f1_3khz,f1_4khz,f1_5khz,f2_2khz,f2_3khz,f2_4khz,f2_5khz,oae_2khz,oae_3khz,oae_4khz,oae_5khz,2khz_selected,3khz_selected,4khz_selected,5khz_selected,2khz_f1_sig,3khz_f1_sig,4khz_f1_sig,5khz_f1_sig,2khz_f1_noise,3khz_f1_noise,4khz_f1_noise,5khz_f1_noise,2khz_f1_snr,3khz_f1_snr,4khz_f1_snr,5khz_f1_snr,2khz_f1_snr_result,3khz_f1_snr_result,4khz_f1_snr_result,5khz_f1_snr_result,2khz_f2_sig,3khz_f2_sig,4khz_f2_sig,5khz_f2_sig,2khz_f2_noise,3khz_f2_noise,4khz_f2_noise,5khz_f2_noise,2khz_f2_snr,3khz_f2_snr,4khz_f2_snr,5khz_f2_snr,2khz_f2_snr_result,3khz_f2_snr_result,4khz_f2_snr_result,5khz_f2_snr_result,sig_2khz,sig_3khz,sig_4khz,sig_5khz,noise_2khz,noise_3khz,noise_4khz,noise_5khz,snr_2khz,snr_3khz,snr_4khz,snr_5khz,2khz_result,3khz_result,4khz_result,5khz_result,test_result,test_complete,ambient_noise_2khz,ambient_noise_3khz,ambient_noise_4khz,ambient_noise_5khz,ambient_noise_result_2khz,ambient_noise_result_3khz,ambient_noise_result_4khz,ambient_noise_result_5khz,ambient_noise_result,tone_length,check_fit_val,check_fit_thresh
2,Name,left,1,,1557,2377,3196,4016,1900,2900,3900,4900,1214,1854,2492,3132,true,true,true,true,157.76944413395452,162.389051974277,160.52020103419636,158.84500334553567,81.43310894744077,82.93809987959571,79.35348707576955,81.18857774745635,76.33633518651375,79.4509520946813,81.16671395842681,77.65642559807932,true,true,true,true,151.9110542997781,159.15285971734346,153.00975556671486,156.35199719535655,76.33541503265151,79.79001600060828,72.31287631175753,78.78768463652496,75.57563926712659,79.36284371673518,80.69687925495732,77.56431255883159,true,true,true,true,105.1178347842079,99.29646734236476,74.76899530440814,79.45958403048488,70.02134201662663,65.87045373479873,64.92566663629341,57.290312725525744,35.09649276758127,33.426013607566034,9.843328668114722,22.169271304959132,true,true,false,true,Pass,true,82.91670301440983,80.16991776180367,89.18505724639125,83.95107888918331,ok, ok, ok, ok, noise-pass,6,212,130