patient_id,user_id,ear,attempt_id,site,f1_2khz,f1_3khz,f1_4khz,f1_5khz,f2_2khz,f2_3khz,f2_4khz,f2_5khz,oae_2khz,oae_3khz,oae_4khz,oae_5khz,2khz_selected,3khz_selected,4khz_selected,5khz_selected,2khz_f1_sig,3khz_f1_sig,4khz_f1_sig,5khz_f1_sig,2khz_f1_noise,3khz_f1_noise,4khz_f1_noise,5khz_f1_noise,2khz_f1_snr,3khz_f1_snr,4khz_f1_snr,5khz_f1_snr,2khz_f1_snr_result,3khz_f1_snr_result,4khz_f1_snr_result,5khz_f1_snr_result,2khz_f2_sig,3khz_f2_sig,4khz_f2_sig,5khz_f2_sig,2khz_f2_noise,3khz_f2_noise,4khz_f2_noise,5khz_f2_noise,2khz_f2_snr,3khz_f2_snr,4khz_f2_snr,5khz_f2_snr,2khz_f2_snr_result,3khz_f2_snr_result,4khz_f2_snr_result,5khz_f2_snr_result,sig_2khz,sig_3khz,sig_4khz,sig_5khz,noise_2khz,noise_3khz,noise_4khz,noise_5khz,snr_2khz,snr_3khz,snr_4khz,snr_5khz,2khz_result,3khz_result,4khz_result,5khz_result,test_result,test_complete,ambient_noise_2khz,ambient_noise_3khz,ambient_noise_4khz,ambient_noise_5khz,ambient_noise_result_2khz,ambient_noise_result_3khz,ambient_noise_result_4khz,ambient_noise_result_5khz,ambient_noise_result,tone_length,check_fit_val,check_fit_thresh
020001,Name,left,2,,1557,2377,3196,4016,1900,2900,3900,4900,1214,1854,2492,3132,true,true,true,true,164.82738961911218,159.21568509586996,153.30194577551745,155.61615781460748,104.17106106846845,102.70080884433327,95.8871767448221,98.55198890859478,60.656328550643735,56.51487625153669,57.41476903069535,57.064168906012696,true,false,false,false,153.51006708445342,159.48912122002673,145.36042047094227,150.78247875030945,93.9577794378002,102.78900614280653,88.13958688081433,93.6473738752833,59.55228764665323,56.700115077220204,57.22083359012794,57.13510487502616,true,true,true,true,92.65113744726607,80.78418432304595,79.1180015917825,72.20637997787733,91.38575621788128,75.79907567237028,70.12785057402819,67.83934232451153,1.2653812293847864,4.98510865067567,8.990151017754314,4.367037653365799,false,false,false,false,Refer,true,99.40903849691621,107.13297017462705,102.13502961040818,96.24278870211019,ok, ok, ok, ok, noise-pass,6,199,130