patient_id,user_id,ear,attempt_id,site,f1_2khz,f1_3khz,f1_4khz,f1_5khz,f2_2khz,f2_3khz,f2_4khz,f2_5khz,oae_2khz,oae_3khz,oae_4khz,oae_5khz,2khz_selected,3khz_selected,4khz_selected,5khz_selected,2khz_f1_sig,3khz_f1_sig,4khz_f1_sig,5khz_f1_sig,2khz_f1_noise,3khz_f1_noise,4khz_f1_noise,5khz_f1_noise,2khz_f1_snr,3khz_f1_snr,4khz_f1_snr,5khz_f1_snr,2khz_f1_snr_result,3khz_f1_snr_result,4khz_f1_snr_result,5khz_f1_snr_result,2khz_f2_sig,3khz_f2_sig,4khz_f2_sig,5khz_f2_sig,2khz_f2_noise,3khz_f2_noise,4khz_f2_noise,5khz_f2_noise,2khz_f2_snr,3khz_f2_snr,4khz_f2_snr,5khz_f2_snr,2khz_f2_snr_result,3khz_f2_snr_result,4khz_f2_snr_result,5khz_f2_snr_result,sig_2khz,sig_3khz,sig_4khz,sig_5khz,noise_2khz,noise_3khz,noise_4khz,noise_5khz,snr_2khz,snr_3khz,snr_4khz,snr_5khz,2khz_result,3khz_result,4khz_result,5khz_result,test_result,test_complete,ambient_noise_2khz,ambient_noise_3khz,ambient_noise_4khz,ambient_noise_5khz,ambient_noise_result_2khz,ambient_noise_result_3khz,ambient_noise_result_4khz,ambient_noise_result_5khz,ambient_noise_result,tone_length,check_fit_val,check_fit_thresh
0001,EWG,right,1,KNH,1557,2377,3196,4016,1900,2900,3900,4900,1214,1854,2492,3132,true,true,true,true,160.20265329461228,157.92257141702834,158.6717880356063,151.71433293083732,99.14173993668325,87.83422066736563,95.26653167045133,84.3984908027382,61.060913357929024,70.08835074966271,63.40525636515498,67.31584212809912,true,true,true,true,146.176041149896,154.62848753654015,147.80966764705752,149.83929287407642,84.69622652202165,84.43165681200338,84.59533839207236,82.01598755717367,61.47981462787436,70.19683072453677,63.21432925498516,67.82330531690275,true,true,true,true,99.33560478715611,94.63602962186022,75.99475443010047,68.08008337784685,75.37023116679,76.91096458687278,63.605298726366975,61.7185781731375,23.96537362036611,17.725065034987438,12.389455703733496,6.361505204709346,true,true,true,false,Pass,true,92.28862072375085,103.56483184858611,98.73321454390917,95.94132665117009,ok, ok, ok, ok, noise-pass,6,171,130