patient_id,user_id,ear,attempt_id,site,f1_2khz,f1_3khz,f1_4khz,f1_5khz,f2_2khz,f2_3khz,f2_4khz,f2_5khz,oae_2khz,oae_3khz,oae_4khz,oae_5khz,2khz_selected,3khz_selected,4khz_selected,5khz_selected,2khz_f1_sig,3khz_f1_sig,4khz_f1_sig,5khz_f1_sig,2khz_f1_noise,3khz_f1_noise,4khz_f1_noise,5khz_f1_noise,2khz_f1_snr,3khz_f1_snr,4khz_f1_snr,5khz_f1_snr,2khz_f1_snr_result,3khz_f1_snr_result,4khz_f1_snr_result,5khz_f1_snr_result,2khz_f2_sig,3khz_f2_sig,4khz_f2_sig,5khz_f2_sig,2khz_f2_noise,3khz_f2_noise,4khz_f2_noise,5khz_f2_noise,2khz_f2_snr,3khz_f2_snr,4khz_f2_snr,5khz_f2_snr,2khz_f2_snr_result,3khz_f2_snr_result,4khz_f2_snr_result,5khz_f2_snr_result,sig_2khz,sig_3khz,sig_4khz,sig_5khz,noise_2khz,noise_3khz,noise_4khz,noise_5khz,snr_2khz,snr_3khz,snr_4khz,snr_5khz,2khz_result,3khz_result,4khz_result,5khz_result,test_result,test_complete,ambient_noise_2khz,ambient_noise_3khz,ambient_noise_4khz,ambient_noise_5khz,ambient_noise_result_2khz,ambient_noise_result_3khz,ambient_noise_result_4khz,ambient_noise_result_5khz,ambient_noise_result,tone_length,check_fit_val,check_fit_thresh
1,Name,right,2,,1557,2377,3196,4016,1900,2900,3900,4900,1214,1854,2492,3132,true,true,true,true,162.83313608053123,164.4110351501755,159.82827879967238,155.60568293364508,89.52992847008574,75.8070256426287,72.5337448102793,68.52451462723644,73.3032076104455,88.6040095075468,87.29453398939307,87.08116830640864,true,true,true,true,153.05641177343134,158.21645404034018,150.54440851549114,156.54161397956096,80.6301336834048,70.07585294892314,64.73203811559293,69.87743913085235,72.42627809002654,88.14060109141704,85.81237039989821,86.66417484870861,true,true,true,true,100.97338461300174,102.46034830769618,64.82631712799642,71.54000507394446,77.22428209019805,71.14600946643401,60.281650022615835,53.91920764464952,23.749102522803696,31.31433884126217,4.544667105380583,17.62079742929494,true,true,false,true,Pass,true,87.11047315359231,83.5313430250061,85.36755524349451,86.12739216478049,ok, ok, ok, ok, noise-pass,6,170,130