patient_id,user_id,ear,attempt_id,site,f1_2khz,f1_3khz,f1_4khz,f1_5khz,f2_2khz,f2_3khz,f2_4khz,f2_5khz,oae_2khz,oae_3khz,oae_4khz,oae_5khz,2khz_selected,3khz_selected,4khz_selected,5khz_selected,2khz_f1_sig,3khz_f1_sig,4khz_f1_sig,5khz_f1_sig,2khz_f1_noise,3khz_f1_noise,4khz_f1_noise,5khz_f1_noise,2khz_f1_snr,3khz_f1_snr,4khz_f1_snr,5khz_f1_snr,2khz_f1_snr_result,3khz_f1_snr_result,4khz_f1_snr_result,5khz_f1_snr_result,2khz_f2_sig,3khz_f2_sig,4khz_f2_sig,5khz_f2_sig,2khz_f2_noise,3khz_f2_noise,4khz_f2_noise,5khz_f2_noise,2khz_f2_snr,3khz_f2_snr,4khz_f2_snr,5khz_f2_snr,2khz_f2_snr_result,3khz_f2_snr_result,4khz_f2_snr_result,5khz_f2_snr_result,sig_2khz,sig_3khz,sig_4khz,sig_5khz,noise_2khz,noise_3khz,noise_4khz,noise_5khz,snr_2khz,snr_3khz,snr_4khz,snr_5khz,2khz_result,3khz_result,4khz_result,5khz_result,test_result,test_complete,ambient_noise_2khz,ambient_noise_3khz,ambient_noise_4khz,ambient_noise_5khz,ambient_noise_result_2khz,ambient_noise_result_3khz,ambient_noise_result_4khz,ambient_noise_result_5khz,ambient_noise_result,tone_length,check_fit_val,check_fit_thresh
0003,EWG,left,2,KNH,1557,2377,3196,4016,1900,2900,3900,4900,1214,1854,2492,3132,true,true,true,true,159.19657145481116,158.77987846531616,155.5883219351075,149.88509868865125,95.91467425627677,91.91394093144189,99.59554573300595,99.84449539631774,63.281897198534395,66.86593753387427,55.99277620210155,50.040603292333515,true,true,false,false,142.9429522293393,156.21040760381183,146.37480475937156,150.90776328855358,91.59273887468976,91.22511090615241,83.57788818832054,94.60688703783063,51.350213354649554,64.98529669765942,62.796916571051014,56.30087625072295,true,true,true,true,98.62281995444374,76.25539585225943,70.02156392665363,84.93199085351223,96.67000524915832,74.62199089758501,68.37416367430242,82.8277984111299,1.9528147052854194,1.6334049546744183,1.6474002523512041,2.1041924423823275,false,false,false,false,Refer,true,104.00274082984592,97.85988673092001,93.41657409964135,114.12217243707742,ok, ok, ok, ok, noise-pass,6,330,130