patient_id,user_id,ear,attempt_id,site,f1_2khz,f1_3khz,f1_4khz,f1_5khz,f2_2khz,f2_3khz,f2_4khz,f2_5khz,oae_2khz,oae_3khz,oae_4khz,oae_5khz,2khz_selected,3khz_selected,4khz_selected,5khz_selected,2khz_f1_sig,3khz_f1_sig,4khz_f1_sig,5khz_f1_sig,2khz_f1_noise,3khz_f1_noise,4khz_f1_noise,5khz_f1_noise,2khz_f1_snr,3khz_f1_snr,4khz_f1_snr,5khz_f1_snr,2khz_f1_snr_result,3khz_f1_snr_result,4khz_f1_snr_result,5khz_f1_snr_result,2khz_f2_sig,3khz_f2_sig,4khz_f2_sig,5khz_f2_sig,2khz_f2_noise,3khz_f2_noise,4khz_f2_noise,5khz_f2_noise,2khz_f2_snr,3khz_f2_snr,4khz_f2_snr,5khz_f2_snr,2khz_f2_snr_result,3khz_f2_snr_result,4khz_f2_snr_result,5khz_f2_snr_result,sig_2khz,sig_3khz,sig_4khz,sig_5khz,noise_2khz,noise_3khz,noise_4khz,noise_5khz,snr_2khz,snr_3khz,snr_4khz,snr_5khz,2khz_result,3khz_result,4khz_result,5khz_result,test_result,test_complete,ambient_noise_2khz,ambient_noise_3khz,ambient_noise_4khz,ambient_noise_5khz,ambient_noise_result_2khz,ambient_noise_result_3khz,ambient_noise_result_4khz,ambient_noise_result_5khz,ambient_noise_result,tone_length,check_fit_val,check_fit_thresh
11,Name,right,2,,1557,2377,3196,4016,1900,2900,3900,4900,1214,1854,2492,3132,true,true,true,true,162.25485462650173,164.47438997530645,159.74746920729802,155.47414326085214,94.92268741435579,88.3135789421309,83.9982671547192,81.08748468424301,67.33216721214593,76.16081103317555,75.74920205257882,74.38665857660914,true,true,true,true,152.81130586671568,158.31884860983072,150.44535654861645,156.52896073754192,85.90614308537423,82.34296258658232,74.97597123827553,81.86753631973288,66.90516278134146,75.9758860232484,75.46938531034091,74.66142441780904,true,true,true,true,101.92470593010471,100.83356843328575,69.53417786745572,71.22013620410519,73.37172693444586,66.37476236643509,57.95207285303721,52.38982568017521,28.552978995658847,34.458806066850656,11.582105014418516,18.83031052392998,true,true,true,true,Pass,true,82.51830255081265,78.33621139059127,79.02402506105001,83.0777173231604,ok, ok, ok, ok, noise-pass,6,168,130