patient_id,user_id,ear,attempt_id,site,f1_2khz,f1_3khz,f1_4khz,f1_5khz,f2_2khz,f2_3khz,f2_4khz,f2_5khz,oae_2khz,oae_3khz,oae_4khz,oae_5khz,2khz_selected,3khz_selected,4khz_selected,5khz_selected,2khz_f1_sig,3khz_f1_sig,4khz_f1_sig,5khz_f1_sig,2khz_f1_noise,3khz_f1_noise,4khz_f1_noise,5khz_f1_noise,2khz_f1_snr,3khz_f1_snr,4khz_f1_snr,5khz_f1_snr,2khz_f1_snr_result,3khz_f1_snr_result,4khz_f1_snr_result,5khz_f1_snr_result,2khz_f2_sig,3khz_f2_sig,4khz_f2_sig,5khz_f2_sig,2khz_f2_noise,3khz_f2_noise,4khz_f2_noise,5khz_f2_noise,2khz_f2_snr,3khz_f2_snr,4khz_f2_snr,5khz_f2_snr,2khz_f2_snr_result,3khz_f2_snr_result,4khz_f2_snr_result,5khz_f2_snr_result,sig_2khz,sig_3khz,sig_4khz,sig_5khz,noise_2khz,noise_3khz,noise_4khz,noise_5khz,snr_2khz,snr_3khz,snr_4khz,snr_5khz,2khz_result,3khz_result,4khz_result,5khz_result,test_result,test_complete,ambient_noise_2khz,ambient_noise_3khz,ambient_noise_4khz,ambient_noise_5khz,ambient_noise_result_2khz,ambient_noise_result_3khz,ambient_noise_result_4khz,ambient_noise_result_5khz,ambient_noise_result,tone_length,check_fit_val,check_fit_thresh
0027,Name,left,2,,1557,2377,3196,4016,1900,2900,3900,4900,1214,1854,2492,3132,true,true,true,true,147.00339109065294,149.4558699201488,158.58566856497453,158.8267265016508,109.63281659168742,109.76628332027519,114.88913219779626,102.50924494677321,37.370574498965524,39.68958659987362,43.69653636717827,56.31748155487759,false,false,false,false,141.53234945167884,149.09129520924782,151.4601275641163,155.5426569377821,103.79590843172863,109.4311958349006,107.84976136431361,99.2979695592716,37.736441019950206,39.66009937434721,43.6103661998027,56.244687378510505,false,false,false,true,100.69350069191074,99.79395030691704,102.01975389034665,85.90115522954143,93.63082111530451,93.27496103176105,88.46106476660171,79.04428920110524,7.062679576606229,6.518989275155988,13.55868912374494,6.856866028436187,true,true,true,false,Pass,true,107.8982397139289,114.51049293178934,104.98136335178111,101.2116111412301,ok, ok, ok, ok, noise-pass,6,308,130