patient_id,user_id,ear,attempt_id,site,f1_2khz,f1_3khz,f1_4khz,f1_5khz,f2_2khz,f2_3khz,f2_4khz,f2_5khz,oae_2khz,oae_3khz,oae_4khz,oae_5khz,2khz_selected,3khz_selected,4khz_selected,5khz_selected,2khz_f1_sig,3khz_f1_sig,4khz_f1_sig,5khz_f1_sig,2khz_f1_noise,3khz_f1_noise,4khz_f1_noise,5khz_f1_noise,2khz_f1_snr,3khz_f1_snr,4khz_f1_snr,5khz_f1_snr,2khz_f1_snr_result,3khz_f1_snr_result,4khz_f1_snr_result,5khz_f1_snr_result,2khz_f2_sig,3khz_f2_sig,4khz_f2_sig,5khz_f2_sig,2khz_f2_noise,3khz_f2_noise,4khz_f2_noise,5khz_f2_noise,2khz_f2_snr,3khz_f2_snr,4khz_f2_snr,5khz_f2_snr,2khz_f2_snr_result,3khz_f2_snr_result,4khz_f2_snr_result,5khz_f2_snr_result,sig_2khz,sig_3khz,sig_4khz,sig_5khz,noise_2khz,noise_3khz,noise_4khz,noise_5khz,snr_2khz,snr_3khz,snr_4khz,snr_5khz,2khz_result,3khz_result,4khz_result,5khz_result,test_result,test_complete,ambient_noise_2khz,ambient_noise_3khz,ambient_noise_4khz,ambient_noise_5khz,ambient_noise_result_2khz,ambient_noise_result_3khz,ambient_noise_result_4khz,ambient_noise_result_5khz,ambient_noise_result,tone_length,check_fit_val,check_fit_thresh
0,Name,right,3,,1557,2377,3196,4016,1900,2900,3900,4900,1214,1854,2492,3132,true,true,true,true,159.47859501737673,163.30164510349778,161.45254010044,159.59159187521374,89.14836092714225,81.06247333877762,82.12041701325604,82.6617523905631,70.33023409023448,82.23917176472015,79.33212308718394,76.92983948465064,true,true,true,true,152.9761927231835,160.6451493192981,153.99166262854263,156.83355417203046,83.07275258058625,77.91685536738493,75.43850275253419,79.97983648472825,69.90344014259723,82.72829395191317,78.55315987600844,76.85371768730221,true,true,true,true,101.56312946406754,98.92540015271747,77.03602314594498,77.19512047650858,76.84976930465636,71.51738399183004,69.55197871738955,62.8379056108741,24.71336015941118,27.408016160887428,7.4840444285554355,14.357214865634475,true,true,false,true,Pass,true,93.72882014436112,91.40973278160848,95.81330722632259,95.31382744577688,ok, ok, ok, ok, noise-pass,6,219,130