patient_id,user_id,ear,attempt_id,site,f1_2khz,f1_3khz,f1_4khz,f1_5khz,f2_2khz,f2_3khz,f2_4khz,f2_5khz,oae_2khz,oae_3khz,oae_4khz,oae_5khz,2khz_selected,3khz_selected,4khz_selected,5khz_selected,2khz_f1_sig,3khz_f1_sig,4khz_f1_sig,5khz_f1_sig,2khz_f1_noise,3khz_f1_noise,4khz_f1_noise,5khz_f1_noise,2khz_f1_snr,3khz_f1_snr,4khz_f1_snr,5khz_f1_snr,2khz_f1_snr_result,3khz_f1_snr_result,4khz_f1_snr_result,5khz_f1_snr_result,2khz_f2_sig,3khz_f2_sig,4khz_f2_sig,5khz_f2_sig,2khz_f2_noise,3khz_f2_noise,4khz_f2_noise,5khz_f2_noise,2khz_f2_snr,3khz_f2_snr,4khz_f2_snr,5khz_f2_snr,2khz_f2_snr_result,3khz_f2_snr_result,4khz_f2_snr_result,5khz_f2_snr_result,sig_2khz,sig_3khz,sig_4khz,sig_5khz,noise_2khz,noise_3khz,noise_4khz,noise_5khz,snr_2khz,snr_3khz,snr_4khz,snr_5khz,2khz_result,3khz_result,4khz_result,5khz_result,test_result,test_complete,ambient_noise_2khz,ambient_noise_3khz,ambient_noise_4khz,ambient_noise_5khz,ambient_noise_result_2khz,ambient_noise_result_3khz,ambient_noise_result_4khz,ambient_noise_result_5khz,ambient_noise_result,tone_length,check_fit_val,check_fit_thresh
0030,Name,left,10,,1557,2377,3196,4016,1900,2900,3900,4900,1214,1854,2492,3132,true,true,true,true,151.3272998948661,162.2177730238476,161.01100013434717,159.21383963065915,95.31647650713587,90.36385883880725,84.12091096610091,82.89755565201756,56.01082338773021,71.85391418504035,76.89008916824626,76.3162839786416,false,true,true,true,147.2023009289348,160.10801382761,153.36192976701741,156.28412880107197,90.55025763428333,87.89431006845533,77.34023984764136,80.24418894230888,56.65204329465146,72.21370375915467,76.02168991937606,76.03993985876309,true,true,true,true,99.23230687436316,89.55011393132554,83.99754286305398,74.67444327926864,91.90207270858166,78.78183178289773,69.2561184900197,62.25734586101781,7.330234165781505,10.768282148427815,14.741424373034278,12.417097418250833,true,true,true,true,Pass,true,99.08559742632582,97.76996184909572,99.01872544917211,92.8245442003183,ok, ok, ok, ok, noise-pass,6,320,130