patient_id,user_id,ear,attempt_id,site,f1_2khz,f1_3khz,f1_4khz,f1_5khz,f2_2khz,f2_3khz,f2_4khz,f2_5khz,oae_2khz,oae_3khz,oae_4khz,oae_5khz,2khz_selected,3khz_selected,4khz_selected,5khz_selected,2khz_f1_sig,3khz_f1_sig,4khz_f1_sig,5khz_f1_sig,2khz_f1_noise,3khz_f1_noise,4khz_f1_noise,5khz_f1_noise,2khz_f1_snr,3khz_f1_snr,4khz_f1_snr,5khz_f1_snr,2khz_f1_snr_result,3khz_f1_snr_result,4khz_f1_snr_result,5khz_f1_snr_result,2khz_f2_sig,3khz_f2_sig,4khz_f2_sig,5khz_f2_sig,2khz_f2_noise,3khz_f2_noise,4khz_f2_noise,5khz_f2_noise,2khz_f2_snr,3khz_f2_snr,4khz_f2_snr,5khz_f2_snr,2khz_f2_snr_result,3khz_f2_snr_result,4khz_f2_snr_result,5khz_f2_snr_result,sig_2khz,sig_3khz,sig_4khz,sig_5khz,noise_2khz,noise_3khz,noise_4khz,noise_5khz,snr_2khz,snr_3khz,snr_4khz,snr_5khz,2khz_result,3khz_result,4khz_result,5khz_result,test_result,test_complete,ambient_noise_2khz,ambient_noise_3khz,ambient_noise_4khz,ambient_noise_5khz,ambient_noise_result_2khz,ambient_noise_result_3khz,ambient_noise_result_4khz,ambient_noise_result_5khz,ambient_noise_result,tone_length,check_fit_val,check_fit_thresh
0007,EWG,right,3,KNH,1557,2377,3196,4016,1900,2900,3900,4900,1214,1854,2492,3132,true,true,true,true,160.71169451616402,156.76201315350474,158.46857728463513,155.75678235880724,96.25231372662938,81.58193924676402,94.87840903201399,87.98516576645153,64.45938078953463,75.18007390674072,63.59016825262114,67.77161659235571,true,true,true,true,148.9300433572347,158.2137112665871,148.89086623107684,154.49010230216786,84.66399967976174,83.0408175690822,85.19459054197988,86.75934002926184,64.26604367747295,75.1728936975049,63.696275689096964,67.73076227290602,true,true,true,true,84.40129783486867,72.21914199711182,66.92255817387844,62.28225876004568,81.8832606914415,67.2424398388659,62.483034562796945,61.05783894496345,2.518037143427165,4.976702158245914,4.439523611081498,1.2244198150822285,false,false,false,false,Refer,true,94.08888145749296,93.84698114156879,101.49997352413928,89.5159222753368,ok, ok, ok, ok, noise-pass,6,261,130