patient_id,user_id,ear,attempt_id,site,f1_2khz,f1_3khz,f1_4khz,f1_5khz,f2_2khz,f2_3khz,f2_4khz,f2_5khz,oae_2khz,oae_3khz,oae_4khz,oae_5khz,2khz_selected,3khz_selected,4khz_selected,5khz_selected,2khz_f1_sig,3khz_f1_sig,4khz_f1_sig,5khz_f1_sig,2khz_f1_noise,3khz_f1_noise,4khz_f1_noise,5khz_f1_noise,2khz_f1_snr,3khz_f1_snr,4khz_f1_snr,5khz_f1_snr,2khz_f1_snr_result,3khz_f1_snr_result,4khz_f1_snr_result,5khz_f1_snr_result,2khz_f2_sig,3khz_f2_sig,4khz_f2_sig,5khz_f2_sig,2khz_f2_noise,3khz_f2_noise,4khz_f2_noise,5khz_f2_noise,2khz_f2_snr,3khz_f2_snr,4khz_f2_snr,5khz_f2_snr,2khz_f2_snr_result,3khz_f2_snr_result,4khz_f2_snr_result,5khz_f2_snr_result,sig_2khz,sig_3khz,sig_4khz,sig_5khz,noise_2khz,noise_3khz,noise_4khz,noise_5khz,snr_2khz,snr_3khz,snr_4khz,snr_5khz,2khz_result,3khz_result,4khz_result,5khz_result,test_result,test_complete,ambient_noise_2khz,ambient_noise_3khz,ambient_noise_4khz,ambient_noise_5khz,ambient_noise_result_2khz,ambient_noise_result_3khz,ambient_noise_result_4khz,ambient_noise_result_5khz,ambient_noise_result,tone_length,check_fit_val,check_fit_thresh
0021,Name,right,3,,1557,2377,3196,4016,1900,2900,3900,4900,1214,1854,2492,3132,true,true,true,true,159.78721650818568,156.37688668361625,159.29323353408435,156.35975773633174,112.26147300051088,101.72313011136683,85.96929422056262,99.01987488150347,47.525743507674804,54.65375657224942,73.32393931352173,57.339882854828275,false,false,true,false,147.27809090903017,158.03834708242061,145.531103874028,151.12033257990694,98.55135391618438,99.92210634278351,73.31038427016387,92.11163792365275,48.72673699284579,58.11624073963711,72.22071960386413,59.00869465625419,false,true,true,true,102.3077926571703,86.47527554376086,74.03765117688097,79.54624945909235,93.93598213612238,80.25293850988605,69.70628062607233,69.4909735273407,8.37181052104792,6.222337033874808,4.331370550808643,10.055275931751652,true,true,false,true,Pass,true,105.47496516690917,99.35636445555254,99.68514726425303,99.46323957824882,ok, ok, ok, ok, noise-pass,6,252,130