patient_id,user_id,ear,attempt_id,site,f1_2khz,f1_3khz,f1_4khz,f1_5khz,f2_2khz,f2_3khz,f2_4khz,f2_5khz,oae_2khz,oae_3khz,oae_4khz,oae_5khz,2khz_selected,3khz_selected,4khz_selected,5khz_selected,2khz_f1_sig,3khz_f1_sig,4khz_f1_sig,5khz_f1_sig,2khz_f1_noise,3khz_f1_noise,4khz_f1_noise,5khz_f1_noise,2khz_f1_snr,3khz_f1_snr,4khz_f1_snr,5khz_f1_snr,2khz_f1_snr_result,3khz_f1_snr_result,4khz_f1_snr_result,5khz_f1_snr_result,2khz_f2_sig,3khz_f2_sig,4khz_f2_sig,5khz_f2_sig,2khz_f2_noise,3khz_f2_noise,4khz_f2_noise,5khz_f2_noise,2khz_f2_snr,3khz_f2_snr,4khz_f2_snr,5khz_f2_snr,2khz_f2_snr_result,3khz_f2_snr_result,4khz_f2_snr_result,5khz_f2_snr_result,sig_2khz,sig_3khz,sig_4khz,sig_5khz,noise_2khz,noise_3khz,noise_4khz,noise_5khz,snr_2khz,snr_3khz,snr_4khz,snr_5khz,2khz_result,3khz_result,4khz_result,5khz_result,test_result,test_complete,ambient_noise_2khz,ambient_noise_3khz,ambient_noise_4khz,ambient_noise_5khz,ambient_noise_result_2khz,ambient_noise_result_3khz,ambient_noise_result_4khz,ambient_noise_result_5khz,ambient_noise_result,tone_length,check_fit_val,check_fit_thresh
0024,Name,right,1,,1557,2377,3196,4016,1900,2900,3900,4900,1214,1854,2492,3132,true,true,true,true,156.0041124880095,158.09107611565463,158.61314341197664,157.87993302226366,100.29646210489975,99.68916030464541,107.15401203122988,112.06801184280886,55.70765038310975,58.40191581100922,51.459131380746754,45.8119211794548,false,false,false,false,147.87746040211036,157.98858150560147,152.129861000401,152.7906812098322,92.62479147451101,99.79309331848879,100.59782139970176,106.93326333247357,55.252668927599345,58.19548818711269,51.53203960069925,45.85741787735863,true,true,true,false,102.32109375213787,100.42480753612737,98.70489243027606,91.16085517375723,90.69033773457102,81.25002191633398,83.9803515472545,81.73964515084727,11.630756017566853,19.174785619793397,14.724540883021561,9.42121002290996,true,true,true,false,Pass,true,95.94967118314186,97.66369455388475,97.69648340664254,101.79230659622823,ok, ok, ok, ok, noise-pass,6,296,130