patient_id,user_id,ear,attempt_id,site,f1_2khz,f1_3khz,f1_4khz,f1_5khz,f2_2khz,f2_3khz,f2_4khz,f2_5khz,oae_2khz,oae_3khz,oae_4khz,oae_5khz,2khz_selected,3khz_selected,4khz_selected,5khz_selected,2khz_f1_sig,3khz_f1_sig,4khz_f1_sig,5khz_f1_sig,2khz_f1_noise,3khz_f1_noise,4khz_f1_noise,5khz_f1_noise,2khz_f1_snr,3khz_f1_snr,4khz_f1_snr,5khz_f1_snr,2khz_f1_snr_result,3khz_f1_snr_result,4khz_f1_snr_result,5khz_f1_snr_result,2khz_f2_sig,3khz_f2_sig,4khz_f2_sig,5khz_f2_sig,2khz_f2_noise,3khz_f2_noise,4khz_f2_noise,5khz_f2_noise,2khz_f2_snr,3khz_f2_snr,4khz_f2_snr,5khz_f2_snr,2khz_f2_snr_result,3khz_f2_snr_result,4khz_f2_snr_result,5khz_f2_snr_result,sig_2khz,sig_3khz,sig_4khz,sig_5khz,noise_2khz,noise_3khz,noise_4khz,noise_5khz,snr_2khz,snr_3khz,snr_4khz,snr_5khz,2khz_result,3khz_result,4khz_result,5khz_result,test_result,test_complete,ambient_noise_2khz,ambient_noise_3khz,ambient_noise_4khz,ambient_noise_5khz,ambient_noise_result_2khz,ambient_noise_result_3khz,ambient_noise_result_4khz,ambient_noise_result_5khz,ambient_noise_result,tone_length,check_fit_val,check_fit_thresh
2,Name,right,1,,1557,2377,3196,4016,1900,2900,3900,4900,1214,1854,2492,3132,true,true,true,true,163.03045790468363,164.02193695228672,161.85965578864338,159.73497741053077,98.14001872372243,84.51508498910152,73.95419807164076,70.26690826131451,64.8904391809612,79.5068519631852,87.90545771700262,89.46806914921626,true,true,true,true,156.1408563197273,160.82358047548897,154.2886213178548,157.08789055578023,93.17564196854507,79.59311057377364,70.12610005144158,67.38466860783376,62.96521435118224,81.23046990171532,84.16252126641321,89.70322194794647,true,true,true,true,105.80103655092634,96.55296157341635,86.13807375728246,78.90706285988354,100.16502941960552,94.36359335558082,81.91901304364495,73.61720940383213,5.636007131320824,2.1893682178355363,4.219060713637504,5.289853456051404,false,false,false,false,Refer,true,100.702920995862,100.12536744576389,99.06989965725397,99.14314911014841,ok, ok, ok, ok, noise-pass,6,0,130