patient_id,user_id,ear,attempt_id,site,f1_2khz,f1_3khz,f1_4khz,f1_5khz,f2_2khz,f2_3khz,f2_4khz,f2_5khz,oae_2khz,oae_3khz,oae_4khz,oae_5khz,2khz_selected,3khz_selected,4khz_selected,5khz_selected,2khz_f1_sig,3khz_f1_sig,4khz_f1_sig,5khz_f1_sig,2khz_f1_noise,3khz_f1_noise,4khz_f1_noise,5khz_f1_noise,2khz_f1_snr,3khz_f1_snr,4khz_f1_snr,5khz_f1_snr,2khz_f1_snr_result,3khz_f1_snr_result,4khz_f1_snr_result,5khz_f1_snr_result,2khz_f2_sig,3khz_f2_sig,4khz_f2_sig,5khz_f2_sig,2khz_f2_noise,3khz_f2_noise,4khz_f2_noise,5khz_f2_noise,2khz_f2_snr,3khz_f2_snr,4khz_f2_snr,5khz_f2_snr,2khz_f2_snr_result,3khz_f2_snr_result,4khz_f2_snr_result,5khz_f2_snr_result,sig_2khz,sig_3khz,sig_4khz,sig_5khz,noise_2khz,noise_3khz,noise_4khz,noise_5khz,snr_2khz,snr_3khz,snr_4khz,snr_5khz,2khz_result,3khz_result,4khz_result,5khz_result,test_result,test_complete,ambient_noise_2khz,ambient_noise_3khz,ambient_noise_4khz,ambient_noise_5khz,ambient_noise_result_2khz,ambient_noise_result_3khz,ambient_noise_result_4khz,ambient_noise_result_5khz,ambient_noise_result,tone_length,check_fit_val,check_fit_thresh
0005,EWG,right,2,KNH,1557,2377,3196,4016,1900,2900,3900,4900,1214,1854,2492,3132,true,true,true,true,160.82127531353427,156.1796815079685,158.8175511069053,155.4867488821942,94.84949544608456,92.07090060478579,96.80809150276497,81.02513231306332,65.97177986744971,64.1087809031827,62.009459604140346,74.46161656913088,true,true,true,true,149.1998236927059,157.9381665223141,148.5037067023134,154.75560787285278,87.18638790138549,93.90629791982957,86.73308738147675,81.09155985797673,62.01343579132042,64.03186860248454,61.770619320836644,73.66404801487604,true,true,true,true,105.95664229414952,75.18629185950583,71.52877777540311,67.85460810432978,105.94544692360233,69.72197033661062,71.38783329997042,65.43255540181713,0.01119537054718478,5.4643215228952045,0.14094447543268984,2.4220527025126586,false,false,false,false,Refer,true,112.66707413357825,98.59254093699487,101.08652421385422,95.70915350726322,noisy, ok, ok, ok, retry,6,261,130