patient_id,user_id,ear,attempt_id,site,f1_2khz,f1_3khz,f1_4khz,f1_5khz,f2_2khz,f2_3khz,f2_4khz,f2_5khz,oae_2khz,oae_3khz,oae_4khz,oae_5khz,2khz_selected,3khz_selected,4khz_selected,5khz_selected,2khz_f1_sig,3khz_f1_sig,4khz_f1_sig,5khz_f1_sig,2khz_f1_noise,3khz_f1_noise,4khz_f1_noise,5khz_f1_noise,2khz_f1_snr,3khz_f1_snr,4khz_f1_snr,5khz_f1_snr,2khz_f1_snr_result,3khz_f1_snr_result,4khz_f1_snr_result,5khz_f1_snr_result,2khz_f2_sig,3khz_f2_sig,4khz_f2_sig,5khz_f2_sig,2khz_f2_noise,3khz_f2_noise,4khz_f2_noise,5khz_f2_noise,2khz_f2_snr,3khz_f2_snr,4khz_f2_snr,5khz_f2_snr,2khz_f2_snr_result,3khz_f2_snr_result,4khz_f2_snr_result,5khz_f2_snr_result,sig_2khz,sig_3khz,sig_4khz,sig_5khz,noise_2khz,noise_3khz,noise_4khz,noise_5khz,snr_2khz,snr_3khz,snr_4khz,snr_5khz,2khz_result,3khz_result,4khz_result,5khz_result,test_result,test_complete,ambient_noise_2khz,ambient_noise_3khz,ambient_noise_4khz,ambient_noise_5khz,ambient_noise_result_2khz,ambient_noise_result_3khz,ambient_noise_result_4khz,ambient_noise_result_5khz,ambient_noise_result,tone_length,check_fit_val,check_fit_thresh
0011,EWG,left,3,KNH,1557,2377,3196,4016,1900,2900,3900,4900,1214,1854,2492,3132,true,true,true,true,163.58591611834836,161.8708823646432,158.3412393108015,145.01792102337393,95.86596385987407,89.78878847556012,97.8616333721408,112.60070136768908,67.7199522584743,72.08209388908307,60.47960593866071,32.417219655684846,true,true,true,false,149.4366689747998,158.07845650807542,149.2124367223718,143.2194901696624,90.69432279636759,88.5553752915768,88.73048759631722,112.42667708033169,58.742346178432214,69.52308121649862,60.48194912605457,30.79281308933072,true,true,true,false,110.56383664185967,116.36176154841031,103.55394748289142,95.04894982721098,96.4613600765577,90.0985765096175,84.50413379071432,91.79120268471827,14.10247656530197,26.263185038792813,19.049813692177096,3.257747142492704,true,true,true,false,Pass,true,104.2675951202336,104.16246632190666,106.68531201071276,121.83875138459713,ok, ok, ok, ok, noise-pass,6,147,130