patient_id,user_id,ear,attempt_id,site,f1_2khz,f1_3khz,f1_4khz,f1_5khz,f2_2khz,f2_3khz,f2_4khz,f2_5khz,oae_2khz,oae_3khz,oae_4khz,oae_5khz,2khz_selected,3khz_selected,4khz_selected,5khz_selected,2khz_f1_sig,3khz_f1_sig,4khz_f1_sig,5khz_f1_sig,2khz_f1_noise,3khz_f1_noise,4khz_f1_noise,5khz_f1_noise,2khz_f1_snr,3khz_f1_snr,4khz_f1_snr,5khz_f1_snr,2khz_f1_snr_result,3khz_f1_snr_result,4khz_f1_snr_result,5khz_f1_snr_result,2khz_f2_sig,3khz_f2_sig,4khz_f2_sig,5khz_f2_sig,2khz_f2_noise,3khz_f2_noise,4khz_f2_noise,5khz_f2_noise,2khz_f2_snr,3khz_f2_snr,4khz_f2_snr,5khz_f2_snr,2khz_f2_snr_result,3khz_f2_snr_result,4khz_f2_snr_result,5khz_f2_snr_result,sig_2khz,sig_3khz,sig_4khz,sig_5khz,noise_2khz,noise_3khz,noise_4khz,noise_5khz,snr_2khz,snr_3khz,snr_4khz,snr_5khz,2khz_result,3khz_result,4khz_result,5khz_result,test_result,test_complete,ambient_noise_2khz,ambient_noise_3khz,ambient_noise_4khz,ambient_noise_5khz,ambient_noise_result_2khz,ambient_noise_result_3khz,ambient_noise_result_4khz,ambient_noise_result_5khz,ambient_noise_result,tone_length,check_fit_val,check_fit_thresh
0,Name,right,1,,1557,2377,3196,4016,1900,2900,3900,4900,1214,1854,2492,3132,true,true,true,true,164.3613089769103,164.8846934821168,159.7865154412404,155.30509468293445,89.0847313913393,81.10556630031802,77.76259474343351,71.09636157409113,75.27657758557099,83.77912718179878,82.02392069780689,84.20873310884332,true,true,true,true,154.0975960586463,158.16944013839665,150.1742869685839,155.70031441611548,90.60723648363754,70.83210442833176,70.19749980244445,71.7785315035384,63.49035957500877,87.33733571006489,79.97678716613946,83.92178291257707,true,true,true,true,90.99290529238418,81.48719562099201,68.01642709142791,64.59108459545226,85.58021285230764,75.78281992371602,67.478520627388,59.52056087289803,5.41269244007654,5.704375697275992,0.5379064640399207,5.070523722554228,false,false,false,false,Refer,true,81.04749543476944,79.31922652422163,81.99330185745357,82.28993641948529,ok, ok, ok, ok, noise-pass,6,53,130