patient_id,user_id,ear,attempt_id,site,f1_2khz,f1_3khz,f1_4khz,f1_5khz,f2_2khz,f2_3khz,f2_4khz,f2_5khz,oae_2khz,oae_3khz,oae_4khz,oae_5khz,2khz_selected,3khz_selected,4khz_selected,5khz_selected,2khz_f1_sig,3khz_f1_sig,4khz_f1_sig,5khz_f1_sig,2khz_f1_noise,3khz_f1_noise,4khz_f1_noise,5khz_f1_noise,2khz_f1_snr,3khz_f1_snr,4khz_f1_snr,5khz_f1_snr,2khz_f1_snr_result,3khz_f1_snr_result,4khz_f1_snr_result,5khz_f1_snr_result,2khz_f2_sig,3khz_f2_sig,4khz_f2_sig,5khz_f2_sig,2khz_f2_noise,3khz_f2_noise,4khz_f2_noise,5khz_f2_noise,2khz_f2_snr,3khz_f2_snr,4khz_f2_snr,5khz_f2_snr,2khz_f2_snr_result,3khz_f2_snr_result,4khz_f2_snr_result,5khz_f2_snr_result,sig_2khz,sig_3khz,sig_4khz,sig_5khz,noise_2khz,noise_3khz,noise_4khz,noise_5khz,snr_2khz,snr_3khz,snr_4khz,snr_5khz,2khz_result,3khz_result,4khz_result,5khz_result,test_result,test_complete,ambient_noise_2khz,ambient_noise_3khz,ambient_noise_4khz,ambient_noise_5khz,ambient_noise_result_2khz,ambient_noise_result_3khz,ambient_noise_result_4khz,ambient_noise_result_5khz,ambient_noise_result,tone_length,check_fit_val,check_fit_thresh
0028,Name,right,5,,1557,2377,3196,4016,1900,2900,3900,4900,1214,1854,2492,3132,true,true,true,true,159.58394814823941,157.41304730228262,157.38813754363485,156.58180012313994,98.43778826834074,98.76612053784302,106.44472343659555,97.4453339340075,61.146159879898676,58.6469267644396,50.9434141070393,59.13646618913245,true,false,false,false,149.479479044346,157.79605226835645,149.72372944831287,151.6868352220718,88.41690989116884,99.03562146586503,98.71457470217392,92.3934276203498,61.06256915317715,58.76043080249141,51.00915474613895,59.29340760172201,true,true,true,true,109.82804661542119,104.54659902390405,97.01797089182547,96.43523129265331,82.32608793353207,72.22950272840956,75.64467097266538,72.23580364093925,27.50195868188912,32.317096295494494,21.37329991916009,24.19942765171406,true,true,true,true,Pass,true,100.54105203772632,99.14425078193547,105.18135628970734,98.57568197647147,ok, ok, ok, ok, noise-pass,6,283,130