patient_id,user_id,ear,attempt_id,site,f1_2khz,f1_3khz,f1_4khz,f1_5khz,f2_2khz,f2_3khz,f2_4khz,f2_5khz,oae_2khz,oae_3khz,oae_4khz,oae_5khz,2khz_selected,3khz_selected,4khz_selected,5khz_selected,2khz_f1_sig,3khz_f1_sig,4khz_f1_sig,5khz_f1_sig,2khz_f1_noise,3khz_f1_noise,4khz_f1_noise,5khz_f1_noise,2khz_f1_snr,3khz_f1_snr,4khz_f1_snr,5khz_f1_snr,2khz_f1_snr_result,3khz_f1_snr_result,4khz_f1_snr_result,5khz_f1_snr_result,2khz_f2_sig,3khz_f2_sig,4khz_f2_sig,5khz_f2_sig,2khz_f2_noise,3khz_f2_noise,4khz_f2_noise,5khz_f2_noise,2khz_f2_snr,3khz_f2_snr,4khz_f2_snr,5khz_f2_snr,2khz_f2_snr_result,3khz_f2_snr_result,4khz_f2_snr_result,5khz_f2_snr_result,sig_2khz,sig_3khz,sig_4khz,sig_5khz,noise_2khz,noise_3khz,noise_4khz,noise_5khz,snr_2khz,snr_3khz,snr_4khz,snr_5khz,2khz_result,3khz_result,4khz_result,5khz_result,test_result,test_complete,ambient_noise_2khz,ambient_noise_3khz,ambient_noise_4khz,ambient_noise_5khz,ambient_noise_result_2khz,ambient_noise_result_3khz,ambient_noise_result_4khz,ambient_noise_result_5khz,ambient_noise_result,tone_length,check_fit_val,check_fit_thresh
0003,EWG,right,2,KNH,1557,2377,3196,4016,1900,2900,3900,4900,1214,1854,2492,3132,true,true,true,true,152.65520619479813,160.1132345973574,158.29553596026562,153.18168728024,88.9495921460585,79.56169689426467,83.77033879403606,72.76039523084452,63.70561404873962,80.55153770309273,74.52519716622956,80.42129204939548,true,true,true,true,136.58712705168927,157.52869452542944,147.9431045576426,153.75600521760242,76.78739914997477,77.24976721284523,74.92329865741114,73.23421146062525,59.79972790171449,80.27892731258422,73.01980590023147,80.52179375697717,true,true,true,true,87.5073853205586,101.72232764849753,103.64396106118654,85.99230517918656,74.22507669580331,64.72177290541072,62.280914595006806,58.440449485207104,13.282308624755288,37.00055474308681,41.36304646617974,27.551855693979455,true,true,true,true,Pass,true,91.35027379964099,89.33796400962167,87.40556671737681,83.92693043427465,ok, ok, ok, ok, noise-pass,6,321,130