patient_id,user_id,ear,attempt_id,site,f1_2khz,f1_3khz,f1_4khz,f1_5khz,f2_2khz,f2_3khz,f2_4khz,f2_5khz,oae_2khz,oae_3khz,oae_4khz,oae_5khz,2khz_selected,3khz_selected,4khz_selected,5khz_selected,2khz_f1_sig,3khz_f1_sig,4khz_f1_sig,5khz_f1_sig,2khz_f1_noise,3khz_f1_noise,4khz_f1_noise,5khz_f1_noise,2khz_f1_snr,3khz_f1_snr,4khz_f1_snr,5khz_f1_snr,2khz_f1_snr_result,3khz_f1_snr_result,4khz_f1_snr_result,5khz_f1_snr_result,2khz_f2_sig,3khz_f2_sig,4khz_f2_sig,5khz_f2_sig,2khz_f2_noise,3khz_f2_noise,4khz_f2_noise,5khz_f2_noise,2khz_f2_snr,3khz_f2_snr,4khz_f2_snr,5khz_f2_snr,2khz_f2_snr_result,3khz_f2_snr_result,4khz_f2_snr_result,5khz_f2_snr_result,sig_2khz,sig_3khz,sig_4khz,sig_5khz,noise_2khz,noise_3khz,noise_4khz,noise_5khz,snr_2khz,snr_3khz,snr_4khz,snr_5khz,2khz_result,3khz_result,4khz_result,5khz_result,test_result,test_complete,ambient_noise_2khz,ambient_noise_3khz,ambient_noise_4khz,ambient_noise_5khz,ambient_noise_result_2khz,ambient_noise_result_3khz,ambient_noise_result_4khz,ambient_noise_result_5khz,ambient_noise_result,tone_length,check_fit_val,check_fit_thresh
1,Name,right,1,,1557,2377,3196,4016,1900,2900,3900,4900,1214,1854,2492,3132,true,true,true,true,164.2516039634484,165.0293031355089,159.26931943440024,154.05159463139017,97.33198679401495,95.01369507662127,97.11493295089689,88.01754997787283,66.91961716943344,70.01560805888764,62.15438648350336,66.03404465351734,true,true,true,true,154.36359710784373,158.14427062954226,149.6002122492328,154.3267685065326,99.35432730808868,84.37739286194588,89.51863209846017,89.17622191707383,55.009269799755046,73.76687776759638,60.08158015077264,65.15054658945877,true,true,true,true,99.07516699130854,106.21101824013093,104.84773700425657,95.13766739503602,96.47902093082494,101.75625330979273,103.1050180259349,88.3057642647801,2.5961460604835906,4.4547649303382,1.742718978321676,6.831903130255924,false,false,false,false,Refer,true,100.14039023829098,105.09542463725035,107.85644620608403,108.17724929426154,ok, noisy, noisy, ok, retry,6,0,130