patient_id,user_id,ear,attempt_id,site,f1_2khz,f1_3khz,f1_4khz,f1_5khz,f2_2khz,f2_3khz,f2_4khz,f2_5khz,oae_2khz,oae_3khz,oae_4khz,oae_5khz,2khz_selected,3khz_selected,4khz_selected,5khz_selected,2khz_f1_sig,3khz_f1_sig,4khz_f1_sig,5khz_f1_sig,2khz_f1_noise,3khz_f1_noise,4khz_f1_noise,5khz_f1_noise,2khz_f1_snr,3khz_f1_snr,4khz_f1_snr,5khz_f1_snr,2khz_f1_snr_result,3khz_f1_snr_result,4khz_f1_snr_result,5khz_f1_snr_result,2khz_f2_sig,3khz_f2_sig,4khz_f2_sig,5khz_f2_sig,2khz_f2_noise,3khz_f2_noise,4khz_f2_noise,5khz_f2_noise,2khz_f2_snr,3khz_f2_snr,4khz_f2_snr,5khz_f2_snr,2khz_f2_snr_result,3khz_f2_snr_result,4khz_f2_snr_result,5khz_f2_snr_result,sig_2khz,sig_3khz,sig_4khz,sig_5khz,noise_2khz,noise_3khz,noise_4khz,noise_5khz,snr_2khz,snr_3khz,snr_4khz,snr_5khz,2khz_result,3khz_result,4khz_result,5khz_result,test_result,test_complete,ambient_noise_2khz,ambient_noise_3khz,ambient_noise_4khz,ambient_noise_5khz,ambient_noise_result_2khz,ambient_noise_result_3khz,ambient_noise_result_4khz,ambient_noise_result_5khz,ambient_noise_result,tone_length,check_fit_val,check_fit_thresh
0002,EWG,left,4,KNH,1557,2377,3196,4016,1900,2900,3900,4900,1214,1854,2492,3132,true,true,true,true,164.27077886745136,161.07216855754717,158.44551413936512,154.05200893238833,94.06237920833067,82.5056678362064,101.62354210726679,74.98060702974023,70.20839965912069,78.56650072134077,56.82197203209833,79.0714019026481,true,true,false,true,147.1559769352161,157.9976242422216,148.31968324987025,155.33271453551157,87.65101039292718,80.77759895806574,90.66115271031799,76.91651498034683,59.504966542288926,77.22002528415587,57.65853053955226,78.41619955516474,true,true,true,true,101.68849748148823,87.87011687557381,92.28825901207486,77.20075585956644,99.71814060938146,87.55831716678385,91.54578251070406,76.1753185684359,1.9703568721067626,0.31179970878996244,0.7424765013708026,1.0254372911305438,false,false,false,false,Refer,true,105.17654925631557,101.16233201097688,110.96706827253205,97.30760889687028,noisy, ok, ok, ok, retry,6,182,130