patient_id,user_id,ear,attempt_id,site,f1_2khz,f1_3khz,f1_4khz,f1_5khz,f2_2khz,f2_3khz,f2_4khz,f2_5khz,oae_2khz,oae_3khz,oae_4khz,oae_5khz,2khz_selected,3khz_selected,4khz_selected,5khz_selected,2khz_f1_sig,3khz_f1_sig,4khz_f1_sig,5khz_f1_sig,2khz_f1_noise,3khz_f1_noise,4khz_f1_noise,5khz_f1_noise,2khz_f1_snr,3khz_f1_snr,4khz_f1_snr,5khz_f1_snr,2khz_f1_snr_result,3khz_f1_snr_result,4khz_f1_snr_result,5khz_f1_snr_result,2khz_f2_sig,3khz_f2_sig,4khz_f2_sig,5khz_f2_sig,2khz_f2_noise,3khz_f2_noise,4khz_f2_noise,5khz_f2_noise,2khz_f2_snr,3khz_f2_snr,4khz_f2_snr,5khz_f2_snr,2khz_f2_snr_result,3khz_f2_snr_result,4khz_f2_snr_result,5khz_f2_snr_result,sig_2khz,sig_3khz,sig_4khz,sig_5khz,noise_2khz,noise_3khz,noise_4khz,noise_5khz,snr_2khz,snr_3khz,snr_4khz,snr_5khz,2khz_result,3khz_result,4khz_result,5khz_result,test_result,test_complete,ambient_noise_2khz,ambient_noise_3khz,ambient_noise_4khz,ambient_noise_5khz,ambient_noise_result_2khz,ambient_noise_result_3khz,ambient_noise_result_4khz,ambient_noise_result_5khz,ambient_noise_result,tone_length,check_fit_val,check_fit_thresh
0,Name,right,1,,1557,2377,3196,4016,1900,2900,3900,4900,1214,1854,2492,3132,true,true,true,true,161.56852020450773,162.80289659804438,160.51535080813028,157.61562865754718,111.71314889719979,112.5846495980391,82.80331536293639,90.61148904870522,49.85537130730795,50.21824700000528,77.71203544519389,67.00413960884195,false,false,true,true,155.0730902822109,159.4647079348339,153.03884863046972,154.9015038622301,107.14371023381402,104.06295066347906,80.994432180297,86.5297643695176,47.92938004839688,55.40175727135485,72.04441645017272,68.3717394927125,false,true,true,true,115.94615014933574,124.76041682108558,99.75281430041656,95.00956707184962,113.77820583430756,117.28543976331312,94.72599076931621,89.75330331788648,2.16794431502818,7.474977057772463,5.026823531100348,5.25626375396314,false,true,false,false,Refer,true,115.78972901839552,115.2298126333811,111.29406907321938,113.28157011792096,noisy, ok, ok, ok, retry,6,49,130