patient_id,user_id,ear,attempt_id,site,f1_2khz,f1_3khz,f1_4khz,f1_5khz,f2_2khz,f2_3khz,f2_4khz,f2_5khz,oae_2khz,oae_3khz,oae_4khz,oae_5khz,2khz_selected,3khz_selected,4khz_selected,5khz_selected,2khz_f1_sig,3khz_f1_sig,4khz_f1_sig,5khz_f1_sig,2khz_f1_noise,3khz_f1_noise,4khz_f1_noise,5khz_f1_noise,2khz_f1_snr,3khz_f1_snr,4khz_f1_snr,5khz_f1_snr,2khz_f1_snr_result,3khz_f1_snr_result,4khz_f1_snr_result,5khz_f1_snr_result,2khz_f2_sig,3khz_f2_sig,4khz_f2_sig,5khz_f2_sig,2khz_f2_noise,3khz_f2_noise,4khz_f2_noise,5khz_f2_noise,2khz_f2_snr,3khz_f2_snr,4khz_f2_snr,5khz_f2_snr,2khz_f2_snr_result,3khz_f2_snr_result,4khz_f2_snr_result,5khz_f2_snr_result,sig_2khz,sig_3khz,sig_4khz,sig_5khz,noise_2khz,noise_3khz,noise_4khz,noise_5khz,snr_2khz,snr_3khz,snr_4khz,snr_5khz,2khz_result,3khz_result,4khz_result,5khz_result,test_result,test_complete,ambient_noise_2khz,ambient_noise_3khz,ambient_noise_4khz,ambient_noise_5khz,ambient_noise_result_2khz,ambient_noise_result_3khz,ambient_noise_result_4khz,ambient_noise_result_5khz,ambient_noise_result,tone_length,check_fit_val,check_fit_thresh
27,Name,right,3,,1557,2377,3196,4016,1900,2900,3900,4900,1214,1854,2492,3132,true,true,true,true,117.9807935011033,140.27113712283898,148.9678268039284,152.89613332448158,89.20525655507137,107.73899147740045,109.62968425971702,113.4867159235188,28.775536946031934,32.53214564543853,39.33814254421138,39.40941740096278,false,false,false,false,135.86330319178978,141.68186949081624,144.7026026877319,149.3568701525199,97.16798900150906,109.17959137139947,105.362455437119,109.94030774572036,38.695314190280726,32.50227811941677,39.340147250612915,39.41656240679953,false,false,false,false,98.16437369937626,96.93474856309807,93.13978835626773,96.78425596541479,91.35952246061663,90.7246323492602,85.27949905341347,83.69474319888069,6.804851238759625,6.210116213837864,7.860289302854255,13.0895127665341,true,true,false,true,Pass,true,101.46509244579363,105.65657017021788,101.31879175289762,99.96118839806321,ok, ok, ok, ok, noise-pass,6,18,130