patient_id,user_id,ear,attempt_id,site,f1_2khz,f1_3khz,f1_4khz,f1_5khz,f2_2khz,f2_3khz,f2_4khz,f2_5khz,oae_2khz,oae_3khz,oae_4khz,oae_5khz,2khz_selected,3khz_selected,4khz_selected,5khz_selected,2khz_f1_sig,3khz_f1_sig,4khz_f1_sig,5khz_f1_sig,2khz_f1_noise,3khz_f1_noise,4khz_f1_noise,5khz_f1_noise,2khz_f1_snr,3khz_f1_snr,4khz_f1_snr,5khz_f1_snr,2khz_f1_snr_result,3khz_f1_snr_result,4khz_f1_snr_result,5khz_f1_snr_result,2khz_f2_sig,3khz_f2_sig,4khz_f2_sig,5khz_f2_sig,2khz_f2_noise,3khz_f2_noise,4khz_f2_noise,5khz_f2_noise,2khz_f2_snr,3khz_f2_snr,4khz_f2_snr,5khz_f2_snr,2khz_f2_snr_result,3khz_f2_snr_result,4khz_f2_snr_result,5khz_f2_snr_result,sig_2khz,sig_3khz,sig_4khz,sig_5khz,noise_2khz,noise_3khz,noise_4khz,noise_5khz,snr_2khz,snr_3khz,snr_4khz,snr_5khz,2khz_result,3khz_result,4khz_result,5khz_result,test_result,test_complete,ambient_noise_2khz,ambient_noise_3khz,ambient_noise_4khz,ambient_noise_5khz,ambient_noise_result_2khz,ambient_noise_result_3khz,ambient_noise_result_4khz,ambient_noise_result_5khz,ambient_noise_result,tone_length,check_fit_val,check_fit_thresh
00,Name,right,10,,1557,2377,3196,4016,1900,2900,3900,4900,1214,1854,2492,3132,true,true,true,true,163.18234873125152,163.57787210581705,159.4796310252335,157.58919944384849,88.37755604667842,75.52061466254246,76.06510497126105,76.51409110169502,74.8047926845731,88.0572574432746,83.41452605397244,81.07510834215347,true,true,true,true,154.1451885910775,161.6169314300039,150.64537336265775,152.9951929336617,75.84127900071944,71.19811542881546,76.88413853093752,72.62914146727044,78.30390959035806,90.41881600118843,73.76123483172023,80.36605146639127,true,true,true,true,102.92459205922296,96.07993775223801,83.33953277595631,88.29452096574107,78.02874941652652,78.71458670030125,81.05257792962311,68.41957883236854,24.895842642696437,17.365351051936756,2.2869548463332023,19.874942133372528,true,true,false,true,Pass,true,85.63109182399306,86.36234756546119,91.71081331238643,92.4221432184441,ok, ok, ok, ok, noise-pass,6,163,130