patient_id,user_id,ear,attempt_id,site,f1_2khz,f1_3khz,f1_4khz,f1_5khz,f2_2khz,f2_3khz,f2_4khz,f2_5khz,oae_2khz,oae_3khz,oae_4khz,oae_5khz,2khz_selected,3khz_selected,4khz_selected,5khz_selected,2khz_f1_sig,3khz_f1_sig,4khz_f1_sig,5khz_f1_sig,2khz_f1_noise,3khz_f1_noise,4khz_f1_noise,5khz_f1_noise,2khz_f1_snr,3khz_f1_snr,4khz_f1_snr,5khz_f1_snr,2khz_f1_snr_result,3khz_f1_snr_result,4khz_f1_snr_result,5khz_f1_snr_result,2khz_f2_sig,3khz_f2_sig,4khz_f2_sig,5khz_f2_sig,2khz_f2_noise,3khz_f2_noise,4khz_f2_noise,5khz_f2_noise,2khz_f2_snr,3khz_f2_snr,4khz_f2_snr,5khz_f2_snr,2khz_f2_snr_result,3khz_f2_snr_result,4khz_f2_snr_result,5khz_f2_snr_result,sig_2khz,sig_3khz,sig_4khz,sig_5khz,noise_2khz,noise_3khz,noise_4khz,noise_5khz,snr_2khz,snr_3khz,snr_4khz,snr_5khz,2khz_result,3khz_result,4khz_result,5khz_result,test_result,test_complete,ambient_noise_2khz,ambient_noise_3khz,ambient_noise_4khz,ambient_noise_5khz,ambient_noise_result_2khz,ambient_noise_result_3khz,ambient_noise_result_4khz,ambient_noise_result_5khz,ambient_noise_result,tone_length,check_fit_val,check_fit_thresh
3067,Name,right,1,,1557,2377,3196,4016,1900,2900,3900,4900,1214,1854,2492,3132,true,true,true,true,165.26344062955627,162.67641460723806,161.53632472868122,160.14129739248503,103.59765905025526,91.92722628894187,78.20402786448588,78.00932602891243,61.66578157930101,70.74918831829619,83.33229686419534,82.1319713635726,true,true,true,true,155.52665714833324,160.5324304680892,154.56353469104351,157.52534323074252,101.62030657954908,91.21617145883388,74.18154176777573,82.24821744504126,53.90635056878416,69.3162590092553,80.38199292326779,75.27712578570126,true,true,true,true,99.68753888726854,105.10141723922233,89.29260456763939,86.79968933848312,99.14954928421992,99.82851882963105,87.20666023785951,82.09171475740217,0.5379896030486293,5.272898409591278,2.0859443297798776,4.707974581080947,false,false,false,false,Refer,true,99.29416772624259,98.07344728850974,96.35458993537436,101.40080968148374,noisy, ok, ok, ok, retry,6,69,130