patient_id,user_id,ear,attempt_id,site,f1_2khz,f1_3khz,f1_4khz,f1_5khz,f2_2khz,f2_3khz,f2_4khz,f2_5khz,oae_2khz,oae_3khz,oae_4khz,oae_5khz,2khz_selected,3khz_selected,4khz_selected,5khz_selected,2khz_f1_sig,3khz_f1_sig,4khz_f1_sig,5khz_f1_sig,2khz_f1_noise,3khz_f1_noise,4khz_f1_noise,5khz_f1_noise,2khz_f1_snr,3khz_f1_snr,4khz_f1_snr,5khz_f1_snr,2khz_f1_snr_result,3khz_f1_snr_result,4khz_f1_snr_result,5khz_f1_snr_result,2khz_f2_sig,3khz_f2_sig,4khz_f2_sig,5khz_f2_sig,2khz_f2_noise,3khz_f2_noise,4khz_f2_noise,5khz_f2_noise,2khz_f2_snr,3khz_f2_snr,4khz_f2_snr,5khz_f2_snr,2khz_f2_snr_result,3khz_f2_snr_result,4khz_f2_snr_result,5khz_f2_snr_result,sig_2khz,sig_3khz,sig_4khz,sig_5khz,noise_2khz,noise_3khz,noise_4khz,noise_5khz,snr_2khz,snr_3khz,snr_4khz,snr_5khz,2khz_result,3khz_result,4khz_result,5khz_result,test_result,test_complete,ambient_noise_2khz,ambient_noise_3khz,ambient_noise_4khz,ambient_noise_5khz,ambient_noise_result_2khz,ambient_noise_result_3khz,ambient_noise_result_4khz,ambient_noise_result_5khz,ambient_noise_result,tone_length,check_fit_val,check_fit_thresh
0020,Name,right,2,KNH,1557,2377,3196,4016,1900,2900,3900,4900,1214,1854,2492,3132,true,true,true,true,154.85166275094824,156.16797195792094,156.6852886111023,151.31204061174094,104.25938567268729,100.4253456350441,89.90550162714923,120.8021007037488,50.59227707826095,55.742626322876845,66.77978698395306,30.509939907992134,false,false,true,false,142.94643596016786,156.77344012132903,148.70524503294138,143.8101754698502,93.08916555196606,100.93380558537915,85.57026842744469,113.28766812223718,49.8572704082018,55.839634535949884,63.13497660549669,30.52250734761303,false,true,true,false,94.56718446558016,87.80614560253343,87.3540241598067,93.95456909337965,82.59426208073273,81.75834885955922,75.60942320977497,86.34984459208782,11.972922384847422,6.047796742974214,11.744600950031725,7.604724501291827,true,true,true,false,Pass,true,95.61266910291593,100.92896129007616,98.85460119327533,105.50751425163236,ok, ok, ok, ok, noise-pass,6,308,130