patient_id,user_id,ear,attempt_id,site,f1_2khz,f1_3khz,f1_4khz,f1_5khz,f2_2khz,f2_3khz,f2_4khz,f2_5khz,oae_2khz,oae_3khz,oae_4khz,oae_5khz,2khz_selected,3khz_selected,4khz_selected,5khz_selected,2khz_f1_sig,3khz_f1_sig,4khz_f1_sig,5khz_f1_sig,2khz_f1_noise,3khz_f1_noise,4khz_f1_noise,5khz_f1_noise,2khz_f1_snr,3khz_f1_snr,4khz_f1_snr,5khz_f1_snr,2khz_f1_snr_result,3khz_f1_snr_result,4khz_f1_snr_result,5khz_f1_snr_result,2khz_f2_sig,3khz_f2_sig,4khz_f2_sig,5khz_f2_sig,2khz_f2_noise,3khz_f2_noise,4khz_f2_noise,5khz_f2_noise,2khz_f2_snr,3khz_f2_snr,4khz_f2_snr,5khz_f2_snr,2khz_f2_snr_result,3khz_f2_snr_result,4khz_f2_snr_result,5khz_f2_snr_result,sig_2khz,sig_3khz,sig_4khz,sig_5khz,noise_2khz,noise_3khz,noise_4khz,noise_5khz,snr_2khz,snr_3khz,snr_4khz,snr_5khz,2khz_result,3khz_result,4khz_result,5khz_result,test_result,test_complete,ambient_noise_2khz,ambient_noise_3khz,ambient_noise_4khz,ambient_noise_5khz,ambient_noise_result_2khz,ambient_noise_result_3khz,ambient_noise_result_4khz,ambient_noise_result_5khz,ambient_noise_result,tone_length,check_fit_val,check_fit_thresh
00,Name,right,7,,1557,2377,3196,4016,1900,2900,3900,4900,1214,1854,2492,3132,true,true,true,true,124.87005137003727,135.48515889009724,143.17537416477214,148.7235336004618,74.28239000673967,99.07899723011566,83.69507972252003,84.60756260987502,50.5876613632976,36.40616165998158,59.4802944422521,64.11597099058677,false,false,false,true,130.35493149530032,137.96766121444992,140.94568953578863,145.60996721625267,74.26677721334426,99.40093892158616,80.84741928534314,77.1088234396524,56.088154281956065,38.56672229286376,60.098270250445495,68.50114377660027,true,false,true,true,82.32689910425677,97.25259620512159,73.53675373401073,87.82304024827717,78.29377777150657,89.27479212879591,65.01551612769697,86.06106102200955,4.0331213327501985,7.977804076325683,8.521237606313761,1.7619792262676128,false,true,false,false,Refer,true,103.4769867492531,115.64735034890238,99.52939366710476,94.8679093584586,ok, ok, ok, ok, noise-pass,6,176,130