patient_id,user_id,ear,attempt_id,site,f1_2khz,f1_3khz,f1_4khz,f1_5khz,f2_2khz,f2_3khz,f2_4khz,f2_5khz,oae_2khz,oae_3khz,oae_4khz,oae_5khz,2khz_selected,3khz_selected,4khz_selected,5khz_selected,2khz_f1_sig,3khz_f1_sig,4khz_f1_sig,5khz_f1_sig,2khz_f1_noise,3khz_f1_noise,4khz_f1_noise,5khz_f1_noise,2khz_f1_snr,3khz_f1_snr,4khz_f1_snr,5khz_f1_snr,2khz_f1_snr_result,3khz_f1_snr_result,4khz_f1_snr_result,5khz_f1_snr_result,2khz_f2_sig,3khz_f2_sig,4khz_f2_sig,5khz_f2_sig,2khz_f2_noise,3khz_f2_noise,4khz_f2_noise,5khz_f2_noise,2khz_f2_snr,3khz_f2_snr,4khz_f2_snr,5khz_f2_snr,2khz_f2_snr_result,3khz_f2_snr_result,4khz_f2_snr_result,5khz_f2_snr_result,sig_2khz,sig_3khz,sig_4khz,sig_5khz,noise_2khz,noise_3khz,noise_4khz,noise_5khz,snr_2khz,snr_3khz,snr_4khz,snr_5khz,2khz_result,3khz_result,4khz_result,5khz_result,test_result,test_complete,ambient_noise_2khz,ambient_noise_3khz,ambient_noise_4khz,ambient_noise_5khz,ambient_noise_result_2khz,ambient_noise_result_3khz,ambient_noise_result_4khz,ambient_noise_result_5khz,ambient_noise_result,tone_length,check_fit_val,check_fit_thresh
0,Name,right,1,,1557,2377,3196,4016,1900,2900,3900,4900,1214,1854,2492,3132,true,true,true,true,161.90212864132673,163.77067579607626,161.265187560989,159.295722595761,75.81498650349312,66.1239832945907,64.88440004962213,62.790188430587214,86.08714213783361,97.64669250148556,96.38078751136688,96.50553416517377,true,true,true,true,155.50753786306,160.0438671287281,153.54488571113427,156.25471709481383,76.13895047012404,64.00114148217858,64.6262791734579,61.68155065995251,79.36858739293596,96.04272564654951,88.91860653767637,94.57316643486132,true,true,true,true,76.56624382313169,78.76963119108453,70.14221786013002,62.45664415018726,74.238096435609,65.37390280546217,57.85057172226992,49.23055763524185,2.328147387522691,13.395728385622363,12.291646137860099,13.226086514945408,false,true,true,true,Pass,true,81.29132412152342,72.70264304893568,73.36145266291915,74.58703234964663,ok, ok, ok, ok, noise-pass,6,63,130