patient_id,user_id,ear,attempt_id,site,f1_2khz,f1_3khz,f1_4khz,f1_5khz,f2_2khz,f2_3khz,f2_4khz,f2_5khz,oae_2khz,oae_3khz,oae_4khz,oae_5khz,2khz_selected,3khz_selected,4khz_selected,5khz_selected,2khz_f1_sig,3khz_f1_sig,4khz_f1_sig,5khz_f1_sig,2khz_f1_noise,3khz_f1_noise,4khz_f1_noise,5khz_f1_noise,2khz_f1_snr,3khz_f1_snr,4khz_f1_snr,5khz_f1_snr,2khz_f1_snr_result,3khz_f1_snr_result,4khz_f1_snr_result,5khz_f1_snr_result,2khz_f2_sig,3khz_f2_sig,4khz_f2_sig,5khz_f2_sig,2khz_f2_noise,3khz_f2_noise,4khz_f2_noise,5khz_f2_noise,2khz_f2_snr,3khz_f2_snr,4khz_f2_snr,5khz_f2_snr,2khz_f2_snr_result,3khz_f2_snr_result,4khz_f2_snr_result,5khz_f2_snr_result,sig_2khz,sig_3khz,sig_4khz,sig_5khz,noise_2khz,noise_3khz,noise_4khz,noise_5khz,snr_2khz,snr_3khz,snr_4khz,snr_5khz,2khz_result,3khz_result,4khz_result,5khz_result,test_result,test_complete,ambient_noise_2khz,ambient_noise_3khz,ambient_noise_4khz,ambient_noise_5khz,ambient_noise_result_2khz,ambient_noise_result_3khz,ambient_noise_result_4khz,ambient_noise_result_5khz,ambient_noise_result,tone_length,check_fit_val,check_fit_thresh
0,Name,left,1,,1557,2377,3196,4016,1900,2900,3900,4900,1214,1854,2492,3132,true,true,true,true,164.37492225299326,164.79190286073447,159.6365979556935,155.18697340075443,94.97800911664046,93.33594408655294,78.34914460850614,74.15325666089541,69.3969131363528,71.45595877418152,81.28745334718737,81.03371673985902,true,true,true,true,154.0144126693105,157.91178918130572,150.0962838552055,155.4172714705612,95.3047137562817,85.94025989897054,71.67639216267526,72.14497591096807,58.7096989130288,71.97152928233518,78.41989169253026,83.27229555959312,true,true,true,true,95.49561981053705,103.95974758933947,93.17526401392307,83.75403566361244,94.54250020122893,97.04959495366842,88.96390080404949,80.0810071891704,0.9531196093081178,6.910152635671054,4.211363209873582,3.6730284744420345,false,true,false,false,Refer,true,102.00438568519446,105.53707757188027,101.6062701421434,103.69960679609322,ok, ok, ok, ok, noise-pass,6,58,130