patient_id,user_id,ear,attempt_id,site,f1_2khz,f1_3khz,f1_4khz,f1_5khz,f2_2khz,f2_3khz,f2_4khz,f2_5khz,oae_2khz,oae_3khz,oae_4khz,oae_5khz,2khz_selected,3khz_selected,4khz_selected,5khz_selected,2khz_f1_sig,3khz_f1_sig,4khz_f1_sig,5khz_f1_sig,2khz_f1_noise,3khz_f1_noise,4khz_f1_noise,5khz_f1_noise,2khz_f1_snr,3khz_f1_snr,4khz_f1_snr,5khz_f1_snr,2khz_f1_snr_result,3khz_f1_snr_result,4khz_f1_snr_result,5khz_f1_snr_result,2khz_f2_sig,3khz_f2_sig,4khz_f2_sig,5khz_f2_sig,2khz_f2_noise,3khz_f2_noise,4khz_f2_noise,5khz_f2_noise,2khz_f2_snr,3khz_f2_snr,4khz_f2_snr,5khz_f2_snr,2khz_f2_snr_result,3khz_f2_snr_result,4khz_f2_snr_result,5khz_f2_snr_result,sig_2khz,sig_3khz,sig_4khz,sig_5khz,noise_2khz,noise_3khz,noise_4khz,noise_5khz,snr_2khz,snr_3khz,snr_4khz,snr_5khz,2khz_result,3khz_result,4khz_result,5khz_result,test_result,test_complete,ambient_noise_2khz,ambient_noise_3khz,ambient_noise_4khz,ambient_noise_5khz,ambient_noise_result_2khz,ambient_noise_result_3khz,ambient_noise_result_4khz,ambient_noise_result_5khz,ambient_noise_result,tone_length,check_fit_val,check_fit_thresh
0,Name,right,2,,1557,2377,3196,4016,1900,2900,3900,4900,1214,1854,2492,3132,true,true,true,true,164.35191226696992,164.89314268209355,159.79134452090722,155.26842768593792,90.39102806962313,72.63098126282881,74.87834252846699,67.44420579991863,73.96088419734679,92.26216141926474,84.91300199244023,87.82422188601929,true,true,true,true,154.04057699668226,158.18519653509958,150.11498377643971,155.63581032091,87.785463797088,66.53558266517894,68.77963475040107,68.62692964638778,66.25511319959426,91.64961386992064,81.33534902603864,87.00888067452222,true,true,true,true,86.37082239720245,81.96705189808051,73.68603134987019,66.42661950781186,81.77162064533384,74.30894532659784,72.33055276096303,61.28218456918343,4.5992017518686055,7.658106571482676,1.355478588907161,5.144434938628436,false,true,false,false,Refer,true,84.81127795352954,74.99721996671201,85.95984553381801,80.95780138120067,ok, ok, ok, ok, noise-pass,6,53,130