patient_id,user_id,ear,attempt_id,site,f1_2khz,f1_3khz,f1_4khz,f1_5khz,f2_2khz,f2_3khz,f2_4khz,f2_5khz,oae_2khz,oae_3khz,oae_4khz,oae_5khz,2khz_selected,3khz_selected,4khz_selected,5khz_selected,2khz_f1_sig,3khz_f1_sig,4khz_f1_sig,5khz_f1_sig,2khz_f1_noise,3khz_f1_noise,4khz_f1_noise,5khz_f1_noise,2khz_f1_snr,3khz_f1_snr,4khz_f1_snr,5khz_f1_snr,2khz_f1_snr_result,3khz_f1_snr_result,4khz_f1_snr_result,5khz_f1_snr_result,2khz_f2_sig,3khz_f2_sig,4khz_f2_sig,5khz_f2_sig,2khz_f2_noise,3khz_f2_noise,4khz_f2_noise,5khz_f2_noise,2khz_f2_snr,3khz_f2_snr,4khz_f2_snr,5khz_f2_snr,2khz_f2_snr_result,3khz_f2_snr_result,4khz_f2_snr_result,5khz_f2_snr_result,sig_2khz,sig_3khz,sig_4khz,sig_5khz,noise_2khz,noise_3khz,noise_4khz,noise_5khz,snr_2khz,snr_3khz,snr_4khz,snr_5khz,2khz_result,3khz_result,4khz_result,5khz_result,test_result,test_complete,ambient_noise_2khz,ambient_noise_3khz,ambient_noise_4khz,ambient_noise_5khz,ambient_noise_result_2khz,ambient_noise_result_3khz,ambient_noise_result_4khz,ambient_noise_result_5khz,ambient_noise_result,tone_length,check_fit_val,check_fit_thresh
26,Name,right,3,,1557,2377,3196,4016,1900,2900,3900,4900,1214,1854,2492,3132,true,true,true,true,155.73883182388212,157.01713434120185,157.0220429786159,157.89722442199962,123.4613160547168,121.2296962626275,117.32644464367176,118.06758295202863,32.27751576916532,35.787438078574354,39.69559833494414,39.829641469970994,false,false,false,false,149.99552592242298,154.9712044132839,149.78071136266598,155.16263328356717,117.75836964920626,119.18026958503299,110.14579827434714,115.32814998190717,32.237156273216726,35.790934828250926,39.63491308831884,39.83448330166,false,false,false,false,102.41382459429148,103.62228997155563,96.49291301799765,98.90488360977793,101.25841398346267,91.94853533755386,86.2735167382834,85.97224860033185,1.1554106108288096,11.673754634001767,10.219396279714246,12.932635009446074,false,true,false,true,Pass,true,105.09138113270217,98.94618234476091,98.32221322068649,103.95546148093734,noisy, ok, ok, ok, retry,6,166,130