patient_id,user_id,ear,attempt_id,site,f1_2khz,f1_3khz,f1_4khz,f1_5khz,f2_2khz,f2_3khz,f2_4khz,f2_5khz,oae_2khz,oae_3khz,oae_4khz,oae_5khz,2khz_selected,3khz_selected,4khz_selected,5khz_selected,2khz_f1_sig,3khz_f1_sig,4khz_f1_sig,5khz_f1_sig,2khz_f1_noise,3khz_f1_noise,4khz_f1_noise,5khz_f1_noise,2khz_f1_snr,3khz_f1_snr,4khz_f1_snr,5khz_f1_snr,2khz_f1_snr_result,3khz_f1_snr_result,4khz_f1_snr_result,5khz_f1_snr_result,2khz_f2_sig,3khz_f2_sig,4khz_f2_sig,5khz_f2_sig,2khz_f2_noise,3khz_f2_noise,4khz_f2_noise,5khz_f2_noise,2khz_f2_snr,3khz_f2_snr,4khz_f2_snr,5khz_f2_snr,2khz_f2_snr_result,3khz_f2_snr_result,4khz_f2_snr_result,5khz_f2_snr_result,sig_2khz,sig_3khz,sig_4khz,sig_5khz,noise_2khz,noise_3khz,noise_4khz,noise_5khz,snr_2khz,snr_3khz,snr_4khz,snr_5khz,2khz_result,3khz_result,4khz_result,5khz_result,test_result,test_complete,ambient_noise_2khz,ambient_noise_3khz,ambient_noise_4khz,ambient_noise_5khz,ambient_noise_result_2khz,ambient_noise_result_3khz,ambient_noise_result_4khz,ambient_noise_result_5khz,ambient_noise_result,tone_length,check_fit_val,check_fit_thresh
00,Name,left,1,,1557,2377,3196,4016,1900,2900,3900,4900,1214,1854,2492,3132,true,true,true,true,159.74338849061076,159.26234213819268,158.56746086016938,157.0710503061117,99.47250611404486,92.13887760941404,77.2708408747682,77.54856929139234,60.27088237656589,67.12346452877864,81.29661998540118,79.52248101471935,true,true,true,true,152.26128144198606,154.7408015753893,150.84566880125382,153.88658175328223,99.47766949975752,84.16724255041183,73.78041369559068,74.3964130210672,52.78361194222853,70.57355902497747,77.06525510566314,79.49016873221503,true,true,true,true,109.35640185019776,102.30069571241357,97.25866247631299,102.45327013014872,100.34102340618713,96.63596792280634,87.89529773830168,77.89691795443444,9.015378444010622,5.664727789607227,9.363364738011313,24.55635217571428,true,false,false,true,Pass,true,106.02650420901519,103.33417936265154,99.21733671654958,101.15496648154529,ok, ok, ok, ok, noise-pass,6,36,130