patient_id,user_id,ear,attempt_id,site,f1_2khz,f1_3khz,f1_4khz,f1_5khz,f2_2khz,f2_3khz,f2_4khz,f2_5khz,oae_2khz,oae_3khz,oae_4khz,oae_5khz,2khz_selected,3khz_selected,4khz_selected,5khz_selected,2khz_f1_sig,3khz_f1_sig,4khz_f1_sig,5khz_f1_sig,2khz_f1_noise,3khz_f1_noise,4khz_f1_noise,5khz_f1_noise,2khz_f1_snr,3khz_f1_snr,4khz_f1_snr,5khz_f1_snr,2khz_f1_snr_result,3khz_f1_snr_result,4khz_f1_snr_result,5khz_f1_snr_result,2khz_f2_sig,3khz_f2_sig,4khz_f2_sig,5khz_f2_sig,2khz_f2_noise,3khz_f2_noise,4khz_f2_noise,5khz_f2_noise,2khz_f2_snr,3khz_f2_snr,4khz_f2_snr,5khz_f2_snr,2khz_f2_snr_result,3khz_f2_snr_result,4khz_f2_snr_result,5khz_f2_snr_result,sig_2khz,sig_3khz,sig_4khz,sig_5khz,noise_2khz,noise_3khz,noise_4khz,noise_5khz,snr_2khz,snr_3khz,snr_4khz,snr_5khz,2khz_result,3khz_result,4khz_result,5khz_result,test_result,test_complete,ambient_noise_2khz,ambient_noise_3khz,ambient_noise_4khz,ambient_noise_5khz,ambient_noise_result_2khz,ambient_noise_result_3khz,ambient_noise_result_4khz,ambient_noise_result_5khz,ambient_noise_result,tone_length,check_fit_val,check_fit_thresh
00,Name,left,2,,1557,2377,3196,4016,1900,2900,3900,4900,1214,1854,2492,3132,true,true,true,true,159.12723246242945,158.71176268447874,158.06870132652233,156.8269080361733,97.83441680382003,96.17497922144169,80.00349224768242,78.59531569469445,61.29281565860941,62.536783463037054,78.06520907883991,78.23159234147886,true,true,true,true,151.91552823521874,153.71570952594524,150.4633604596468,153.58282316509383,97.3570041657024,85.50192409438208,75.05802347332603,74.15442245867473,54.55852406951634,68.21378543156317,75.40533698632076,79.4284007064191,true,true,true,true,100.89314149247144,99.16870233875343,98.66489728511281,104.25567446565181,96.5592462723201,96.75628051899918,89.36158343590759,79.81649345314445,4.333895220151348,2.4124218197542575,9.303313849205225,24.439181012507362,false,false,false,true,Refer,true,103.00244758442967,97.02579536516575,99.67536258330239,102.69608280063804,ok, ok, ok, ok, noise-pass,6,44,130