patient_id,user_id,ear,attempt_id,site,f1_2khz,f1_3khz,f1_4khz,f1_5khz,f2_2khz,f2_3khz,f2_4khz,f2_5khz,oae_2khz,oae_3khz,oae_4khz,oae_5khz,2khz_selected,3khz_selected,4khz_selected,5khz_selected,2khz_f1_sig,3khz_f1_sig,4khz_f1_sig,5khz_f1_sig,2khz_f1_noise,3khz_f1_noise,4khz_f1_noise,5khz_f1_noise,2khz_f1_snr,3khz_f1_snr,4khz_f1_snr,5khz_f1_snr,2khz_f1_snr_result,3khz_f1_snr_result,4khz_f1_snr_result,5khz_f1_snr_result,2khz_f2_sig,3khz_f2_sig,4khz_f2_sig,5khz_f2_sig,2khz_f2_noise,3khz_f2_noise,4khz_f2_noise,5khz_f2_noise,2khz_f2_snr,3khz_f2_snr,4khz_f2_snr,5khz_f2_snr,2khz_f2_snr_result,3khz_f2_snr_result,4khz_f2_snr_result,5khz_f2_snr_result,sig_2khz,sig_3khz,sig_4khz,sig_5khz,noise_2khz,noise_3khz,noise_4khz,noise_5khz,snr_2khz,snr_3khz,snr_4khz,snr_5khz,2khz_result,3khz_result,4khz_result,5khz_result,test_result,test_complete,ambient_noise_2khz,ambient_noise_3khz,ambient_noise_4khz,ambient_noise_5khz,ambient_noise_result_2khz,ambient_noise_result_3khz,ambient_noise_result_4khz,ambient_noise_result_5khz,ambient_noise_result,tone_length,check_fit_val,check_fit_thresh
14,Name,right,1,Mathare,1557,2377,3196,4016,1900,2900,3900,4900,1214,1854,2492,3132,true,true,true,true,157.94970576361095,161.65778297762117,161.5047393065948,159.7754842206266,79.16113881502106,75.3448530279333,76.70753685747857,72.0529728113796,78.78856694858989,86.31292994968787,84.79720244911621,87.72251140924699,true,true,true,true,151.64610949610454,160.91883118508002,154.22875455702845,156.92215999412036,74.0121385837522,72.31967416117865,69.57267633412299,70.77427726553134,77.63397091235234,88.59915702390137,84.65607822290546,86.14788272858902,true,true,true,true,101.73024847003852,103.10928004475406,91.21813702320341,81.03669191518065,81.26907623060312,75.21328003511454,79.84720457868882,70.68287719463045,20.4611722394354,27.896000009639522,11.370932444514594,10.353814720550204,true,true,true,true,Pass,true,84.94375204574136,87.95163559804088,89.62437371289282,94.84814691016109,ok, ok, ok, ok, noise-pass,6,260,130