patient_id,user_id,ear,attempt_id,site,f1_2khz,f1_3khz,f1_4khz,f1_5khz,f2_2khz,f2_3khz,f2_4khz,f2_5khz,oae_2khz,oae_3khz,oae_4khz,oae_5khz,2khz_selected,3khz_selected,4khz_selected,5khz_selected,2khz_f1_sig,3khz_f1_sig,4khz_f1_sig,5khz_f1_sig,2khz_f1_noise,3khz_f1_noise,4khz_f1_noise,5khz_f1_noise,2khz_f1_snr,3khz_f1_snr,4khz_f1_snr,5khz_f1_snr,2khz_f1_snr_result,3khz_f1_snr_result,4khz_f1_snr_result,5khz_f1_snr_result,2khz_f2_sig,3khz_f2_sig,4khz_f2_sig,5khz_f2_sig,2khz_f2_noise,3khz_f2_noise,4khz_f2_noise,5khz_f2_noise,2khz_f2_snr,3khz_f2_snr,4khz_f2_snr,5khz_f2_snr,2khz_f2_snr_result,3khz_f2_snr_result,4khz_f2_snr_result,5khz_f2_snr_result,sig_2khz,sig_3khz,sig_4khz,sig_5khz,noise_2khz,noise_3khz,noise_4khz,noise_5khz,snr_2khz,snr_3khz,snr_4khz,snr_5khz,2khz_result,3khz_result,4khz_result,5khz_result,test_result,test_complete,ambient_noise_2khz,ambient_noise_3khz,ambient_noise_4khz,ambient_noise_5khz,ambient_noise_result_2khz,ambient_noise_result_3khz,ambient_noise_result_4khz,ambient_noise_result_5khz,ambient_noise_result,tone_length,check_fit_val,check_fit_thresh
189,Name,right,1,,1557,2377,3196,4016,1900,2900,3900,4900,1214,1854,2492,3132,true,true,true,true,159.622583573673,163.167192186526,161.44540108298315,159.8210513569747,80.30795449468152,81.10910289403007,77.7685942043367,77.82088625409381,79.31462907899149,82.05808929249592,83.67680687864646,82.00016510288089,true,true,true,true,153.5437724523082,160.52235541316378,154.28322783203154,157.17691694654667,75.0555536274624,78.53822950029068,71.14110166454577,75.67253982725914,78.48821882484579,81.9841259128731,83.14212616748577,81.50437711928753,true,true,true,true,102.81137339887165,100.90736730836305,69.1867247515876,75.65337498149549,64.12212342944731,61.78188050376627,54.78017979176308,51.31014285047623,38.68924996942434,39.12548680459678,14.406544959824522,24.343232131019256,true,true,true,true,Pass,true,72.00820628070102,72.86355405106134,74.03055603564975,73.4098118392184,ok, ok, ok, ok, noise-pass,6,247,130