patient_id,user_id,ear,attempt_id,site,f1_2khz,f1_3khz,f1_4khz,f1_5khz,f2_2khz,f2_3khz,f2_4khz,f2_5khz,oae_2khz,oae_3khz,oae_4khz,oae_5khz,2khz_selected,3khz_selected,4khz_selected,5khz_selected,2khz_f1_sig,3khz_f1_sig,4khz_f1_sig,5khz_f1_sig,2khz_f1_noise,3khz_f1_noise,4khz_f1_noise,5khz_f1_noise,2khz_f1_snr,3khz_f1_snr,4khz_f1_snr,5khz_f1_snr,2khz_f1_snr_result,3khz_f1_snr_result,4khz_f1_snr_result,5khz_f1_snr_result,2khz_f2_sig,3khz_f2_sig,4khz_f2_sig,5khz_f2_sig,2khz_f2_noise,3khz_f2_noise,4khz_f2_noise,5khz_f2_noise,2khz_f2_snr,3khz_f2_snr,4khz_f2_snr,5khz_f2_snr,2khz_f2_snr_result,3khz_f2_snr_result,4khz_f2_snr_result,5khz_f2_snr_result,sig_2khz,sig_3khz,sig_4khz,sig_5khz,noise_2khz,noise_3khz,noise_4khz,noise_5khz,snr_2khz,snr_3khz,snr_4khz,snr_5khz,2khz_result,3khz_result,4khz_result,5khz_result,test_result,test_complete,ambient_noise_2khz,ambient_noise_3khz,ambient_noise_4khz,ambient_noise_5khz,ambient_noise_result_2khz,ambient_noise_result_3khz,ambient_noise_result_4khz,ambient_noise_result_5khz,ambient_noise_result,tone_length,check_fit_val,check_fit_thresh
351,Name,left,3,KNH,1557,2377,3196,4016,1900,2900,3900,4900,1214,1854,2492,3132,true,true,true,true,158.58920065196492,162.34043837034528,160.18215504232154,158.05957773911442,102.62718497539365,101.26007568095858,109.74978623919468,109.9605794775133,55.96201567657127,61.0803626893867,50.43236880312686,48.09899826160111,false,true,false,false,149.55701759391494,159.15937644106688,152.93726725892222,154.60325414015762,94.10826238702577,98.18252656006436,102.50909226130013,106.47156732554548,55.44875520688916,60.97684988100252,50.428174997622094,48.13168681461214,true,true,true,false,96.34514284453316,90.03456317995571,91.3320306366637,90.5345392218596,84.54419148428366,78.7822875970021,83.40612141776313,82.29687522047442,11.800951360249499,11.252275582953615,7.925909218900571,8.237664001385184,true,true,true,true,Pass,true,93.14805210560742,92.66386863761856,92.3911661140047,104.01897236022593,ok, ok, ok, ok, noise-pass,6,253,130