patient_id,user_id,ear,attempt_id,site,f1_2khz,f1_3khz,f1_4khz,f1_5khz,f2_2khz,f2_3khz,f2_4khz,f2_5khz,oae_2khz,oae_3khz,oae_4khz,oae_5khz,2khz_selected,3khz_selected,4khz_selected,5khz_selected,2khz_f1_sig,3khz_f1_sig,4khz_f1_sig,5khz_f1_sig,2khz_f1_noise,3khz_f1_noise,4khz_f1_noise,5khz_f1_noise,2khz_f1_snr,3khz_f1_snr,4khz_f1_snr,5khz_f1_snr,2khz_f1_snr_result,3khz_f1_snr_result,4khz_f1_snr_result,5khz_f1_snr_result,2khz_f2_sig,3khz_f2_sig,4khz_f2_sig,5khz_f2_sig,2khz_f2_noise,3khz_f2_noise,4khz_f2_noise,5khz_f2_noise,2khz_f2_snr,3khz_f2_snr,4khz_f2_snr,5khz_f2_snr,2khz_f2_snr_result,3khz_f2_snr_result,4khz_f2_snr_result,5khz_f2_snr_result,sig_2khz,sig_3khz,sig_4khz,sig_5khz,noise_2khz,noise_3khz,noise_4khz,noise_5khz,snr_2khz,snr_3khz,snr_4khz,snr_5khz,2khz_result,3khz_result,4khz_result,5khz_result,test_result,test_complete,ambient_noise_2khz,ambient_noise_3khz,ambient_noise_4khz,ambient_noise_5khz,ambient_noise_result_2khz,ambient_noise_result_3khz,ambient_noise_result_4khz,ambient_noise_result_5khz,ambient_noise_result,tone_length,check_fit_val,check_fit_thresh
502,Name,right,1,,1557,2377,3196,4016,1900,2900,3900,4900,1214,1854,2492,3132,true,true,true,true,158.48240079656372,160.52786038757813,158.4990123516195,157.87216551091143,96.87116454479619,102.73331655376995,98.55891662538167,95.27484719164852,61.61123625176754,57.79454383380818,59.94009572623784,62.59731831926291,true,false,false,true,149.56954808192117,158.8723864799774,151.27683429051243,155.66585882160336,91.77182156399027,94.36308819372394,91.55257925090001,92.78283132758636,57.7977265179309,64.50929828625345,59.724255039612416,62.883027494017,true,true,true,true,93.12444694898453,112.12357565735219,89.00919783776793,94.03935391725307,87.44122146164901,108.86260696936078,85.84359522430532,91.98469375698453,5.68322548733552,3.260968687991408,3.1656026134626103,2.05466016026854,false,false,false,false,Refer,true,96.50441233824765,113.12394709333539,98.48819878947214,114.6814059152941,ok, noisy, ok, ok, retry,6,238,130