patient_id,user_id,ear,attempt_id,site,f1_2khz,f1_3khz,f1_4khz,f1_5khz,f2_2khz,f2_3khz,f2_4khz,f2_5khz,oae_2khz,oae_3khz,oae_4khz,oae_5khz,2khz_selected,3khz_selected,4khz_selected,5khz_selected,2khz_f1_sig,3khz_f1_sig,4khz_f1_sig,5khz_f1_sig,2khz_f1_noise,3khz_f1_noise,4khz_f1_noise,5khz_f1_noise,2khz_f1_snr,3khz_f1_snr,4khz_f1_snr,5khz_f1_snr,2khz_f1_snr_result,3khz_f1_snr_result,4khz_f1_snr_result,5khz_f1_snr_result,2khz_f2_sig,3khz_f2_sig,4khz_f2_sig,5khz_f2_sig,2khz_f2_noise,3khz_f2_noise,4khz_f2_noise,5khz_f2_noise,2khz_f2_snr,3khz_f2_snr,4khz_f2_snr,5khz_f2_snr,2khz_f2_snr_result,3khz_f2_snr_result,4khz_f2_snr_result,5khz_f2_snr_result,sig_2khz,sig_3khz,sig_4khz,sig_5khz,noise_2khz,noise_3khz,noise_4khz,noise_5khz,snr_2khz,snr_3khz,snr_4khz,snr_5khz,2khz_result,3khz_result,4khz_result,5khz_result,test_result,test_complete,ambient_noise_2khz,ambient_noise_3khz,ambient_noise_4khz,ambient_noise_5khz,ambient_noise_result_2khz,ambient_noise_result_3khz,ambient_noise_result_4khz,ambient_noise_result_5khz,ambient_noise_result,tone_length,check_fit_val,check_fit_thresh
352,Name,left,1,KNH,1557,2377,3196,4016,1900,2900,3900,4900,1214,1854,2492,3132,true,true,true,true,153.07879959328207,155.59005066057432,155.99717245411475,153.33932106492136,112.42951128012193,120.32466934024154,118.76960960096348,114.90300403150275,40.64928831316014,35.26538132033278,37.22756285315127,38.43631703341862,false,false,false,false,147.93162127655555,153.23821236138235,148.81222496425045,150.18747306367626,107.32714086896281,118.00666961886611,111.55209975027745,111.76389664155799,40.60448040759273,35.23154274251624,37.260125213973,38.42357642211827,false,false,false,false,100.37320957075424,100.98485697096187,97.38484295307744,94.3867918511208,92.05946504625892,90.50272202826898,86.80308882943349,82.62762602981272,8.31374452449532,10.482134942692895,10.581754123643947,11.759165821308088,true,true,true,true,Pass,true,99.48236490103329,100.4452851924327,96.82346451294818,101.17938722057949,ok, ok, ok, ok, noise-pass,6,255,130