patient_id,user_id,ear,attempt_id,site,f1_2khz,f1_3khz,f1_4khz,f1_5khz,f2_2khz,f2_3khz,f2_4khz,f2_5khz,oae_2khz,oae_3khz,oae_4khz,oae_5khz,2khz_selected,3khz_selected,4khz_selected,5khz_selected,2khz_f1_sig,3khz_f1_sig,4khz_f1_sig,5khz_f1_sig,2khz_f1_noise,3khz_f1_noise,4khz_f1_noise,5khz_f1_noise,2khz_f1_snr,3khz_f1_snr,4khz_f1_snr,5khz_f1_snr,2khz_f1_snr_result,3khz_f1_snr_result,4khz_f1_snr_result,5khz_f1_snr_result,2khz_f2_sig,3khz_f2_sig,4khz_f2_sig,5khz_f2_sig,2khz_f2_noise,3khz_f2_noise,4khz_f2_noise,5khz_f2_noise,2khz_f2_snr,3khz_f2_snr,4khz_f2_snr,5khz_f2_snr,2khz_f2_snr_result,3khz_f2_snr_result,4khz_f2_snr_result,5khz_f2_snr_result,sig_2khz,sig_3khz,sig_4khz,sig_5khz,noise_2khz,noise_3khz,noise_4khz,noise_5khz,snr_2khz,snr_3khz,snr_4khz,snr_5khz,2khz_result,3khz_result,4khz_result,5khz_result,test_result,test_complete,ambient_noise_2khz,ambient_noise_3khz,ambient_noise_4khz,ambient_noise_5khz,ambient_noise_result_2khz,ambient_noise_result_3khz,ambient_noise_result_4khz,ambient_noise_result_5khz,ambient_noise_result,tone_length,check_fit_val,check_fit_thresh
300,Name,right,1,,1557,2377,3196,4016,1900,2900,3900,4900,1214,1854,2492,3132,true,true,true,true,157.37500863817345,155.39063818280374,160.5574546735244,159.29129257972653,99.52799897955904,109.93823622780852,93.0581888627838,73.45600486831151,57.84700965861441,45.452401954995224,67.49926581074061,85.83528771141502,false,false,true,true,150.61127845154934,156.62706583272097,153.02569638665713,156.26222680211112,93.41423765853351,111.22312624973361,86.03790913999293,70.80182113465904,57.19704079301583,45.40393958298736,66.9877872466642,85.46040566745208,true,false,true,true,99.84067595221089,96.71784493087583,84.53033161118523,66.63091477021136,82.0459868376,89.98385261224739,77.33928459778186,60.34772848576708,17.79468911461089,6.733992318628438,7.191047013403377,6.283186284444284,true,true,true,true,Pass,true,92.44737818823276,110.78624391515889,101.56635986117793,89.80266205768048,ok, ok, ok, ok, noise-pass,6,303,130