patient_id,user_id,ear,attempt_id,site,f1_2khz,f1_3khz,f1_4khz,f1_5khz,f2_2khz,f2_3khz,f2_4khz,f2_5khz,oae_2khz,oae_3khz,oae_4khz,oae_5khz,2khz_selected,3khz_selected,4khz_selected,5khz_selected,2khz_f1_sig,3khz_f1_sig,4khz_f1_sig,5khz_f1_sig,2khz_f1_noise,3khz_f1_noise,4khz_f1_noise,5khz_f1_noise,2khz_f1_snr,3khz_f1_snr,4khz_f1_snr,5khz_f1_snr,2khz_f1_snr_result,3khz_f1_snr_result,4khz_f1_snr_result,5khz_f1_snr_result,2khz_f2_sig,3khz_f2_sig,4khz_f2_sig,5khz_f2_sig,2khz_f2_noise,3khz_f2_noise,4khz_f2_noise,5khz_f2_noise,2khz_f2_snr,3khz_f2_snr,4khz_f2_snr,5khz_f2_snr,2khz_f2_snr_result,3khz_f2_snr_result,4khz_f2_snr_result,5khz_f2_snr_result,sig_2khz,sig_3khz,sig_4khz,sig_5khz,noise_2khz,noise_3khz,noise_4khz,noise_5khz,snr_2khz,snr_3khz,snr_4khz,snr_5khz,2khz_result,3khz_result,4khz_result,5khz_result,test_result,test_complete,ambient_noise_2khz,ambient_noise_3khz,ambient_noise_4khz,ambient_noise_5khz,ambient_noise_result_2khz,ambient_noise_result_3khz,ambient_noise_result_4khz,ambient_noise_result_5khz,ambient_noise_result,tone_length,check_fit_val,check_fit_thresh
352,Name,right,1,KNH,1557,2377,3196,4016,1900,2900,3900,4900,1214,1854,2492,3132,true,true,true,true,162.85233402340864,162.0932782535482,160.7788809777316,159.31433842111568,91.15379402093284,75.30783557825825,73.59649646863555,71.56345677531083,71.69854000247581,86.78544267528994,87.18238450909605,87.75088164580485,true,true,true,true,153.64557150427743,159.553853325442,153.55425176477246,156.29122903351717,82.15285764522427,70.97748547356368,66.37030860348553,76.82914506175958,71.49271385905315,88.57636785187832,87.18394316128693,79.4620839717576,true,true,true,true,96.47229921251667,92.19975492440489,77.39574404979159,75.62045809309308,85.04490477571736,78.41061114348659,63.61986983660387,57.27634252557026,11.427394436799318,13.789143780918295,13.77587421318772,18.34411556752282,true,true,true,true,Pass,true,89.50194751439321,87.9311377093737,90.68790991358166,90.27180495670066,ok, ok, ok, ok, noise-pass,6,74,130