patient_id,user_id,ear,attempt_id,site,f1_2khz,f1_3khz,f1_4khz,f1_5khz,f2_2khz,f2_3khz,f2_4khz,f2_5khz,oae_2khz,oae_3khz,oae_4khz,oae_5khz,2khz_selected,3khz_selected,4khz_selected,5khz_selected,2khz_f1_sig,3khz_f1_sig,4khz_f1_sig,5khz_f1_sig,2khz_f1_noise,3khz_f1_noise,4khz_f1_noise,5khz_f1_noise,2khz_f1_snr,3khz_f1_snr,4khz_f1_snr,5khz_f1_snr,2khz_f1_snr_result,3khz_f1_snr_result,4khz_f1_snr_result,5khz_f1_snr_result,2khz_f2_sig,3khz_f2_sig,4khz_f2_sig,5khz_f2_sig,2khz_f2_noise,3khz_f2_noise,4khz_f2_noise,5khz_f2_noise,2khz_f2_snr,3khz_f2_snr,4khz_f2_snr,5khz_f2_snr,2khz_f2_snr_result,3khz_f2_snr_result,4khz_f2_snr_result,5khz_f2_snr_result,sig_2khz,sig_3khz,sig_4khz,sig_5khz,noise_2khz,noise_3khz,noise_4khz,noise_5khz,snr_2khz,snr_3khz,snr_4khz,snr_5khz,2khz_result,3khz_result,4khz_result,5khz_result,test_result,test_complete,ambient_noise_2khz,ambient_noise_3khz,ambient_noise_4khz,ambient_noise_5khz,ambient_noise_result_2khz,ambient_noise_result_3khz,ambient_noise_result_4khz,ambient_noise_result_5khz,ambient_noise_result,tone_length,check_fit_val,check_fit_thresh
301,Name,right,3,,1557,2377,3196,4016,1900,2900,3900,4900,1214,1854,2492,3132,true,true,true,true,150.70504022682408,163.49358265842653,160.7702121013499,158.59231022813913,92.38149346488258,96.49299065853128,91.63468729460286,94.8658622644883,58.3235467619415,67.00059199989525,69.13552480674704,63.72644796365083,false,true,true,true,148.3064639567235,159.3571306638564,153.29260245385566,155.8240379341914,89.92296793069897,92.45098378893846,84.45590941877823,92.30687106570203,58.38349602602452,66.90614687491794,68.83669303507743,63.51716686848938,true,true,true,true,87.57209762475787,78.35729612918323,79.03427096895113,68.46519128459116,84.898283516079,71.19583534713747,68.84780554584047,56.84293275701726,2.6738141086788687,7.161460782045751,10.186465423110661,11.622258527573898,false,true,true,true,Pass,true,92.70704175376363,96.26216261960522,97.62666251289266,87.35015849420924,ok, ok, ok, ok, noise-pass,6,309,130