patient_id,user_id,ear,attempt_id,site,f1_2khz,f1_3khz,f1_4khz,f1_5khz,f2_2khz,f2_3khz,f2_4khz,f2_5khz,oae_2khz,oae_3khz,oae_4khz,oae_5khz,2khz_selected,3khz_selected,4khz_selected,5khz_selected,2khz_f1_sig,3khz_f1_sig,4khz_f1_sig,5khz_f1_sig,2khz_f1_noise,3khz_f1_noise,4khz_f1_noise,5khz_f1_noise,2khz_f1_snr,3khz_f1_snr,4khz_f1_snr,5khz_f1_snr,2khz_f1_snr_result,3khz_f1_snr_result,4khz_f1_snr_result,5khz_f1_snr_result,2khz_f2_sig,3khz_f2_sig,4khz_f2_sig,5khz_f2_sig,2khz_f2_noise,3khz_f2_noise,4khz_f2_noise,5khz_f2_noise,2khz_f2_snr,3khz_f2_snr,4khz_f2_snr,5khz_f2_snr,2khz_f2_snr_result,3khz_f2_snr_result,4khz_f2_snr_result,5khz_f2_snr_result,sig_2khz,sig_3khz,sig_4khz,sig_5khz,noise_2khz,noise_3khz,noise_4khz,noise_5khz,snr_2khz,snr_3khz,snr_4khz,snr_5khz,2khz_result,3khz_result,4khz_result,5khz_result,test_result,test_complete,ambient_noise_2khz,ambient_noise_3khz,ambient_noise_4khz,ambient_noise_5khz,ambient_noise_result_2khz,ambient_noise_result_3khz,ambient_noise_result_4khz,ambient_noise_result_5khz,ambient_noise_result,tone_length,check_fit_val,check_fit_thresh
355,Name,left,1,,1557,2377,3196,4016,1900,2900,3900,4900,1214,1854,2492,3132,true,true,true,true,161.98715506696504,164.1171328250738,161.43833879526665,159.27086564135018,82.17287994235421,85.853749472347,74.23133430211897,93.05764043508458,79.81427512461083,78.2633833527268,87.20700449314768,66.2132252062656,true,true,true,true,155.6955368689903,160.2482348929108,153.64312235198958,155.7942508347459,83.81995101174354,74.79180373810269,70.18178043120342,88.94718365329905,71.87558585724676,85.45643115480812,83.46134192078615,66.84706718144685,true,true,true,true,85.13554358436863,97.43385565558563,86.58211213065904,100.53017604501397,83.31576398629474,93.05816789323788,85.61205110219899,98.46022595829872,1.8197795980738931,4.375687762347752,0.9700610284600515,2.0699500867152523,false,false,false,false,Refer,true,89.89141218736684,96.00174669079405,85.63073948567893,109.1580759808202,ok, ok, ok, noisy, retry,6,67,130