patient_id,user_id,ear,attempt_id,site,f1_2khz,f1_3khz,f1_4khz,f1_5khz,f2_2khz,f2_3khz,f2_4khz,f2_5khz,oae_2khz,oae_3khz,oae_4khz,oae_5khz,2khz_selected,3khz_selected,4khz_selected,5khz_selected,2khz_f1_sig,3khz_f1_sig,4khz_f1_sig,5khz_f1_sig,2khz_f1_noise,3khz_f1_noise,4khz_f1_noise,5khz_f1_noise,2khz_f1_snr,3khz_f1_snr,4khz_f1_snr,5khz_f1_snr,2khz_f1_snr_result,3khz_f1_snr_result,4khz_f1_snr_result,5khz_f1_snr_result,2khz_f2_sig,3khz_f2_sig,4khz_f2_sig,5khz_f2_sig,2khz_f2_noise,3khz_f2_noise,4khz_f2_noise,5khz_f2_noise,2khz_f2_snr,3khz_f2_snr,4khz_f2_snr,5khz_f2_snr,2khz_f2_snr_result,3khz_f2_snr_result,4khz_f2_snr_result,5khz_f2_snr_result,sig_2khz,sig_3khz,sig_4khz,sig_5khz,noise_2khz,noise_3khz,noise_4khz,noise_5khz,snr_2khz,snr_3khz,snr_4khz,snr_5khz,2khz_result,3khz_result,4khz_result,5khz_result,test_result,test_complete,ambient_noise_2khz,ambient_noise_3khz,ambient_noise_4khz,ambient_noise_5khz,ambient_noise_result_2khz,ambient_noise_result_3khz,ambient_noise_result_4khz,ambient_noise_result_5khz,ambient_noise_result,tone_length,check_fit_val,check_fit_thresh
10,Name,left,1,Mathare,1557,2377,3196,4016,1900,2900,3900,4900,1214,1854,2492,3132,true,true,true,true,150.95196897199565,162.64907821196817,161.2092315415414,159.5894992469005,95.8392661312121,100.77956852267327,100.44267918179824,99.88000599304308,55.112702840783555,61.8695096892949,60.76655235974317,59.7094932538574,false,true,true,false,149.62911383985846,160.61975411271303,154.06757228121583,157.43251701877927,94.52883016548398,99.38772043720101,93.59557266994861,97.89616676732798,55.10028367437448,61.232033675512014,60.47199961126722,59.53635025145128,true,true,true,true,87.79599308033639,93.71619926288773,91.19962971201497,73.13232884315106,81.44151985569289,70.92711729406523,79.96131713649294,66.42941921473471,6.354473224643499,22.7890819688225,11.23831257552203,6.70290962841635,true,true,true,true,Pass,true,97.08529880842472,94.25262760031919,95.7469608861099,97.39527807318447,ok, ok, ok, ok, noise-pass,6,304,130