patient_id,user_id,ear,attempt_id,site,f1_2khz,f1_3khz,f1_4khz,f1_5khz,f2_2khz,f2_3khz,f2_4khz,f2_5khz,oae_2khz,oae_3khz,oae_4khz,oae_5khz,2khz_selected,3khz_selected,4khz_selected,5khz_selected,2khz_f1_sig,3khz_f1_sig,4khz_f1_sig,5khz_f1_sig,2khz_f1_noise,3khz_f1_noise,4khz_f1_noise,5khz_f1_noise,2khz_f1_snr,3khz_f1_snr,4khz_f1_snr,5khz_f1_snr,2khz_f1_snr_result,3khz_f1_snr_result,4khz_f1_snr_result,5khz_f1_snr_result,2khz_f2_sig,3khz_f2_sig,4khz_f2_sig,5khz_f2_sig,2khz_f2_noise,3khz_f2_noise,4khz_f2_noise,5khz_f2_noise,2khz_f2_snr,3khz_f2_snr,4khz_f2_snr,5khz_f2_snr,2khz_f2_snr_result,3khz_f2_snr_result,4khz_f2_snr_result,5khz_f2_snr_result,sig_2khz,sig_3khz,sig_4khz,sig_5khz,noise_2khz,noise_3khz,noise_4khz,noise_5khz,snr_2khz,snr_3khz,snr_4khz,snr_5khz,2khz_result,3khz_result,4khz_result,5khz_result,test_result,test_complete,ambient_noise_2khz,ambient_noise_3khz,ambient_noise_4khz,ambient_noise_5khz,ambient_noise_result_2khz,ambient_noise_result_3khz,ambient_noise_result_4khz,ambient_noise_result_5khz,ambient_noise_result,tone_length,check_fit_val,check_fit_thresh
505,Name,right,1,,1557,2377,3196,4016,1900,2900,3900,4900,1214,1854,2492,3132,true,true,true,true,159.1921794488593,163.18390276344326,161.25300826175027,159.54879978310862,83.49256637177307,88.2231579536473,86.26771231388022,81.90194987720992,75.69961307708623,74.96074480979595,74.98529594787004,77.6468499058987,true,true,true,true,152.87804159005123,160.21811342186152,153.9301159529237,156.94327372998305,78.34449369379756,85.26629586222279,79.26929951925962,79.57508999301243,74.53354789625367,74.95181755963873,74.66081643366408,77.36818373697062,true,true,true,true,96.83147474212376,81.47804815134093,70.62010762554164,64.06943063145242,67.13140163078343,63.36503528733982,55.02043418487289,50.13502656782107,29.70007311134033,18.113012864001107,15.599673440668745,13.934404063631348,true,true,true,true,Pass,true,79.7049748758925,78.34918306329682,80.78981034177089,79.2178749062713,ok, ok, ok, ok, noise-pass,6,214,130