patient_id,user_id,ear,attempt_id,site,f1_2khz,f1_3khz,f1_4khz,f1_5khz,f2_2khz,f2_3khz,f2_4khz,f2_5khz,oae_2khz,oae_3khz,oae_4khz,oae_5khz,2khz_selected,3khz_selected,4khz_selected,5khz_selected,2khz_f1_sig,3khz_f1_sig,4khz_f1_sig,5khz_f1_sig,2khz_f1_noise,3khz_f1_noise,4khz_f1_noise,5khz_f1_noise,2khz_f1_snr,3khz_f1_snr,4khz_f1_snr,5khz_f1_snr,2khz_f1_snr_result,3khz_f1_snr_result,4khz_f1_snr_result,5khz_f1_snr_result,2khz_f2_sig,3khz_f2_sig,4khz_f2_sig,5khz_f2_sig,2khz_f2_noise,3khz_f2_noise,4khz_f2_noise,5khz_f2_noise,2khz_f2_snr,3khz_f2_snr,4khz_f2_snr,5khz_f2_snr,2khz_f2_snr_result,3khz_f2_snr_result,4khz_f2_snr_result,5khz_f2_snr_result,sig_2khz,sig_3khz,sig_4khz,sig_5khz,noise_2khz,noise_3khz,noise_4khz,noise_5khz,snr_2khz,snr_3khz,snr_4khz,snr_5khz,2khz_result,3khz_result,4khz_result,5khz_result,test_result,test_complete,ambient_noise_2khz,ambient_noise_3khz,ambient_noise_4khz,ambient_noise_5khz,ambient_noise_result_2khz,ambient_noise_result_3khz,ambient_noise_result_4khz,ambient_noise_result_5khz,ambient_noise_result,tone_length,check_fit_val,check_fit_thresh
11,Name,right,1,Mathare,1557,2377,3196,4016,1900,2900,3900,4900,1214,1854,2492,3132,true,true,true,true,154.30031926556507,161.8384784054058,161.34171539915226,160.3722302272305,90.15949770895638,102.22297094617878,99.53981433573055,94.40126243173503,64.14082155660869,59.61550745922702,61.80190106342171,65.97096779549545,true,false,true,true,151.31272479760446,160.13468589811,154.83591637774902,155.78511849179714,89.88802034522082,100.61509342630622,93.33750562382882,89.81071424267083,61.42470445238364,59.51959247180379,61.4984107539202,65.97440424912631,true,true,true,true,83.29599560074061,92.6425531187268,82.58146488638333,70.68007808582753,77.00942755316579,87.349613558673,80.03464688322693,66.56470454780943,6.286568047574818,5.292939560053796,2.546818003156403,4.115373538018105,true,false,false,false,Refer,true,96.40294349506149,95.17689264882792,99.18147960332891,95.57764045473222,ok, ok, ok, ok, noise-pass,6,277,130