patient_id,user_id,ear,attempt_id,site,f1_2khz,f1_3khz,f1_4khz,f1_5khz,f2_2khz,f2_3khz,f2_4khz,f2_5khz,oae_2khz,oae_3khz,oae_4khz,oae_5khz,2khz_selected,3khz_selected,4khz_selected,5khz_selected,2khz_f1_sig,3khz_f1_sig,4khz_f1_sig,5khz_f1_sig,2khz_f1_noise,3khz_f1_noise,4khz_f1_noise,5khz_f1_noise,2khz_f1_snr,3khz_f1_snr,4khz_f1_snr,5khz_f1_snr,2khz_f1_snr_result,3khz_f1_snr_result,4khz_f1_snr_result,5khz_f1_snr_result,2khz_f2_sig,3khz_f2_sig,4khz_f2_sig,5khz_f2_sig,2khz_f2_noise,3khz_f2_noise,4khz_f2_noise,5khz_f2_noise,2khz_f2_snr,3khz_f2_snr,4khz_f2_snr,5khz_f2_snr,2khz_f2_snr_result,3khz_f2_snr_result,4khz_f2_snr_result,5khz_f2_snr_result,sig_2khz,sig_3khz,sig_4khz,sig_5khz,noise_2khz,noise_3khz,noise_4khz,noise_5khz,snr_2khz,snr_3khz,snr_4khz,snr_5khz,2khz_result,3khz_result,4khz_result,5khz_result,test_result,test_complete,ambient_noise_2khz,ambient_noise_3khz,ambient_noise_4khz,ambient_noise_5khz,ambient_noise_result_2khz,ambient_noise_result_3khz,ambient_noise_result_4khz,ambient_noise_result_5khz,ambient_noise_result,tone_length,check_fit_val,check_fit_thresh
181,fm,left,1,KNH,1557,2377,3196,4016,1900,2900,3900,4900,1214,1854,2492,3132,true,true,true,true,156.23117647904996,163.083548050809,160.93572351539854,159.12417560856676,98.89482764558264,96.50633095425518,95.02588324525465,101.39928759837252,57.336348833467326,66.57721709655381,65.90984027014389,57.724888010194235,false,true,true,false,151.67867407829462,159.97452659473672,153.805939431422,156.58759424679147,94.5904047507567,93.50243392839712,88.03840562487306,98.85110119714581,57.088269327537915,66.47209266633959,65.76753380654893,57.73649304964566,true,true,true,true,104.26113193324085,98.48155439158705,79.07509595498686,81.01148330087088,79.27565196441977,73.26077654661125,71.2328522358983,74.99905012238924,24.985479968821082,25.2207778449758,7.842243719088557,6.012433178481643,true,true,true,true,Pass,true,91.91455977001506,85.61612084967783,88.44940925837491,91.91626369728911,ok, ok, ok, ok, noise-pass,6,234,130