patient_id,user_id,ear,attempt_id,site,f1_2khz,f1_3khz,f1_4khz,f1_5khz,f2_2khz,f2_3khz,f2_4khz,f2_5khz,oae_2khz,oae_3khz,oae_4khz,oae_5khz,2khz_selected,3khz_selected,4khz_selected,5khz_selected,2khz_f1_sig,3khz_f1_sig,4khz_f1_sig,5khz_f1_sig,2khz_f1_noise,3khz_f1_noise,4khz_f1_noise,5khz_f1_noise,2khz_f1_snr,3khz_f1_snr,4khz_f1_snr,5khz_f1_snr,2khz_f1_snr_result,3khz_f1_snr_result,4khz_f1_snr_result,5khz_f1_snr_result,2khz_f2_sig,3khz_f2_sig,4khz_f2_sig,5khz_f2_sig,2khz_f2_noise,3khz_f2_noise,4khz_f2_noise,5khz_f2_noise,2khz_f2_snr,3khz_f2_snr,4khz_f2_snr,5khz_f2_snr,2khz_f2_snr_result,3khz_f2_snr_result,4khz_f2_snr_result,5khz_f2_snr_result,sig_2khz,sig_3khz,sig_4khz,sig_5khz,noise_2khz,noise_3khz,noise_4khz,noise_5khz,snr_2khz,snr_3khz,snr_4khz,snr_5khz,2khz_result,3khz_result,4khz_result,5khz_result,test_result,test_complete,ambient_noise_2khz,ambient_noise_3khz,ambient_noise_4khz,ambient_noise_5khz,ambient_noise_result_2khz,ambient_noise_result_3khz,ambient_noise_result_4khz,ambient_noise_result_5khz,ambient_noise_result,tone_length,check_fit_val,check_fit_thresh
500,Name,right,1,,1557,2377,3196,4016,1900,2900,3900,4900,1214,1854,2492,3132,true,true,true,true,161.991414975558,162.66932290172522,161.0958763361636,159.4363029954119,75.18705254463575,94.62059563118187,89.88147838431671,63.80298158694452,86.80436243092225,68.04872727054335,71.21439795184689,95.63332140846737,true,true,true,true,155.63588763806848,158.96331124904847,153.45254871734656,156.5088415032479,76.3158256073209,86.49022792133746,82.88545127896495,63.692076272739044,79.32006203074758,72.47308332771101,70.56709743838161,92.81676523050886,true,true,true,true,77.44655304445948,89.6707983504522,95.2012203160841,61.17358645460757,70.37938513533877,88.69952545806069,89.39145037740138,54.68962965277754,7.0671679091207125,0.9712728923915108,5.80976993868272,6.483956801830033,true,false,false,true,Pass,true,78.64356919698304,95.43206871300526,90.05844487191975,78.54738378057371,ok, ok, ok, ok, noise-pass,6,38,130