patient_id,user_id,ear,attempt_id,site,f1_2khz,f1_3khz,f1_4khz,f1_5khz,f2_2khz,f2_3khz,f2_4khz,f2_5khz,oae_2khz,oae_3khz,oae_4khz,oae_5khz,2khz_selected,3khz_selected,4khz_selected,5khz_selected,2khz_f1_sig,3khz_f1_sig,4khz_f1_sig,5khz_f1_sig,2khz_f1_noise,3khz_f1_noise,4khz_f1_noise,5khz_f1_noise,2khz_f1_snr,3khz_f1_snr,4khz_f1_snr,5khz_f1_snr,2khz_f1_snr_result,3khz_f1_snr_result,4khz_f1_snr_result,5khz_f1_snr_result,2khz_f2_sig,3khz_f2_sig,4khz_f2_sig,5khz_f2_sig,2khz_f2_noise,3khz_f2_noise,4khz_f2_noise,5khz_f2_noise,2khz_f2_snr,3khz_f2_snr,4khz_f2_snr,5khz_f2_snr,2khz_f2_snr_result,3khz_f2_snr_result,4khz_f2_snr_result,5khz_f2_snr_result,sig_2khz,sig_3khz,sig_4khz,sig_5khz,noise_2khz,noise_3khz,noise_4khz,noise_5khz,snr_2khz,snr_3khz,snr_4khz,snr_5khz,2khz_result,3khz_result,4khz_result,5khz_result,test_result,test_complete,ambient_noise_2khz,ambient_noise_3khz,ambient_noise_4khz,ambient_noise_5khz,ambient_noise_result_2khz,ambient_noise_result_3khz,ambient_noise_result_4khz,ambient_noise_result_5khz,ambient_noise_result,tone_length,check_fit_val,check_fit_thresh
15,Name,left,1,Mathare,1557,2377,3196,4016,1900,2900,3900,4900,1214,1854,2492,3132,true,true,true,true,161.6067908691966,159.99266668131523,161.36726128156565,159.58280101736406,111.89591556073745,88.54264653322599,78.04019594428185,86.84467360303043,49.71087530845915,71.45002014808924,83.3270653372838,72.73812741433363,false,true,true,true,151.90511051760055,161.12267398937638,154.31113555981943,156.8393697012077,104.43611438093913,86.23328948542994,66.27403327306146,83.43811494532048,47.46899613666142,74.88938450394645,88.03710228675797,73.40125475588721,false,true,true,true,111.87285873924799,103.2895958779531,93.22427095625075,81.96513482872714,106.48729573915305,96.3762418647275,83.77006136269509,81.48499103674177,5.385563000094933,6.9133540132256,9.45420959355566,0.4801437919853697,false,true,true,false,Pass,true,107.2795024990567,99.76405622839532,97.35962017876548,108.01277654214344,ok, ok, ok, ok, noise-pass,6,155,130