patient_id,user_id,ear,attempt_id,site,f1_2khz,f1_3khz,f1_4khz,f1_5khz,f2_2khz,f2_3khz,f2_4khz,f2_5khz,oae_2khz,oae_3khz,oae_4khz,oae_5khz,2khz_selected,3khz_selected,4khz_selected,5khz_selected,2khz_f1_sig,3khz_f1_sig,4khz_f1_sig,5khz_f1_sig,2khz_f1_noise,3khz_f1_noise,4khz_f1_noise,5khz_f1_noise,2khz_f1_snr,3khz_f1_snr,4khz_f1_snr,5khz_f1_snr,2khz_f1_snr_result,3khz_f1_snr_result,4khz_f1_snr_result,5khz_f1_snr_result,2khz_f2_sig,3khz_f2_sig,4khz_f2_sig,5khz_f2_sig,2khz_f2_noise,3khz_f2_noise,4khz_f2_noise,5khz_f2_noise,2khz_f2_snr,3khz_f2_snr,4khz_f2_snr,5khz_f2_snr,2khz_f2_snr_result,3khz_f2_snr_result,4khz_f2_snr_result,5khz_f2_snr_result,sig_2khz,sig_3khz,sig_4khz,sig_5khz,noise_2khz,noise_3khz,noise_4khz,noise_5khz,snr_2khz,snr_3khz,snr_4khz,snr_5khz,2khz_result,3khz_result,4khz_result,5khz_result,test_result,test_complete,ambient_noise_2khz,ambient_noise_3khz,ambient_noise_4khz,ambient_noise_5khz,ambient_noise_result_2khz,ambient_noise_result_3khz,ambient_noise_result_4khz,ambient_noise_result_5khz,ambient_noise_result,tone_length,check_fit_val,check_fit_thresh
302,Name,left,2,,1557,2377,3196,4016,1900,2900,3900,4900,1214,1854,2492,3132,true,true,true,true,158.29133315732798,160.60248627384826,158.65244158885903,144.8751678784568,99.72191458715506,88.01660669138653,97.52156305027525,109.88244763561566,58.56941857017293,72.58587958246173,61.13087853858379,34.992720242841145,false,true,true,false,149.00534616696962,159.38034079719893,151.11188759629218,141.088809300691,89.34548164921841,86.93984182558785,90.66807513864677,106.03060089029724,59.6598645177512,72.44049897161108,60.44381245764541,35.05820841039376,true,true,true,false,98.33925450098948,96.71338014649675,96.1578703353776,91.62696257124614,80.30667039636995,81.69945593116043,95.65228438959136,84.67057204004831,18.03258410461953,15.013924215336317,0.5055859457862368,6.956390531197826,true,true,false,true,Pass,true,90.48337862537102,94.56035130182141,110.86995655132606,111.84807095054097,ok, ok, ok, ok, noise-pass,6,192,130