patient_id,user_id,ear,attempt_id,site,f1_2khz,f1_3khz,f1_4khz,f1_5khz,f2_2khz,f2_3khz,f2_4khz,f2_5khz,oae_2khz,oae_3khz,oae_4khz,oae_5khz,2khz_selected,3khz_selected,4khz_selected,5khz_selected,2khz_f1_sig,3khz_f1_sig,4khz_f1_sig,5khz_f1_sig,2khz_f1_noise,3khz_f1_noise,4khz_f1_noise,5khz_f1_noise,2khz_f1_snr,3khz_f1_snr,4khz_f1_snr,5khz_f1_snr,2khz_f1_snr_result,3khz_f1_snr_result,4khz_f1_snr_result,5khz_f1_snr_result,2khz_f2_sig,3khz_f2_sig,4khz_f2_sig,5khz_f2_sig,2khz_f2_noise,3khz_f2_noise,4khz_f2_noise,5khz_f2_noise,2khz_f2_snr,3khz_f2_snr,4khz_f2_snr,5khz_f2_snr,2khz_f2_snr_result,3khz_f2_snr_result,4khz_f2_snr_result,5khz_f2_snr_result,sig_2khz,sig_3khz,sig_4khz,sig_5khz,noise_2khz,noise_3khz,noise_4khz,noise_5khz,snr_2khz,snr_3khz,snr_4khz,snr_5khz,2khz_result,3khz_result,4khz_result,5khz_result,test_result,test_complete,ambient_noise_2khz,ambient_noise_3khz,ambient_noise_4khz,ambient_noise_5khz,ambient_noise_result_2khz,ambient_noise_result_3khz,ambient_noise_result_4khz,ambient_noise_result_5khz,ambient_noise_result,tone_length,check_fit_val,check_fit_thresh
353,Name,right,1,KNH,1557,2377,3196,4016,1900,2900,3900,4900,1214,1854,2492,3132,true,true,true,true,159.8612648997892,160.59058747526365,155.8101498095931,158.29524404062747,111.35215843336931,101.31959504504019,127.68761961815791,100.82668774491252,48.509106466419894,59.27099243022346,28.12253019143519,57.46855629571495,false,false,false,false,148.6463593057805,158.96084905243083,148.58915205368004,155.38129210615688,100.99689114184929,99.71761506644592,120.4575284787846,98.09067384037279,47.6494681639312,59.243233985984915,28.131623574895443,57.29061826578409,false,true,false,true,101.10941470828718,76.18485528804511,94.99482097462943,78.9998426233201,95.1471863900718,73.40019182310938,92.57717099451305,77.05777606399596,5.962228318215381,2.7846634649357327,2.41764998011638,1.9420665593241466,false,false,false,false,Refer,true,100.6196458497111,89.44149759563406,104.5567922074748,99.2864654354889,ok, ok, ok, ok, noise-pass,6,261,130