patient_id,user_id,ear,attempt_id,site,f1_2khz,f1_3khz,f1_4khz,f1_5khz,f2_2khz,f2_3khz,f2_4khz,f2_5khz,oae_2khz,oae_3khz,oae_4khz,oae_5khz,2khz_selected,3khz_selected,4khz_selected,5khz_selected,2khz_f1_sig,3khz_f1_sig,4khz_f1_sig,5khz_f1_sig,2khz_f1_noise,3khz_f1_noise,4khz_f1_noise,5khz_f1_noise,2khz_f1_snr,3khz_f1_snr,4khz_f1_snr,5khz_f1_snr,2khz_f1_snr_result,3khz_f1_snr_result,4khz_f1_snr_result,5khz_f1_snr_result,2khz_f2_sig,3khz_f2_sig,4khz_f2_sig,5khz_f2_sig,2khz_f2_noise,3khz_f2_noise,4khz_f2_noise,5khz_f2_noise,2khz_f2_snr,3khz_f2_snr,4khz_f2_snr,5khz_f2_snr,2khz_f2_snr_result,3khz_f2_snr_result,4khz_f2_snr_result,5khz_f2_snr_result,sig_2khz,sig_3khz,sig_4khz,sig_5khz,noise_2khz,noise_3khz,noise_4khz,noise_5khz,snr_2khz,snr_3khz,snr_4khz,snr_5khz,2khz_result,3khz_result,4khz_result,5khz_result,test_result,test_complete,ambient_noise_2khz,ambient_noise_3khz,ambient_noise_4khz,ambient_noise_5khz,ambient_noise_result_2khz,ambient_noise_result_3khz,ambient_noise_result_4khz,ambient_noise_result_5khz,ambient_noise_result,tone_length,check_fit_val,check_fit_thresh
200,Name,right,1,,1557,2377,3196,4016,1900,2900,3900,4900,1214,1854,2492,3132,true,true,true,true,159.1846706243354,161.09838705495474,157.78659831207725,159.62993497892302,92.16246535678314,87.35401542411046,109.77766660809337,71.26754977559719,67.02220526755227,73.74437163084428,48.008931703983876,88.36238520332583,true,true,false,true,152.46990032456577,160.1585233429443,150.71923943498493,156.87223576340386,83.83252054860881,86.2787598725678,102.73785340466608,70.88638976624256,68.63737977595696,73.8797634703765,47.981386030318845,85.9858459971613,true,true,false,true,79.45822750667121,78.40205955023639,81.29055879189931,75.81898569995461,76.85891580654742,72.76373893018089,79.79591006268342,73.04445344358149,2.599311700123792,5.638320620055495,1.4946487292158963,2.7745322563731207,false,false,false,false,Refer,true,90.46619905833431,85.44134141111604,88.23907575114646,92.41678911491182,ok, ok, ok, ok, noise-pass,6,315,130