patient_id,user_id,ear,attempt_id,site,f1_2khz,f1_3khz,f1_4khz,f1_5khz,f2_2khz,f2_3khz,f2_4khz,f2_5khz,oae_2khz,oae_3khz,oae_4khz,oae_5khz,2khz_selected,3khz_selected,4khz_selected,5khz_selected,2khz_f1_sig,3khz_f1_sig,4khz_f1_sig,5khz_f1_sig,2khz_f1_noise,3khz_f1_noise,4khz_f1_noise,5khz_f1_noise,2khz_f1_snr,3khz_f1_snr,4khz_f1_snr,5khz_f1_snr,2khz_f1_snr_result,3khz_f1_snr_result,4khz_f1_snr_result,5khz_f1_snr_result,2khz_f2_sig,3khz_f2_sig,4khz_f2_sig,5khz_f2_sig,2khz_f2_noise,3khz_f2_noise,4khz_f2_noise,5khz_f2_noise,2khz_f2_snr,3khz_f2_snr,4khz_f2_snr,5khz_f2_snr,2khz_f2_snr_result,3khz_f2_snr_result,4khz_f2_snr_result,5khz_f2_snr_result,sig_2khz,sig_3khz,sig_4khz,sig_5khz,noise_2khz,noise_3khz,noise_4khz,noise_5khz,snr_2khz,snr_3khz,snr_4khz,snr_5khz,2khz_result,3khz_result,4khz_result,5khz_result,test_result,test_complete,ambient_noise_2khz,ambient_noise_3khz,ambient_noise_4khz,ambient_noise_5khz,ambient_noise_result_2khz,ambient_noise_result_3khz,ambient_noise_result_4khz,ambient_noise_result_5khz,ambient_noise_result,tone_length,check_fit_val,check_fit_thresh
191,Name,left,1,,1557,2377,3196,4016,1900,2900,3900,4900,1214,1854,2492,3132,true,true,true,true,153.8916703955622,162.70761461284164,160.80639706519136,158.63394955834497,98.74753479878152,90.79619405982197,86.95903779702363,90.37142540895039,55.14413559678067,71.91142055301967,73.84735926816774,68.26252414939458,false,true,true,true,148.71776909085642,159.84907194695236,153.66247635486104,155.26736385798208,95.01816362233889,85.32683372153738,79.94477592166399,86.9956630589277,53.69960546851753,74.52223822541498,73.71770043319705,68.27170079905437,true,true,true,true,95.36881535811466,98.27728845543851,83.26591139239369,66.3254778010294,93.75730894504537,91.83215667132971,77.71660704372914,65.79589968914514,1.6115064130692929,6.445131784108796,5.549304348664549,0.5295781118842484,false,true,false,false,Refer,true,103.87843940110301,98.46375209435142,98.40571825176366,96.98890715315889,ok, ok, ok, ok, noise-pass,6,268,130