patient_id,user_id,ear,attempt_id,site,f1_2khz,f1_3khz,f1_4khz,f1_5khz,f2_2khz,f2_3khz,f2_4khz,f2_5khz,oae_2khz,oae_3khz,oae_4khz,oae_5khz,2khz_selected,3khz_selected,4khz_selected,5khz_selected,2khz_f1_sig,3khz_f1_sig,4khz_f1_sig,5khz_f1_sig,2khz_f1_noise,3khz_f1_noise,4khz_f1_noise,5khz_f1_noise,2khz_f1_snr,3khz_f1_snr,4khz_f1_snr,5khz_f1_snr,2khz_f1_snr_result,3khz_f1_snr_result,4khz_f1_snr_result,5khz_f1_snr_result,2khz_f2_sig,3khz_f2_sig,4khz_f2_sig,5khz_f2_sig,2khz_f2_noise,3khz_f2_noise,4khz_f2_noise,5khz_f2_noise,2khz_f2_snr,3khz_f2_snr,4khz_f2_snr,5khz_f2_snr,2khz_f2_snr_result,3khz_f2_snr_result,4khz_f2_snr_result,5khz_f2_snr_result,sig_2khz,sig_3khz,sig_4khz,sig_5khz,noise_2khz,noise_3khz,noise_4khz,noise_5khz,snr_2khz,snr_3khz,snr_4khz,snr_5khz,2khz_result,3khz_result,4khz_result,5khz_result,test_result,test_complete,ambient_noise_2khz,ambient_noise_3khz,ambient_noise_4khz,ambient_noise_5khz,ambient_noise_result_2khz,ambient_noise_result_3khz,ambient_noise_result_4khz,ambient_noise_result_5khz,ambient_noise_result,tone_length,check_fit_val,check_fit_thresh
360,Name,right,2,,1557,2377,3196,4016,1900,2900,3900,4900,1214,1854,2492,3132,true,true,true,true,158.4367565087704,162.53722477858332,161.34585853162662,159.68387684703572,99.35662917500355,105.85742669153709,93.0284943922316,91.07746002029963,59.08012733376685,56.67979808704624,68.31736413939502,68.6064168267361,false,false,true,true,154.82043379447197,159.74392158527988,154.0647627391258,157.12986837307756,93.9990431524827,103.0103103742786,86.01126157526329,88.65833846127693,60.82139064198927,56.733611211001275,68.0535011638625,68.47152991180063,true,true,true,true,105.8208624108439,90.13739707056487,78.89751935824972,59.44190835341737,101.33902542637969,78.72128975883898,61.22951093001437,57.27143796864026,4.481836984464209,11.416107311725895,17.668008428235353,2.1704703847771114,false,true,true,false,Refer,true,97.5438023076877,83.02945228188526,84.2773868550096,89.2653219700025,noisy, ok, ok, ok, retry,6,321,130