patient_id,user_id,ear,attempt_id,site,f1_2khz,f1_3khz,f1_4khz,f1_5khz,f2_2khz,f2_3khz,f2_4khz,f2_5khz,oae_2khz,oae_3khz,oae_4khz,oae_5khz,2khz_selected,3khz_selected,4khz_selected,5khz_selected,2khz_f1_sig,3khz_f1_sig,4khz_f1_sig,5khz_f1_sig,2khz_f1_noise,3khz_f1_noise,4khz_f1_noise,5khz_f1_noise,2khz_f1_snr,3khz_f1_snr,4khz_f1_snr,5khz_f1_snr,2khz_f1_snr_result,3khz_f1_snr_result,4khz_f1_snr_result,5khz_f1_snr_result,2khz_f2_sig,3khz_f2_sig,4khz_f2_sig,5khz_f2_sig,2khz_f2_noise,3khz_f2_noise,4khz_f2_noise,5khz_f2_noise,2khz_f2_snr,3khz_f2_snr,4khz_f2_snr,5khz_f2_snr,2khz_f2_snr_result,3khz_f2_snr_result,4khz_f2_snr_result,5khz_f2_snr_result,sig_2khz,sig_3khz,sig_4khz,sig_5khz,noise_2khz,noise_3khz,noise_4khz,noise_5khz,snr_2khz,snr_3khz,snr_4khz,snr_5khz,2khz_result,3khz_result,4khz_result,5khz_result,test_result,test_complete,ambient_noise_2khz,ambient_noise_3khz,ambient_noise_4khz,ambient_noise_5khz,ambient_noise_result_2khz,ambient_noise_result_3khz,ambient_noise_result_4khz,ambient_noise_result_5khz,ambient_noise_result,tone_length,check_fit_val,check_fit_thresh
200,Name,right,3,,1557,2377,3196,4016,1900,2900,3900,4900,1214,1854,2492,3132,true,true,true,true,159.10835628314862,160.97345563307428,159.02141773735056,157.94986917361055,89.12858266854629,85.26955565221834,97.1476767327779,100.50081665350434,69.97977361460234,75.70389998085594,61.873741004572665,57.44905252010621,true,true,true,false,152.5983914510016,160.01606252725918,151.7711257704359,153.53199414084796,83.80824109229187,84.37988768454348,93.40241708957313,98.4611340929807,68.79015035870972,75.6361748427157,58.36870868086277,55.07086004786726,true,true,true,true,87.41950337832093,78.7128228387266,101.19678667930185,92.29122931054958,83.11600866223142,68.74021432605466,100.20864719797879,85.58624283281789,4.303494716089503,9.97260851267194,0.98813948132306,6.704986477731694,false,true,false,true,Refer,true,92.51012038363123,82.38774700506033,109.21377462464996,112.43768781142967,ok, ok, noisy, ok, retry,6,314,130