patient_id,user_id,ear,attempt_id,site,f1_2khz,f1_3khz,f1_4khz,f1_5khz,f2_2khz,f2_3khz,f2_4khz,f2_5khz,oae_2khz,oae_3khz,oae_4khz,oae_5khz,2khz_selected,3khz_selected,4khz_selected,5khz_selected,2khz_f1_sig,3khz_f1_sig,4khz_f1_sig,5khz_f1_sig,2khz_f1_noise,3khz_f1_noise,4khz_f1_noise,5khz_f1_noise,2khz_f1_snr,3khz_f1_snr,4khz_f1_snr,5khz_f1_snr,2khz_f1_snr_result,3khz_f1_snr_result,4khz_f1_snr_result,5khz_f1_snr_result,2khz_f2_sig,3khz_f2_sig,4khz_f2_sig,5khz_f2_sig,2khz_f2_noise,3khz_f2_noise,4khz_f2_noise,5khz_f2_noise,2khz_f2_snr,3khz_f2_snr,4khz_f2_snr,5khz_f2_snr,2khz_f2_snr_result,3khz_f2_snr_result,4khz_f2_snr_result,5khz_f2_snr_result,sig_2khz,sig_3khz,sig_4khz,sig_5khz,noise_2khz,noise_3khz,noise_4khz,noise_5khz,snr_2khz,snr_3khz,snr_4khz,snr_5khz,2khz_result,3khz_result,4khz_result,5khz_result,test_result,test_complete,ambient_noise_2khz,ambient_noise_3khz,ambient_noise_4khz,ambient_noise_5khz,ambient_noise_result_2khz,ambient_noise_result_3khz,ambient_noise_result_4khz,ambient_noise_result_5khz,ambient_noise_result,tone_length,check_fit_val,check_fit_thresh
500,Name,right,2,,1557,2377,3196,4016,1900,2900,3900,4900,1214,1854,2492,3132,true,true,true,true,164.21510837803677,162.86243941296402,161.4222592833966,159.70023677054286,75.25462432410596,91.30056473614223,67.75489395593665,64.16842391780318,88.96048405393081,71.56187467682179,93.66736532745996,95.53181285273968,true,true,true,true,155.93806462318034,160.27291086639136,154.25488290102896,157.37566240788883,74.3903849121734,84.05237695615156,63.07933775760045,64.14063235641275,81.54767971100694,76.2205339102398,91.17554514342851,93.23503005147607,true,true,true,true,76.63508480186394,100.33862713563913,79.8663333041499,67.18945062161711,69.19783550727901,94.64329835601482,73.49481179003723,63.03073959318554,7.43724929458493,5.695328779624305,6.371521514112672,4.158711028431576,true,false,true,false,Pass,true,74.06252460272117,86.4923459381046,78.50217878474763,79.05927200465088,ok, ok, ok, ok, noise-pass,6,73,130