patient_id,user_id,ear,attempt_id,site,f1_2khz,f1_3khz,f1_4khz,f1_5khz,f2_2khz,f2_3khz,f2_4khz,f2_5khz,oae_2khz,oae_3khz,oae_4khz,oae_5khz,2khz_selected,3khz_selected,4khz_selected,5khz_selected,2khz_f1_sig,3khz_f1_sig,4khz_f1_sig,5khz_f1_sig,2khz_f1_noise,3khz_f1_noise,4khz_f1_noise,5khz_f1_noise,2khz_f1_snr,3khz_f1_snr,4khz_f1_snr,5khz_f1_snr,2khz_f1_snr_result,3khz_f1_snr_result,4khz_f1_snr_result,5khz_f1_snr_result,2khz_f2_sig,3khz_f2_sig,4khz_f2_sig,5khz_f2_sig,2khz_f2_noise,3khz_f2_noise,4khz_f2_noise,5khz_f2_noise,2khz_f2_snr,3khz_f2_snr,4khz_f2_snr,5khz_f2_snr,2khz_f2_snr_result,3khz_f2_snr_result,4khz_f2_snr_result,5khz_f2_snr_result,sig_2khz,sig_3khz,sig_4khz,sig_5khz,noise_2khz,noise_3khz,noise_4khz,noise_5khz,snr_2khz,snr_3khz,snr_4khz,snr_5khz,2khz_result,3khz_result,4khz_result,5khz_result,test_result,test_complete,ambient_noise_2khz,ambient_noise_3khz,ambient_noise_4khz,ambient_noise_5khz,ambient_noise_result_2khz,ambient_noise_result_3khz,ambient_noise_result_4khz,ambient_noise_result_5khz,ambient_noise_result,tone_length,check_fit_val,check_fit_thresh
302,Name,left,1,,1557,2377,3196,4016,1900,2900,3900,4900,1214,1854,2492,3132,true,true,true,true,160.5376633650623,161.99487519166576,160.81398563270233,159.2536865723117,91.06926646068779,80.48904011933367,75.71186086901672,68.97319075728596,69.4683969043745,81.50583507233209,85.10212476368561,90.28049581502573,true,true,true,true,151.2615245204317,159.57986727192224,153.46967431483546,156.0147068570468,85.64899554382144,74.99896319537032,69.38675121325143,66.43794170759307,65.61252897661025,84.58090407655192,84.08292310158403,89.57676514945373,true,true,true,true,101.33893280223803,97.17701948233673,89.72377701894779,78.98054522092188,90.66675566153505,80.74368407124501,79.45649690004353,69.3170372288649,10.672177140702985,16.43333541109172,10.267280118904253,9.663507992056978,true,true,true,true,Pass,true,94.45133155012631,87.37412870731816,90.54563401056448,89.30949812113464,ok, ok, ok, ok, noise-pass,6,98,130