patient_id,user_id,ear,attempt_id,site,f1_2khz,f1_3khz,f1_4khz,f1_5khz,f2_2khz,f2_3khz,f2_4khz,f2_5khz,oae_2khz,oae_3khz,oae_4khz,oae_5khz,2khz_selected,3khz_selected,4khz_selected,5khz_selected,2khz_f1_sig,3khz_f1_sig,4khz_f1_sig,5khz_f1_sig,2khz_f1_noise,3khz_f1_noise,4khz_f1_noise,5khz_f1_noise,2khz_f1_snr,3khz_f1_snr,4khz_f1_snr,5khz_f1_snr,2khz_f1_snr_result,3khz_f1_snr_result,4khz_f1_snr_result,5khz_f1_snr_result,2khz_f2_sig,3khz_f2_sig,4khz_f2_sig,5khz_f2_sig,2khz_f2_noise,3khz_f2_noise,4khz_f2_noise,5khz_f2_noise,2khz_f2_snr,3khz_f2_snr,4khz_f2_snr,5khz_f2_snr,2khz_f2_snr_result,3khz_f2_snr_result,4khz_f2_snr_result,5khz_f2_snr_result,sig_2khz,sig_3khz,sig_4khz,sig_5khz,noise_2khz,noise_3khz,noise_4khz,noise_5khz,snr_2khz,snr_3khz,snr_4khz,snr_5khz,2khz_result,3khz_result,4khz_result,5khz_result,test_result,test_complete,ambient_noise_2khz,ambient_noise_3khz,ambient_noise_4khz,ambient_noise_5khz,ambient_noise_result_2khz,ambient_noise_result_3khz,ambient_noise_result_4khz,ambient_noise_result_5khz,ambient_noise_result,tone_length,check_fit_val,check_fit_thresh
193,Name,right,1,,1557,2377,3196,4016,1900,2900,3900,4900,1214,1854,2492,3132,true,true,true,true,160.87661884742775,160.3720341342931,160.47752896350715,159.3098912187713,83.92892325121784,89.97185169518983,87.73776032520092,93.69395077908707,76.94769559620991,70.40018243910328,72.73976863830623,65.61594043968422,true,true,true,true,149.10032964288206,158.94409427910466,154.02841404656724,153.12950749278585,73.97927074938052,88.5950827155146,81.50995182474249,87.58154354908206,75.12105889350154,70.34901156359007,72.51846222182475,65.54796394370379,true,true,true,true,116.29572345801371,107.0121846133268,104.84487939579877,82.53271301289016,77.01244668924758,73.02974421800381,68.85630824985776,59.778951665407014,39.28327676876613,33.98244039532298,35.98857114594101,22.75376134748314,true,true,true,true,Pass,true,89.62354137972176,90.08583630478681,92.18368973826686,92.30568980850165,ok, ok, ok, ok, noise-pass,6,278,130