patient_id,user_id,ear,attempt_id,site,f1_2khz,f1_3khz,f1_4khz,f1_5khz,f2_2khz,f2_3khz,f2_4khz,f2_5khz,oae_2khz,oae_3khz,oae_4khz,oae_5khz,2khz_selected,3khz_selected,4khz_selected,5khz_selected,2khz_f1_sig,3khz_f1_sig,4khz_f1_sig,5khz_f1_sig,2khz_f1_noise,3khz_f1_noise,4khz_f1_noise,5khz_f1_noise,2khz_f1_snr,3khz_f1_snr,4khz_f1_snr,5khz_f1_snr,2khz_f1_snr_result,3khz_f1_snr_result,4khz_f1_snr_result,5khz_f1_snr_result,2khz_f2_sig,3khz_f2_sig,4khz_f2_sig,5khz_f2_sig,2khz_f2_noise,3khz_f2_noise,4khz_f2_noise,5khz_f2_noise,2khz_f2_snr,3khz_f2_snr,4khz_f2_snr,5khz_f2_snr,2khz_f2_snr_result,3khz_f2_snr_result,4khz_f2_snr_result,5khz_f2_snr_result,sig_2khz,sig_3khz,sig_4khz,sig_5khz,noise_2khz,noise_3khz,noise_4khz,noise_5khz,snr_2khz,snr_3khz,snr_4khz,snr_5khz,2khz_result,3khz_result,4khz_result,5khz_result,test_result,test_complete,ambient_noise_2khz,ambient_noise_3khz,ambient_noise_4khz,ambient_noise_5khz,ambient_noise_result_2khz,ambient_noise_result_3khz,ambient_noise_result_4khz,ambient_noise_result_5khz,ambient_noise_result,tone_length,check_fit_val,check_fit_thresh
11,Name,left,2,Mathare,1557,2377,3196,4016,1900,2900,3900,4900,1214,1854,2492,3132,true,true,true,true,151.3318885295735,162.03573201370037,161.15649125829356,159.73502492813782,94.65333675733288,100.661946933493,89.61219580576362,93.03277944694725,56.67855177224061,61.37378508020737,71.54429545252994,66.70224548119057,false,true,true,true,149.82732733201902,160.77725756168945,154.27704510689514,157.64049473618755,93.75303716205809,99.15739111519395,83.0523880960014,91.34230836792398,56.07429016996093,61.61986644649551,71.22465701089375,66.29818636826357,true,true,true,true,103.71558191694572,88.70054873676892,78.16228430398381,75.22972075183637,101.91156924687384,84.7527402238099,74.06172949216501,66.42683579239832,1.8040126700718844,3.9478085129590283,4.100554811818796,8.802884959438046,false,false,false,true,Refer,true,109.3417018151319,97.62666553086527,96.20253211387401,94.74618759216438,noisy, ok, ok, ok, retry,6,294,130