patient_id,user_id,ear,attempt_id,site,f1_2khz,f1_3khz,f1_4khz,f1_5khz,f2_2khz,f2_3khz,f2_4khz,f2_5khz,oae_2khz,oae_3khz,oae_4khz,oae_5khz,2khz_selected,3khz_selected,4khz_selected,5khz_selected,2khz_f1_sig,3khz_f1_sig,4khz_f1_sig,5khz_f1_sig,2khz_f1_noise,3khz_f1_noise,4khz_f1_noise,5khz_f1_noise,2khz_f1_snr,3khz_f1_snr,4khz_f1_snr,5khz_f1_snr,2khz_f1_snr_result,3khz_f1_snr_result,4khz_f1_snr_result,5khz_f1_snr_result,2khz_f2_sig,3khz_f2_sig,4khz_f2_sig,5khz_f2_sig,2khz_f2_noise,3khz_f2_noise,4khz_f2_noise,5khz_f2_noise,2khz_f2_snr,3khz_f2_snr,4khz_f2_snr,5khz_f2_snr,2khz_f2_snr_result,3khz_f2_snr_result,4khz_f2_snr_result,5khz_f2_snr_result,sig_2khz,sig_3khz,sig_4khz,sig_5khz,noise_2khz,noise_3khz,noise_4khz,noise_5khz,snr_2khz,snr_3khz,snr_4khz,snr_5khz,2khz_result,3khz_result,4khz_result,5khz_result,test_result,test_complete,ambient_noise_2khz,ambient_noise_3khz,ambient_noise_4khz,ambient_noise_5khz,ambient_noise_result_2khz,ambient_noise_result_3khz,ambient_noise_result_4khz,ambient_noise_result_5khz,ambient_noise_result,tone_length,check_fit_val,check_fit_thresh
500,Name,left,2,,1557,2377,3196,4016,1900,2900,3900,4900,1214,1854,2492,3132,true,true,true,true,162.12761565849212,163.8139471005485,161.42874531034127,159.4161820673667,80.25978490257407,75.20808223472538,65.42149425885275,65.70253006414076,81.86783075591805,88.60586486582311,96.00725105148852,93.71365200322593,true,true,true,true,155.64146224178197,160.15870776451897,153.7837220184623,156.53231209771474,83.40783960564724,66.6627579888085,60.94395644779736,64.94793961714774,72.23362263613473,93.49594977571047,92.83976557066494,91.584372480567,true,true,true,true,81.0367071062411,85.17063082545519,82.59112486542884,65.94428515076149,76.31135463766947,75.24006829882568,75.25028789187215,58.1462829303956,4.725352468571629,9.930562526629515,7.340836973556691,7.798002220365888,false,true,true,true,Pass,true,82.07850286617088,75.7077266658086,78.48469062381902,80.21156481226629,ok, ok, ok, ok, noise-pass,6,65,130