patient_id,user_id,ear,attempt_id,site,f1_2khz,f1_3khz,f1_4khz,f1_5khz,f2_2khz,f2_3khz,f2_4khz,f2_5khz,oae_2khz,oae_3khz,oae_4khz,oae_5khz,2khz_selected,3khz_selected,4khz_selected,5khz_selected,2khz_f1_sig,3khz_f1_sig,4khz_f1_sig,5khz_f1_sig,2khz_f1_noise,3khz_f1_noise,4khz_f1_noise,5khz_f1_noise,2khz_f1_snr,3khz_f1_snr,4khz_f1_snr,5khz_f1_snr,2khz_f1_snr_result,3khz_f1_snr_result,4khz_f1_snr_result,5khz_f1_snr_result,2khz_f2_sig,3khz_f2_sig,4khz_f2_sig,5khz_f2_sig,2khz_f2_noise,3khz_f2_noise,4khz_f2_noise,5khz_f2_noise,2khz_f2_snr,3khz_f2_snr,4khz_f2_snr,5khz_f2_snr,2khz_f2_snr_result,3khz_f2_snr_result,4khz_f2_snr_result,5khz_f2_snr_result,sig_2khz,sig_3khz,sig_4khz,sig_5khz,noise_2khz,noise_3khz,noise_4khz,noise_5khz,snr_2khz,snr_3khz,snr_4khz,snr_5khz,2khz_result,3khz_result,4khz_result,5khz_result,test_result,test_complete,ambient_noise_2khz,ambient_noise_3khz,ambient_noise_4khz,ambient_noise_5khz,ambient_noise_result_2khz,ambient_noise_result_3khz,ambient_noise_result_4khz,ambient_noise_result_5khz,ambient_noise_result,tone_length,check_fit_val,check_fit_thresh
182,EWG,left,1,KNH,1557,2377,3196,4016,1900,2900,3900,4900,1214,1854,2492,3132,true,true,true,true,156.156281673976,159.74074685798172,158.30813769400993,155.76654106043375,95.9503450603832,116.92333465743934,115.70818832663261,111.69113671124589,60.2059366135928,42.81741220054238,42.59994936737732,44.07540434918786,true,false,false,false,150.97520738623712,156.8498299721975,151.07179352697966,153.20662785132728,90.62989398687405,114.04616070471133,108.52701139404485,109.13789993030807,60.345313399363064,42.803669267486185,42.54478213293481,44.06872792101922,true,false,false,false,98.27145269768182,100.10949164411706,92.43037080289653,91.61177792004696,82.05145271135108,92.68437895279547,82.14541119370554,81.45041013669456,16.21999998633075,7.425112691321587,10.284959609190992,10.161367783352404,true,true,true,true,Pass,true,96.91340821377072,107.12198419283884,104.90352968046574,100.65894820998516,ok, ok, ok, ok, noise-pass,6,168,130