patient_id,user_id,ear,attempt_id,site,f1_2khz,f1_3khz,f1_4khz,f1_5khz,f2_2khz,f2_3khz,f2_4khz,f2_5khz,oae_2khz,oae_3khz,oae_4khz,oae_5khz,2khz_selected,3khz_selected,4khz_selected,5khz_selected,2khz_f1_sig,3khz_f1_sig,4khz_f1_sig,5khz_f1_sig,2khz_f1_noise,3khz_f1_noise,4khz_f1_noise,5khz_f1_noise,2khz_f1_snr,3khz_f1_snr,4khz_f1_snr,5khz_f1_snr,2khz_f1_snr_result,3khz_f1_snr_result,4khz_f1_snr_result,5khz_f1_snr_result,2khz_f2_sig,3khz_f2_sig,4khz_f2_sig,5khz_f2_sig,2khz_f2_noise,3khz_f2_noise,4khz_f2_noise,5khz_f2_noise,2khz_f2_snr,3khz_f2_snr,4khz_f2_snr,5khz_f2_snr,2khz_f2_snr_result,3khz_f2_snr_result,4khz_f2_snr_result,5khz_f2_snr_result,sig_2khz,sig_3khz,sig_4khz,sig_5khz,noise_2khz,noise_3khz,noise_4khz,noise_5khz,snr_2khz,snr_3khz,snr_4khz,snr_5khz,2khz_result,3khz_result,4khz_result,5khz_result,test_result,test_complete,ambient_noise_2khz,ambient_noise_3khz,ambient_noise_4khz,ambient_noise_5khz,ambient_noise_result_2khz,ambient_noise_result_3khz,ambient_noise_result_4khz,ambient_noise_result_5khz,ambient_noise_result,tone_length,check_fit_val,check_fit_thresh
192,Name,right,1,,1557,2377,3196,4016,1900,2900,3900,4900,1214,1854,2492,3132,true,true,true,true,156.06130272009162,162.82329905837673,161.1887769190577,159.4225086343478,98.62984627295178,89.54919947929125,74.36517747616931,77.14449022329842,57.43145644713984,73.27409957908549,86.82359944288838,82.27801841104937,false,true,true,true,150.4743942973457,160.49747644012385,153.53131887870938,156.411397230873,93.19677740606885,86.06948855160626,68.23735051284709,75.31123025304612,57.27761689127685,74.42798788851759,85.2939683658623,81.10016697782689,true,true,true,true,103.90257432013165,103.29681227099734,92.74456463672017,74.09642234720776,91.39692943825095,75.01053490419162,68.2188377938937,58.964008965234456,12.505644881880698,28.28627736680572,24.525726842826472,15.132413381973308,true,true,true,true,Pass,true,100.43401309445106,95.18161730224908,91.70046761408207,89.72225667309065,ok, ok, ok, ok, noise-pass,6,247,130