patient_id,user_id,ear,attempt_id,site,f1_2khz,f1_3khz,f1_4khz,f1_5khz,f2_2khz,f2_3khz,f2_4khz,f2_5khz,oae_2khz,oae_3khz,oae_4khz,oae_5khz,2khz_selected,3khz_selected,4khz_selected,5khz_selected,2khz_f1_sig,3khz_f1_sig,4khz_f1_sig,5khz_f1_sig,2khz_f1_noise,3khz_f1_noise,4khz_f1_noise,5khz_f1_noise,2khz_f1_snr,3khz_f1_snr,4khz_f1_snr,5khz_f1_snr,2khz_f1_snr_result,3khz_f1_snr_result,4khz_f1_snr_result,5khz_f1_snr_result,2khz_f2_sig,3khz_f2_sig,4khz_f2_sig,5khz_f2_sig,2khz_f2_noise,3khz_f2_noise,4khz_f2_noise,5khz_f2_noise,2khz_f2_snr,3khz_f2_snr,4khz_f2_snr,5khz_f2_snr,2khz_f2_snr_result,3khz_f2_snr_result,4khz_f2_snr_result,5khz_f2_snr_result,sig_2khz,sig_3khz,sig_4khz,sig_5khz,noise_2khz,noise_3khz,noise_4khz,noise_5khz,snr_2khz,snr_3khz,snr_4khz,snr_5khz,2khz_result,3khz_result,4khz_result,5khz_result,test_result,test_complete,ambient_noise_2khz,ambient_noise_3khz,ambient_noise_4khz,ambient_noise_5khz,ambient_noise_result_2khz,ambient_noise_result_3khz,ambient_noise_result_4khz,ambient_noise_result_5khz,ambient_noise_result,tone_length,check_fit_val,check_fit_thresh
194,Name,left,1,,1557,2377,3196,4016,1900,2900,3900,4900,1214,1854,2492,3132,true,true,true,true,162.35537679907895,160.3497053051653,161.09542716195534,159.6037990871883,94.36275995837431,82.6851489067166,87.19991184397132,85.0758056913928,67.99261684070464,77.66455639844868,73.89551531798402,74.52799339579549,true,true,true,true,152.3365782000144,160.56624929563367,153.98193167197107,156.25475119393084,83.63031419183795,84.12035849036471,80.39931537781486,81.95734571003061,68.70626400817645,76.44589080526896,73.58261629415621,74.29740548390023,true,true,true,true,71.33878419977324,76.67133533147377,65.66965025910449,63.014764644263714,71.23162451651153,69.94183597885258,57.61648434978561,56.88389953835795,0.10715968326171321,6.72949935262119,8.053165909318878,6.130865105905762,false,true,true,true,Pass,true,83.4579430207046,80.92341149412944,80.06107568843326,82.27444546156788,ok, ok, ok, ok, noise-pass,6,141,130