patient_id,user_id,ear,attempt_id,site,f1_2khz,f1_3khz,f1_4khz,f1_5khz,f2_2khz,f2_3khz,f2_4khz,f2_5khz,oae_2khz,oae_3khz,oae_4khz,oae_5khz,2khz_selected,3khz_selected,4khz_selected,5khz_selected,2khz_f1_sig,3khz_f1_sig,4khz_f1_sig,5khz_f1_sig,2khz_f1_noise,3khz_f1_noise,4khz_f1_noise,5khz_f1_noise,2khz_f1_snr,3khz_f1_snr,4khz_f1_snr,5khz_f1_snr,2khz_f1_snr_result,3khz_f1_snr_result,4khz_f1_snr_result,5khz_f1_snr_result,2khz_f2_sig,3khz_f2_sig,4khz_f2_sig,5khz_f2_sig,2khz_f2_noise,3khz_f2_noise,4khz_f2_noise,5khz_f2_noise,2khz_f2_snr,3khz_f2_snr,4khz_f2_snr,5khz_f2_snr,2khz_f2_snr_result,3khz_f2_snr_result,4khz_f2_snr_result,5khz_f2_snr_result,sig_2khz,sig_3khz,sig_4khz,sig_5khz,noise_2khz,noise_3khz,noise_4khz,noise_5khz,snr_2khz,snr_3khz,snr_4khz,snr_5khz,2khz_result,3khz_result,4khz_result,5khz_result,test_result,test_complete,ambient_noise_2khz,ambient_noise_3khz,ambient_noise_4khz,ambient_noise_5khz,ambient_noise_result_2khz,ambient_noise_result_3khz,ambient_noise_result_4khz,ambient_noise_result_5khz,ambient_noise_result,tone_length,check_fit_val,check_fit_thresh
11,Name,left,1,Mathare,1557,2377,3196,4016,1900,2900,3900,4900,1214,1854,2492,3132,true,true,true,true,141.7529375995254,159.76600896270807,159.16711352507687,156.75502697139765,95.91770718443331,104.4157964113799,106.47226678450664,102.01404290534416,45.8352304150921,55.35021255132817,52.69484674057023,54.7409840660535,false,false,false,false,140.5523141444605,158.1729175591525,152.19097939449063,154.7389258968984,94.73422757367287,102.60713890786407,100.00244584150204,100.04530614875328,45.81808657078763,55.565778651288426,52.18853355298859,54.69361974814511,false,true,true,true,94.56212842561023,90.11826392746967,91.05205813697643,73.95157316636939,87.94563512064762,88.04368604199962,87.65616913835002,70.60835665145501,6.616493304962603,2.074577885470049,3.395888998626404,3.343216514914374,true,false,false,false,Refer,true,102.49183016493298,103.19691993310697,104.84216216125645,97.66546294410284,ok, ok, ok, ok, noise-pass,6,235,130