patient_id,user_id,ear,attempt_id,site,f1_2khz,f1_3khz,f1_4khz,f1_5khz,f2_2khz,f2_3khz,f2_4khz,f2_5khz,oae_2khz,oae_3khz,oae_4khz,oae_5khz,2khz_selected,3khz_selected,4khz_selected,5khz_selected,2khz_f1_sig,3khz_f1_sig,4khz_f1_sig,5khz_f1_sig,2khz_f1_noise,3khz_f1_noise,4khz_f1_noise,5khz_f1_noise,2khz_f1_snr,3khz_f1_snr,4khz_f1_snr,5khz_f1_snr,2khz_f1_snr_result,3khz_f1_snr_result,4khz_f1_snr_result,5khz_f1_snr_result,2khz_f2_sig,3khz_f2_sig,4khz_f2_sig,5khz_f2_sig,2khz_f2_noise,3khz_f2_noise,4khz_f2_noise,5khz_f2_noise,2khz_f2_snr,3khz_f2_snr,4khz_f2_snr,5khz_f2_snr,2khz_f2_snr_result,3khz_f2_snr_result,4khz_f2_snr_result,5khz_f2_snr_result,sig_2khz,sig_3khz,sig_4khz,sig_5khz,noise_2khz,noise_3khz,noise_4khz,noise_5khz,snr_2khz,snr_3khz,snr_4khz,snr_5khz,2khz_result,3khz_result,4khz_result,5khz_result,test_result,test_complete,ambient_noise_2khz,ambient_noise_3khz,ambient_noise_4khz,ambient_noise_5khz,ambient_noise_result_2khz,ambient_noise_result_3khz,ambient_noise_result_4khz,ambient_noise_result_5khz,ambient_noise_result,tone_length,check_fit_val,check_fit_thresh
162,Name,left,1,Dandora,1557,2377,3196,4016,1900,2900,3900,4900,1214,1854,2492,3132,true,true,true,true,155.2263698551417,164.24933959884777,161.8945354094009,160.05140992868178,109.518356007722,85.54103038946394,83.76053325832791,76.23791132633056,45.70801384741971,78.70830920938383,78.13400215107299,83.81349860235122,false,true,true,true,149.72913337670653,160.5908711528624,154.36624211090435,156.9083614361023,104.11801546145429,81.26194284361254,76.74903990360617,73.16508670752809,45.61111791525224,79.32892830924986,77.61720220729818,83.7432747285742,false,true,true,true,89.46404576838069,84.44815856926552,80.83564441090127,71.50375610593034,86.58211265379151,78.7011909903768,78.03216401736995,64.44919144287793,2.881933114589174,5.7469675788887145,2.8034803935313164,7.054564663052403,false,false,false,true,Refer,true,103.08631331960416,87.50758790643205,86.53985408639183,86.59753256750867,ok, ok, ok, ok, noise-pass,6,143,130