patient_id,user_id,ear,attempt_id,site,f1_2khz,f1_3khz,f1_4khz,f1_5khz,f2_2khz,f2_3khz,f2_4khz,f2_5khz,oae_2khz,oae_3khz,oae_4khz,oae_5khz,2khz_selected,3khz_selected,4khz_selected,5khz_selected,2khz_f1_sig,3khz_f1_sig,4khz_f1_sig,5khz_f1_sig,2khz_f1_noise,3khz_f1_noise,4khz_f1_noise,5khz_f1_noise,2khz_f1_snr,3khz_f1_snr,4khz_f1_snr,5khz_f1_snr,2khz_f1_snr_result,3khz_f1_snr_result,4khz_f1_snr_result,5khz_f1_snr_result,2khz_f2_sig,3khz_f2_sig,4khz_f2_sig,5khz_f2_sig,2khz_f2_noise,3khz_f2_noise,4khz_f2_noise,5khz_f2_noise,2khz_f2_snr,3khz_f2_snr,4khz_f2_snr,5khz_f2_snr,2khz_f2_snr_result,3khz_f2_snr_result,4khz_f2_snr_result,5khz_f2_snr_result,sig_2khz,sig_3khz,sig_4khz,sig_5khz,noise_2khz,noise_3khz,noise_4khz,noise_5khz,snr_2khz,snr_3khz,snr_4khz,snr_5khz,2khz_result,3khz_result,4khz_result,5khz_result,test_result,test_complete,ambient_noise_2khz,ambient_noise_3khz,ambient_noise_4khz,ambient_noise_5khz,ambient_noise_result_2khz,ambient_noise_result_3khz,ambient_noise_result_4khz,ambient_noise_result_5khz,ambient_noise_result,tone_length,check_fit_val,check_fit_thresh
175,Name,right,1,,1557,2377,3196,4016,1900,2900,3900,4900,1214,1854,2492,3132,true,true,true,true,162.373319794804,164.5110170395515,161.79777521555235,159.8203855759767,78.50038476117633,77.50458894516714,69.65787452572317,64.00688568669784,83.87293503362766,87.00642809438435,92.13990068982918,95.81349988927886,true,true,true,true,156.00455992624177,160.61566448930805,154.02179810600725,156.39311593184252,82.07662193923512,74.27435455219693,65.9825224890474,61.63789338268242,73.92793798700664,86.34130993711112,88.03927561695986,94.7552225491601,true,true,true,true,87.29143459399394,83.43692563122755,80.05194106073805,70.76514290642804,76.68281168914253,78.80227024985578,77.53124651972725,67.16697981561182,10.608622904851416,4.634655381371772,2.5206945410107977,3.5981630908162145,true,false,false,false,Refer,true,80.67416330543843,77.0469082709251,79.33560182857605,78.88905271609795,ok, ok, ok, ok, noise-pass,6,69,130