patient_id,user_id,ear,attempt_id,site,f1_2khz,f1_3khz,f1_4khz,f1_5khz,f2_2khz,f2_3khz,f2_4khz,f2_5khz,oae_2khz,oae_3khz,oae_4khz,oae_5khz,2khz_selected,3khz_selected,4khz_selected,5khz_selected,2khz_f1_sig,3khz_f1_sig,4khz_f1_sig,5khz_f1_sig,2khz_f1_noise,3khz_f1_noise,4khz_f1_noise,5khz_f1_noise,2khz_f1_snr,3khz_f1_snr,4khz_f1_snr,5khz_f1_snr,2khz_f1_snr_result,3khz_f1_snr_result,4khz_f1_snr_result,5khz_f1_snr_result,2khz_f2_sig,3khz_f2_sig,4khz_f2_sig,5khz_f2_sig,2khz_f2_noise,3khz_f2_noise,4khz_f2_noise,5khz_f2_noise,2khz_f2_snr,3khz_f2_snr,4khz_f2_snr,5khz_f2_snr,2khz_f2_snr_result,3khz_f2_snr_result,4khz_f2_snr_result,5khz_f2_snr_result,sig_2khz,sig_3khz,sig_4khz,sig_5khz,noise_2khz,noise_3khz,noise_4khz,noise_5khz,snr_2khz,snr_3khz,snr_4khz,snr_5khz,2khz_result,3khz_result,4khz_result,5khz_result,test_result,test_complete,ambient_noise_2khz,ambient_noise_3khz,ambient_noise_4khz,ambient_noise_5khz,ambient_noise_result_2khz,ambient_noise_result_3khz,ambient_noise_result_4khz,ambient_noise_result_5khz,ambient_noise_result,tone_length,check_fit_val,check_fit_thresh
504,Name,left,1,,1557,2377,3196,4016,1900,2900,3900,4900,1214,1854,2492,3132,true,true,true,true,154.8601804416269,163.06020391791992,159.5311576910399,155.30048700578814,95.91182546504761,98.69319502805196,99.45883084336734,94.75989011067665,58.948354976579296,64.36700888986796,60.07232684767257,60.54059689511149,false,true,true,true,154.01209372292897,159.36384635227412,152.89187770443166,153.26699037131945,97.02384958950952,95.0979413782081,92.77882755156746,93.01103233590793,56.98824413341944,64.26590497406602,60.113050152864204,60.255958035411524,true,true,true,true,85.84256177287635,95.60506551821203,74.96504989892598,65.06293376522297,83.61292988306897,90.07832475416579,70.95580770325617,59.72177468279443,2.2296318898073793,5.526740764046238,4.009242195669813,5.341159082428533,false,false,false,false,Refer,true,97.08078682176188,105.55181366759575,91.84543089182878,107.20078214876865,ok, ok, ok, ok, noise-pass,6,319,130