patient_id,user_id,ear,attempt_id,site,f1_2khz,f1_3khz,f1_4khz,f1_5khz,f2_2khz,f2_3khz,f2_4khz,f2_5khz,oae_2khz,oae_3khz,oae_4khz,oae_5khz,2khz_selected,3khz_selected,4khz_selected,5khz_selected,2khz_f1_sig,3khz_f1_sig,4khz_f1_sig,5khz_f1_sig,2khz_f1_noise,3khz_f1_noise,4khz_f1_noise,5khz_f1_noise,2khz_f1_snr,3khz_f1_snr,4khz_f1_snr,5khz_f1_snr,2khz_f1_snr_result,3khz_f1_snr_result,4khz_f1_snr_result,5khz_f1_snr_result,2khz_f2_sig,3khz_f2_sig,4khz_f2_sig,5khz_f2_sig,2khz_f2_noise,3khz_f2_noise,4khz_f2_noise,5khz_f2_noise,2khz_f2_snr,3khz_f2_snr,4khz_f2_snr,5khz_f2_snr,2khz_f2_snr_result,3khz_f2_snr_result,4khz_f2_snr_result,5khz_f2_snr_result,sig_2khz,sig_3khz,sig_4khz,sig_5khz,noise_2khz,noise_3khz,noise_4khz,noise_5khz,snr_2khz,snr_3khz,snr_4khz,snr_5khz,2khz_result,3khz_result,4khz_result,5khz_result,test_result,test_complete,ambient_noise_2khz,ambient_noise_3khz,ambient_noise_4khz,ambient_noise_5khz,ambient_noise_result_2khz,ambient_noise_result_3khz,ambient_noise_result_4khz,ambient_noise_result_5khz,ambient_noise_result,tone_length,check_fit_val,check_fit_thresh
174,Name,left,1,,1557,2377,3196,4016,1900,2900,3900,4900,1214,1854,2492,3132,true,true,true,true,162.2132012215476,164.33348263541419,161.56956801500897,159.7797430439584,112.73812342922378,112.60513760606014,89.37391706431234,73.42746433689992,49.475077792323816,51.728345029354045,72.19565095069663,86.35227870705849,false,false,true,true,155.96949126244877,160.60625903885136,153.9824950743589,156.52465008910843,119.9129713418971,102.26479182409109,87.01479485673518,71.2684513988367,36.056519920551665,58.34146721476027,66.96770021762372,85.25619869027173,false,true,true,true,109.15778267597501,113.83038735961341,103.9545364582979,87.03488397981454,103.580209144196,110.93416283016165,98.369847351722,81.12177832781398,5.577573531779009,2.8962245294517572,5.584689106575894,5.913105652000553,false,false,false,false,Pass,true,104.64517070952347,97.4886544694723,94.5119289717901,90.15711360612079,ok, noisy, ok, ok, retry,6,67,130