patient_id,user_id,ear,attempt_id,site,f1_2khz,f1_3khz,f1_4khz,f1_5khz,f2_2khz,f2_3khz,f2_4khz,f2_5khz,oae_2khz,oae_3khz,oae_4khz,oae_5khz,2khz_selected,3khz_selected,4khz_selected,5khz_selected,2khz_f1_sig,3khz_f1_sig,4khz_f1_sig,5khz_f1_sig,2khz_f1_noise,3khz_f1_noise,4khz_f1_noise,5khz_f1_noise,2khz_f1_snr,3khz_f1_snr,4khz_f1_snr,5khz_f1_snr,2khz_f1_snr_result,3khz_f1_snr_result,4khz_f1_snr_result,5khz_f1_snr_result,2khz_f2_sig,3khz_f2_sig,4khz_f2_sig,5khz_f2_sig,2khz_f2_noise,3khz_f2_noise,4khz_f2_noise,5khz_f2_noise,2khz_f2_snr,3khz_f2_snr,4khz_f2_snr,5khz_f2_snr,2khz_f2_snr_result,3khz_f2_snr_result,4khz_f2_snr_result,5khz_f2_snr_result,sig_2khz,sig_3khz,sig_4khz,sig_5khz,noise_2khz,noise_3khz,noise_4khz,noise_5khz,snr_2khz,snr_3khz,snr_4khz,snr_5khz,2khz_result,3khz_result,4khz_result,5khz_result,test_result,test_complete,ambient_noise_2khz,ambient_noise_3khz,ambient_noise_4khz,ambient_noise_5khz,ambient_noise_result_2khz,ambient_noise_result_3khz,ambient_noise_result_4khz,ambient_noise_result_5khz,ambient_noise_result,tone_length,check_fit_val,check_fit_thresh
354,Name,left,1,KNH,1557,2377,3196,4016,1900,2900,3900,4900,1214,1854,2492,3132,true,true,true,true,162.73791021976604,154.32089164913526,148.89649283225006,157.18281629763362,95.6319663770758,99.66495044441413,112.12236727858655,99.90266649295476,67.10594384269024,54.65594120472113,36.77412555366351,57.28014980467886,true,false,false,false,150.63648858376465,155.11507087379238,141.60807882600724,154.15824834319037,83.69938718771344,100.2973837593417,104.73318656461157,96.82782588547745,66.9371013960512,54.81768711445068,36.87489226139567,57.33042245771291,true,true,false,true,94.76156186754062,85.09509969254312,90.44464163263955,88.36852082524139,86.0426618177123,77.69921986754242,86.77709257335785,69.1452165096907,8.71890004982832,7.395879825000691,3.667549059281697,19.223304315550692,true,true,false,true,Pass,true,95.05846943930368,100.0514959900283,106.2636410625253,83.9595209194182,ok, ok, ok, ok, noise-pass,6,117,130