patient_id,user_id,ear,attempt_id,site,f1_2khz,f1_3khz,f1_4khz,f1_5khz,f2_2khz,f2_3khz,f2_4khz,f2_5khz,oae_2khz,oae_3khz,oae_4khz,oae_5khz,2khz_selected,3khz_selected,4khz_selected,5khz_selected,2khz_f1_sig,3khz_f1_sig,4khz_f1_sig,5khz_f1_sig,2khz_f1_noise,3khz_f1_noise,4khz_f1_noise,5khz_f1_noise,2khz_f1_snr,3khz_f1_snr,4khz_f1_snr,5khz_f1_snr,2khz_f1_snr_result,3khz_f1_snr_result,4khz_f1_snr_result,5khz_f1_snr_result,2khz_f2_sig,3khz_f2_sig,4khz_f2_sig,5khz_f2_sig,2khz_f2_noise,3khz_f2_noise,4khz_f2_noise,5khz_f2_noise,2khz_f2_snr,3khz_f2_snr,4khz_f2_snr,5khz_f2_snr,2khz_f2_snr_result,3khz_f2_snr_result,4khz_f2_snr_result,5khz_f2_snr_result,sig_2khz,sig_3khz,sig_4khz,sig_5khz,noise_2khz,noise_3khz,noise_4khz,noise_5khz,snr_2khz,snr_3khz,snr_4khz,snr_5khz,2khz_result,3khz_result,4khz_result,5khz_result,test_result,test_complete,ambient_noise_2khz,ambient_noise_3khz,ambient_noise_4khz,ambient_noise_5khz,ambient_noise_result_2khz,ambient_noise_result_3khz,ambient_noise_result_4khz,ambient_noise_result_5khz,ambient_noise_result,tone_length,check_fit_val,check_fit_thresh
184,EWG,left,1,KNH,1557,2377,3196,4016,1900,2900,3900,4900,1214,1854,2492,3132,true,true,true,true,153.65095156190583,160.8678213956831,157.23742534460223,158.34928911159943,96.10132486543604,98.5977442934913,115.05791843148357,111.2523823692682,57.54962669646979,62.270077102191806,42.17950691311866,47.09690674233123,false,true,false,false,147.68706962630745,158.98737616262906,150.02470383768934,154.20962227247867,90.21257376564998,96.7837077585634,107.8338295175932,107.11565878748809,57.47449586065747,62.20366840406567,42.19087432009614,47.09396348499058,true,true,false,false,94.86583348112246,97.74966061420714,93.49688021969439,89.63756705777867,65.52147473301491,79.22389037487933,85.6403887298649,81.05513765548588,29.344358748107553,18.525770239327812,7.856491489829494,8.582429402292789,true,true,true,true,Pass,true,81.27231532806292,87.8669735067681,98.62643124989796,93.39132263365374,ok, ok, ok, ok, noise-pass,6,272,130