patient_id,user_id,ear,attempt_id,site,f1_2khz,f1_3khz,f1_4khz,f1_5khz,f2_2khz,f2_3khz,f2_4khz,f2_5khz,oae_2khz,oae_3khz,oae_4khz,oae_5khz,2khz_selected,3khz_selected,4khz_selected,5khz_selected,2khz_f1_sig,3khz_f1_sig,4khz_f1_sig,5khz_f1_sig,2khz_f1_noise,3khz_f1_noise,4khz_f1_noise,5khz_f1_noise,2khz_f1_snr,3khz_f1_snr,4khz_f1_snr,5khz_f1_snr,2khz_f1_snr_result,3khz_f1_snr_result,4khz_f1_snr_result,5khz_f1_snr_result,2khz_f2_sig,3khz_f2_sig,4khz_f2_sig,5khz_f2_sig,2khz_f2_noise,3khz_f2_noise,4khz_f2_noise,5khz_f2_noise,2khz_f2_snr,3khz_f2_snr,4khz_f2_snr,5khz_f2_snr,2khz_f2_snr_result,3khz_f2_snr_result,4khz_f2_snr_result,5khz_f2_snr_result,sig_2khz,sig_3khz,sig_4khz,sig_5khz,noise_2khz,noise_3khz,noise_4khz,noise_5khz,snr_2khz,snr_3khz,snr_4khz,snr_5khz,2khz_result,3khz_result,4khz_result,5khz_result,test_result,test_complete,ambient_noise_2khz,ambient_noise_3khz,ambient_noise_4khz,ambient_noise_5khz,ambient_noise_result_2khz,ambient_noise_result_3khz,ambient_noise_result_4khz,ambient_noise_result_5khz,ambient_noise_result,tone_length,check_fit_val,check_fit_thresh
501,Name,left,2,,1557,2377,3196,4016,1900,2900,3900,4900,1214,1854,2492,3132,true,true,true,true,164.21916500522102,162.8989520870667,161.41222206197648,159.70768361457627,78.27293441922872,72.08806650873574,69.08768167945487,64.08745016568344,85.9462305859923,90.81088557833097,92.3245403825216,95.62023344889283,true,true,true,true,155.94193191545787,160.27463763458576,154.24670764047957,157.3444317200598,78.9676586716323,64.91283940082023,63.451413450174925,62.69806494294865,76.97427324382558,95.36179823376553,90.79529419030465,94.64636677711114,true,true,true,true,76.72071584914673,81.60181248770157,75.29668906776556,63.048205623358854,72.43301425056649,73.19072290464668,70.76495882766368,55.2210367026053,4.287701598580242,8.411089583054888,4.531730240101879,7.82716892075355,false,true,false,true,Refer,true,73.11659950352956,71.23364708102032,76.95890559095326,76.37137811693506,ok, ok, ok, ok, noise-pass,6,73,130