patient_id,user_id,ear,attempt_id,site,f1_2khz,f1_3khz,f1_4khz,f1_5khz,f2_2khz,f2_3khz,f2_4khz,f2_5khz,oae_2khz,oae_3khz,oae_4khz,oae_5khz,2khz_selected,3khz_selected,4khz_selected,5khz_selected,2khz_f1_sig,3khz_f1_sig,4khz_f1_sig,5khz_f1_sig,2khz_f1_noise,3khz_f1_noise,4khz_f1_noise,5khz_f1_noise,2khz_f1_snr,3khz_f1_snr,4khz_f1_snr,5khz_f1_snr,2khz_f1_snr_result,3khz_f1_snr_result,4khz_f1_snr_result,5khz_f1_snr_result,2khz_f2_sig,3khz_f2_sig,4khz_f2_sig,5khz_f2_sig,2khz_f2_noise,3khz_f2_noise,4khz_f2_noise,5khz_f2_noise,2khz_f2_snr,3khz_f2_snr,4khz_f2_snr,5khz_f2_snr,2khz_f2_snr_result,3khz_f2_snr_result,4khz_f2_snr_result,5khz_f2_snr_result,sig_2khz,sig_3khz,sig_4khz,sig_5khz,noise_2khz,noise_3khz,noise_4khz,noise_5khz,snr_2khz,snr_3khz,snr_4khz,snr_5khz,2khz_result,3khz_result,4khz_result,5khz_result,test_result,test_complete,ambient_noise_2khz,ambient_noise_3khz,ambient_noise_4khz,ambient_noise_5khz,ambient_noise_result_2khz,ambient_noise_result_3khz,ambient_noise_result_4khz,ambient_noise_result_5khz,ambient_noise_result,tone_length,check_fit_val,check_fit_thresh
201,Name,right,1,,1557,2377,3196,4016,1900,2900,3900,4900,1214,1854,2492,3132,true,true,true,true,162.14870109191668,162.67123342777393,160.35859335642192,159.64562113845446,84.00972146778896,82.70109841433265,81.40903208606346,80.79152204292473,78.13897962412771,79.97013501344128,78.94956127035846,78.85409909552973,true,true,true,true,156.32696577501093,160.66797267189398,152.5956209292136,153.90585531912623,79.54581143098305,80.73640851786847,74.01305052569165,75.47130094135045,76.78115434402788,79.93156415402551,78.58257040352194,78.43455437777578,true,true,true,true,79.20587272605165,75.74781647599238,65.15986058332028,58.7913562762811,73.84687608050524,60.5790752195411,56.80176421223317,50.789112985712336,5.358996645546412,15.168741256451277,8.358096371087115,8.002243290568764,false,true,true,true,Pass,true,86.45184050110937,71.84689449327163,76.06650944630458,74.8050107689483,ok, ok, ok, ok, noise-pass,6,210,130